constituency_id,name,state,mp_id
C_KARNAT_DHARWAD,DHARWAD,Karnataka,MP_5085EBC5
C_BIHAR_ARARIA,ARARIA,Bihar,MP_8F964237
C_WEST_B_BALURGHAT,BALURGHAT,West Bengal,MP_BE1CDDC0
C_GUJARA_DAHOD_ST,DAHOD(ST),Gujarat,MP_EB9D730D
C_PUNJAB_FARIDKOT_SC,FARIDKOT(SC),Punjab,MP_B57E7F78
C_MADHYA_KHARGONE_ST,KHARGONE(ST),Madhya Pradesh,MP_5282EA55
C_BIHAR_JHANJHARPUR,JHANJHARPUR,Bihar,MP_6C772417
C_BIHAR_BUXAR,BUXAR,Bihar,MP_D1304417
C_KERALA_PATHANAMTHITTA,PATHANAMTHITTA,Kerala,MP_53C4509D
C_KERALA_KOLLAM,KOLLAM,Kerala,MP_33778146
C_TAMIL__TENKASI_SC,TENKASI(SC),Tamil Nadu,MP_3F9986D3
C_HARYAN_SONEPAT,SONEPAT,Haryana,MP_3454A7C9
C_WEST_B_JOYNAGAR_SC,JOYNAGAR(SC),West Bengal,MP_190EE249
C_RAJAST_PALI,PALI,Rajasthan,MP_9E360849
C_HARYAN_ROHTAK,ROHTAK,Haryana,MP_3EFA9E8E
C_WEST_B_BOLPUR_SC,BOLPUR(SC),West Bengal,MP_755CF71F
C_RAJAST_ALWAR,ALWAR,Rajasthan,MP_4700464C
C_CHHATT_JANJGIR_CHAMPA_S,JANJGIR CHAMPA(SC),Chhattisgarh,MP_42010F5A
C_TAMIL__TIRUVANNAMALAI,TIRUVANNAMALAI,Tamil Nadu,MP_B2CDA71B
C_BIHAR_PURVI_CHAMPARAN,PURVI CHAMPARAN,Bihar,MP_65524A06
C_ANDHRA_CHITTOOR,CHITTOOR,Andhra Pradesh,MP_7F02B2C7
C_MAHARA_PARBHANI,PARBHANI,Maharashtra,MP_37D532B8
C_UTTAR__SHAHJAHANPUR_SC,SHAHJAHANPUR(SC),Uttar Pradesh,MP_12FD4168
C_WEST_B_COOCHBEHAR_SC,COOCHBEHAR(SC),West Bengal,MP_3563E0FD
C_PUNJAB_FIROZPUR,FIROZPUR,Punjab,MP_CD61EE93
C_WEST_B_BASIRHAT,BASIRHAT,West Bengal,MP_D56C9130
C_UTTAR__KUSHI_NAGAR,KUSHI NAGAR,Uttar Pradesh,MP_BA16334B
C_HARYAN_GURGAON,GURGAON,Haryana,MP_5645BA0B
C_CHHATT_RAIPUR,RAIPUR,Chhattisgarh,MP_511040D1
C_WEST_B_DARJEELING,DARJEELING,West Bengal,MP_6F96960D
C_TAMIL__VIRUDHUNAGAR,VIRUDHUNAGAR,Tamil Nadu,MP_2E392777
C_ODISHA_KALAHANDI,KALAHANDI,Odisha,MP_809C5C51
C_ANDHRA_KADAPA,KADAPA,Andhra Pradesh,MP_0F950266
C_KERALA_ERNAKULAM,ERNAKULAM,Kerala,MP_247B86D1
C_UTTAR__GAUTAM_BUDDHA_NA,GAUTAM BUDDHA NAGAR,Uttar Pradesh,MP_8BEED24A
C_UTTAR__AMBEDKAR_NAGAR,AMBEDKAR NAGAR,Uttar Pradesh,MP_EA73066C
C_MADHYA_KHANDWA,KHANDWA,Madhya Pradesh,MP_55FE6DEC
C_TAMIL__KANNIYAKUMARI,KANNIYAKUMARI,Tamil Nadu,MP_BA8F1575
C_WEST_B_JHARGRAM_ST,JHARGRAM(ST),West Bengal,MP_F8FF04EC
C_UTTAR__FIROZABAD,FIROZABAD,Uttar Pradesh,MP_F5CE1973
C_RAJAST_BHARATPUR_SC,BHARATPUR(SC),Rajasthan,MP_E56AA98B
C_MAHARA_NANDURBAR_ST,NANDURBAR(ST),Maharashtra,MP_C9028D8C
C_ANDHRA_TIRUPATI_SC,TIRUPATI(SC),Andhra Pradesh,MP_28F8033F
C_MAHARA_AMRAVATI_SC,AMRAVATI(SC),Maharashtra,MP_06FC8F16
C_CHHATT_DURG,DURG,Chhattisgarh,MP_C0E14B6D
C_JHARKH_GIRIDIH,GIRIDIH,Jharkhand,MP_F590513A
C_GUJARA_KACHCHH_SC,KACHCHH(SC),Gujarat,MP_29B310F5
C_PUNJAB_ANANDPUR_SAHIB,ANANDPUR SAHIB,Punjab,MP_90B5DD65
C_SIKKIM_SIKKIM,SIKKIM,Sikkim,MP_D6699157
C_KERALA_MAVELIKKARA_SC,MAVELIKKARA(SC),Kerala,MP_8721F08B
C_KARNAT_BANGALORE_SOUTH,BANGALORE SOUTH,Karnataka,MP_5FD947F9
C_WEST_B_HOOGHLY,HOOGHLY,West Bengal,MP_9E0D6231
C_MAHARA_NAGPUR,NAGPUR,Maharashtra,MP_E6DBE24C
C_UTTAR__HARDOI__SC,HARDOI (SC),Uttar Pradesh,MP_D1E6A2A0
C_WEST_B_MATHURAPUR_SC,MATHURAPUR(SC),West Bengal,MP_C4DD2994
C_ASSAM_GUWAHATI,GUWAHATI,Assam,MP_D42A64C4
C_JHARKH_KHUNTI_ST,KHUNTI(ST),Jharkhand,MP_3BB40A5C
C_BIHAR_SIWAN,SIWAN,Bihar,MP_EB159F15
C_UTTAR__AGRA_SC,AGRA(SC),Uttar Pradesh,MP_9B6B9484
C_ANDHRA_ELURU,ELURU,Andhra Pradesh,MP_F02FFF3F
C_GUJARA_BARDOLI_ST,BARDOLI(ST),Gujarat,MP_3D9206C4
C_UTTAR__DEORIA,DEORIA,Uttar Pradesh,MP_3489B587
C_WEST_B_KRISHNANAGAR,KRISHNANAGAR,West Bengal,MP_A39B950E
C_TAMIL__ARANI,ARANI,Tamil Nadu,MP_65FEBAA3
C_UTTAR__UNNAO,UNNAO,Uttar Pradesh,MP_04310D3F
C_ASSAM_DIPHU__ST,DIPHU (ST),Assam,MP_88F3D4F9
C_UTTAR__FATEHPUR_SIKRI,FATEHPUR SIKRI,Uttar Pradesh,MP_A3681C37
C_UTTAR__JHANSI,JHANSI,Uttar Pradesh,MP_20A78A08
C_WEST_B_DIAMOND_HARBOUR,DIAMOND HARBOUR,West Bengal,MP_6BD80D8C
C_MAHARA_SOLAPUR_SC,SOLAPUR(SC),Maharashtra,MP_29E5B776
C_BIHAR_PATNA_SAHIB,PATNA SAHIB,Bihar,MP_7102CE8C
C_MAHARA_SHIRUR,SHIRUR,Maharashtra,MP_12E7823C
C_RAJAST_KOTA,KOTA,Rajasthan,MP_ED0626B6
C_MADHYA_MANDSOUR,MANDSOUR,Madhya Pradesh,MP_08F0ACD4
C_UTTAR__HAMIRPUR_UP,HAMIRPUR_UP,Uttar Pradesh,MP_F703A477
C_UTTAR__BANDA,BANDA,Uttar Pradesh,MP_52A582AC
C_WEST_B_BIRBHUM,BIRBHUM,West Bengal,MP_2094F1BE
C_WEST_B_BISHNUPUR_SC,BISHNUPUR(SC),West Bengal,MP_B47A5217
C_HIMACH_MANDI,MANDI,Himachal Pradesh,MP_48CA02A6
C_ARUNAC_ARUNACHAL_EAST,ARUNACHAL EAST,Arunachal Pradesh,MP_82F0AEDE
C_CHHATT_SARGUJA_ST,SARGUJA(ST),Chhattisgarh,MP_856BAE50
C_GUJARA_NAVSARI,NAVSARI,Gujarat,MP_7D10545F
C_TAMIL__TIRUPPUR,TIRUPPUR,Tamil Nadu,MP_7F8A3509
C_MADHYA_RAJGARH,RAJGARH,Madhya Pradesh,MP_1E479BE0
C_WEST_B_ARAMBAG_SC,ARAMBAG(SC),West Bengal,MP_2D564BAB
C_ANDHRA_AMALAPURAM_SC,AMALAPURAM(SC),Andhra Pradesh,MP_1FAB627A
C_UTTAR__ROBERTSGANJ_SC,ROBERTSGANJ(SC),Uttar Pradesh,MP_F6636B8D
C_TELANG_NIZAMABAD,NIZAMABAD,Telangana,MP_89409408
C_MAHARA_OSMANABAD,OSMANABAD,Maharashtra,MP_2F67B494
C_MAHARA_YAVATMAL_WASHIM,YAVATMAL-WASHIM,Maharashtra,MP_C2FCB5CC
C_PUNJAB_BHATINDA,BHATINDA,Punjab,MP_34CA3D57
C_MADHYA_SAGAR,SAGAR,Madhya Pradesh,MP_1EDFF9C7
C_KERALA_ALAPPUZHA,ALAPPUZHA,Kerala,MP_444DA9BC
C_WEST_B_ULUBERIA,ULUBERIA,West Bengal,MP_28FD16EE
C_UTTAR__MUZAFFARNAGAR,MUZAFFARNAGAR,Uttar Pradesh,MP_CF762F8D
C_RAJAST_UDAIPUR_ST,UDAIPUR(ST),Rajasthan,MP_08C643EF
C_MADHYA_DAMOH,DAMOH,Madhya Pradesh,MP_FEFFAB4A
C_ASSAM_LAKHIMPUR,LAKHIMPUR,Assam,MP_9D822817
C_BIHAR_SUPAUL,SUPAUL,Bihar,MP_E21F7368
C_TAMIL__DINDIGUL,DINDIGUL,Tamil Nadu,MP_55D4A277
C_GUJARA_SABARKANTHA,SABARKANTHA,Gujarat,MP_1D2E9971
C_CHHATT_MAHASAMUND,MAHASAMUND,Chhattisgarh,MP_2C899560
C_MAHARA_RAVER,RAVER,Maharashtra,MP_54470E76
C_UTTAR__MACHHLISHAHR_SC,MACHHLISHAHR(SC),Uttar Pradesh,MP_0004ADDB
C_RAJAST_AJMER,AJMER,Rajasthan,MP_750E5A00
C_ANDHRA_MACHILIPATNAM,MACHILIPATNAM,Andhra Pradesh,MP_C9382A0E
C_ODISHA_SUNDARGARH__ST,SUNDARGARH (ST),Odisha,MP_424F3708
C_KARNAT_BANGALORE_RURAL,BANGALORE RURAL,Karnataka,MP_686DAC86
C_BIHAR_GOPALGANJ__SC,GOPALGANJ (SC),Bihar,MP_406F5A03
C_NAGALA_NAGALAND,NAGALAND,Nagaland,MP_1F57A5D6
C_RAJAST_CHITTORGARH,CHITTORGARH,Rajasthan,MP_48D2ACDF
C_RAJAST_JAIPUR,JAIPUR,Rajasthan,MP_38AAAFBD
C_TAMIL__NILGIRIS_SC,NILGIRIS(SC),Tamil Nadu,MP_A6D8641A
C_RAJAST_BANSWARA_ST,BANSWARA(ST),Rajasthan,MP_4B739BFF
C_BIHAR_SASARAM_SC,SASARAM(SC),Bihar,MP_2828372C
C_TELANG_MEDAK,MEDAK,Telangana,MP_E4316D15
C_TAMIL__VILUPPURAM_SC,VILUPPURAM(SC),Tamil Nadu,MP_51712817
C_CHHATT_KORBA,KORBA,Chhattisgarh,MP_E6E4BBB1
C_TAMIL__THANJAVUR,THANJAVUR,Tamil Nadu,MP_B064A9FE
C_TAMIL__SIVAGANGA,SIVAGANGA,Tamil Nadu,MP_D2EB9F68
C_JHARKH_DUMKA_ST,DUMKA(ST),Jharkhand,MP_8619BFEA
C_UTTAR__JALAUN_SC,JALAUN(SC),Uttar Pradesh,MP_895C7151
C_UTTAR__SALEMPUR,SALEMPUR,Uttar Pradesh,MP_C6040E3F
C_UTTAR__AONLA,AONLA,Uttar Pradesh,MP_53F1E7B5
C_PUNJAB_SANGRUR,SANGRUR,Punjab,MP_6675EADB
C_WEST_B_BARASAT,BARASAT,West Bengal,MP_10566DCB
C_UTTAR__KANPUR,KANPUR,Uttar Pradesh,MP_057493CE
C_ASSAM_NOWGONG,NOWGONG,Assam,MP_CEDCE056
C_PUNJAB_HOSHIARPUR_SC,HOSHIARPUR(SC),Punjab,MP_ED4CA35D
C_GUJARA_RAJKOT,RAJKOT,Gujarat,MP_D4710DCB
C_BIHAR_BANKA,BANKA,Bihar,MP_E7F6DB49
C_WEST_B_TAMLUK,TAMLUK,West Bengal,MP_71684967
C_TAMIL__TIRUVALLUR_SC,TIRUVALLUR(SC),Tamil Nadu,MP_25854CC5
C_PUNJAB_PATIALA,PATIALA,Punjab,MP_5601060F
C_KERALA_KANNUR,KANNUR,Kerala,MP_CCEDA923
C_TAMIL__NAMAKKAL,NAMAKKAL,Tamil Nadu,MP_30F8FAF9
C_UTTAR__KAISERGANJ,KAISERGANJ,Uttar Pradesh,MP_D6664219
C_MAHARA_DHULE,DHULE,Maharashtra,MP_DE71FCCA
C_TAMIL__KANCHEEPURAM_SC,KANCHEEPURAM(SC),Tamil Nadu,MP_CA42FED2
C_MADHYA_MORENA,MORENA,Madhya Pradesh,MP_3BDE0B37
C_GUJARA_AHMEDABAD_EAST,AHMEDABAD EAST,Gujarat,MP_8DF918AE
C_KERALA_ALATHUR_SC,ALATHUR(SC),Kerala,MP_93EBFC2D
C_RAJAST_NAGAUR,NAGAUR,Rajasthan,MP_73274AD8
C_UTTAR__RAE_BARELI,RAE BARELI,Uttar Pradesh,MP_4FB2CD2A
C_UTTAR__FAIZABAD,FAIZABAD,Uttar Pradesh,MP_1BEA940E
C_UTTAR__NAGINA_SC,NAGINA(SC),Uttar Pradesh,MP_3F0BCFB7
C_BIHAR_PURNEA,PURNEA,Bihar,MP_71D87001
C_MADHYA_SHAHDOL__ST,SHAHDOL (ST),Madhya Pradesh,MP_87EA76CC
C_ASSAM_DHUBRI,DHUBRI,Assam,MP_A8899BBC
C_GUJARA_PATAN,PATAN,Gujarat,MP_36784831
C_UTTAR__MEERUT,MEERUT,Uttar Pradesh,MP_E249A7A7
C_MEGHAL_TURA,TURA,Meghalaya,MP_37F730A2
C_UTTAR__BHADOHI,BHADOHI,Uttar Pradesh,MP_39DF4965
C_KERALA_KASARAGOD,KASARAGOD,Kerala,MP_EEC31971
C_MIZORA_MIZORAM__ST,MIZORAM (ST),Mizoram,MP_15D9BE2F
C_MAHARA_MAVAL,MAVAL,Maharashtra,MP_018E0BA1
C_BIHAR_AURANGABAD_BR,AURANGABAD_BR,Bihar,MP_E9AA38D7
C_KARNAT_BANGALORE_CENTRA,BANGALORE CENTRAL,Karnataka,MP_FC4B6F9B
C_TAMIL__ARAKKONAM,ARAKKONAM,Tamil Nadu,MP_55A311EB
C_TAMIL__PERAMBALUR,PERAMBALUR,Tamil Nadu,MP_B9D4BA00
C_MAHARA_MUMBAI_NORTH,MUMBAI NORTH,Maharashtra,MP_0424C45B
C_UTTAR__KAUSHAMBI_SC,KAUSHAMBI(SC),Uttar Pradesh,MP_F5CAA71C
C_GOA_NORTH_GOA,NORTH GOA,Goa,MP_E63FC3D9
C_MADHYA_GUNA,GUNA,Madhya Pradesh,MP_D6777099
C_KERALA_IDUKKI,IDUKKI,Kerala,MP_F5272C3C
C_CHHATT_RAJNANDGAON,RAJNANDGAON,Chhattisgarh,MP_610BA45E
C_MAHARA_AKOLA,AKOLA,Maharashtra,MP_D43009CB
C_ANDHRA_NARASARAOPET,NARASARAOPET,Andhra Pradesh,MP_4206D364
C_MAHARA_LATUR_SC,LATUR(SC),Maharashtra,MP_785005BD
C_TELANG_MALKAJGIRI,MALKAJGIRI,Telangana,MP_13EBE9D8
C_UTTAR__RAMPUR,RAMPUR,Uttar Pradesh,MP_AA289843
C_ANDHRA_KURNOOL,KURNOOL,Andhra Pradesh,MP_F63D4AD5
C_WEST_B_MURSHIDABAD,MURSHIDABAD,West Bengal,MP_F68D800C
C_UTTAR__BIJNOR,BIJNOR,Uttar Pradesh,MP_4D351AF8
C_WEST_B_BARRACKPUR,BARRACKPUR,West Bengal,MP_75354D1B
C_BIHAR_VAISHALI,VAISHALI,Bihar,MP_38F40F2A
C_GUJARA_KHEDA,KHEDA,Gujarat,MP_2CFF2EE6
C_GUJARA_VADODARA,VADODARA,Gujarat,MP_308A5E12
C_WEST_B_BANKURA,BANKURA,West Bengal,MP_1645D336
C_MAHARA_MUMBAI_NORTH_WES,MUMBAI NORTH WEST,Maharashtra,MP_7BC142AE
C_RAJAST_JHUNJHUNU,JHUNJHUNU,Rajasthan,MP_A3627B47
C_WEST_B_DUM_DUM,DUM DUM,West Bengal,MP_7D3569A5
C_RAJAST_BIKANER_SC,BIKANER(SC),Rajasthan,MP_D93012DD
C_UTTAR__SITAPUR,SITAPUR,Uttar Pradesh,MP_8601B770
C_RAJAST_SIKAR,SIKAR,Rajasthan,MP_D9DD9416
C_BIHAR_MADHUBANI,MADHUBANI,Bihar,MP_18AE5732
C_HIMACH_SHIMLA__SC,SHIMLA (SC),Himachal Pradesh,MP_B59BEB3E
C_CHHATT_BASTAR_ST,BASTAR(ST),Chhattisgarh,MP_58EAA2F6
C_WEST_B_KOLKATA_DAKSHIN,KOLKATA DAKSHIN,West Bengal,MP_A9CFC490
C_UTTAR__SULTANPUR,SULTANPUR,Uttar Pradesh,MP_1A0B2102
C_JHARKH_RANCHI,RANCHI,Jharkhand,MP_87D2142C
C_WEST_B_SREERAMPUR,SREERAMPUR,West Bengal,MP_248E3135
C_MADHYA_BETUL_ST,BETUL(ST),Madhya Pradesh,MP_CFD83F0C
C_BIHAR_KISHANGANJ,KISHANGANJ,Bihar,MP_DFD399D6
C_DELHI_EAST_DELHI,EAST DELHI,Delhi,MP_F5B4A4BE
C_UTTAR__GHAZIPUR,GHAZIPUR,Uttar Pradesh,MP_DCA89489
C_UTTAR__AMETHI,AMETHI,Uttar Pradesh,MP_0608F13D
C_MAHARA_MUMBAI_SOUTH,MUMBAI SOUTH,Maharashtra,MP_C28F64CA
C_PUDUCH_PUDUCHERRY,PUDUCHERRY,Puducherry,MP_7F56345D
C_MADHYA_UJJAIN_SC,UJJAIN(SC),Madhya Pradesh,MP_2F4DB944
C_TAMIL__CHENNAI_CENTRAL,CHENNAI CENTRAL,Tamil Nadu,MP_539F6E50
C_GUJARA_ANAND,ANAND,Gujarat,MP_1BD265B5
C_UTTAR__AMROHA,AMROHA,Uttar Pradesh,MP_3C2310E6
C_TAMIL__ERODE,ERODE,Tamil Nadu,MP_12FB635D
C_MAHARA_JALGAON,JALGAON,Maharashtra,MP_41C48690
C_TAMIL__MADURAI,MADURAI,Tamil Nadu,MP_600F56EC
C_DELHI_NORTH_EAST_DELHI,NORTH EAST DELHI,Delhi,MP_C93D7C12
C_UTTAR__DHAURAHRA,DHAURAHRA,Uttar Pradesh,MP_22AC88F1
C_MADHYA_SIDHI,SIDHI,Madhya Pradesh,MP_406FE2DD
C_ANDHRA_RAJAMPET,RAJAMPET,Andhra Pradesh,MP_A2D12254
C_RAJAST_BHILWARA,BHILWARA,Rajasthan,MP_E4370D95
C_KERALA_CHALAKUDY,CHALAKUDY,Kerala,MP_651D5311
C_PUNJAB_AMRITSAR,AMRITSAR,Punjab,MP_0F5235E9
C_UTTAR__MOHANLALGANJ_SC,MOHANLALGANJ(SC),Uttar Pradesh,MP_3B31B6CC
C_MAHARA_CHANDRAPUR,CHANDRAPUR,Maharashtra,MP_9F90882C
C_UTTAR__HATHRAS__SC,HATHRAS (SC),Uttar Pradesh,MP_7AA0C063
C_JAMMU__UDHAMPUR,UDHAMPUR,Jammu And Kashmir,MP_7A20A8C8
C_ASSAM_JORHAT,JORHAT,Assam,MP_E5A6BA59
C_UTTAR__LALGANJ__SC,LALGANJ (SC),Uttar Pradesh,MP_910D0E2C
C_UTTAR__BALLIA,BALLIA,Uttar Pradesh,MP_F2C91A52
C_KARNAT_BIDAR,BIDAR,Karnataka,MP_2221842E
C_TELANG_BHONGIR,BHONGIR,Telangana,MP_6FE3D473
C_MAHARA_SATARA,SATARA,Maharashtra,MP_B8A57D8E
C_TAMIL__KARUR,KARUR,Tamil Nadu,MP_CB13AF37
C_TAMIL__CHENNAI_SOUTH,CHENNAI SOUTH,Tamil Nadu,MP_9B3E5102
C_HARYAN_BHIWANI_MAHENDRA,BHIWANI MAHENDRAGARH,Haryana,MP_4381DF19
C_TAMIL__DHARAMAPURI,DHARAMAPURI,Tamil Nadu,MP_857798C3
C_UTTAR__ETAWAH_SC,ETAWAH(SC),Uttar Pradesh,MP_7D9979F1
C_MADHYA_MANDLA_ST,MANDLA(ST),Madhya Pradesh,MP_608B715D
C_UTTAR__FARRUKHABAD,FARRUKHABAD,Uttar Pradesh,MP_D9B097ED
C_WEST_B_MALDAHA_UTTAR,MALDAHA UTTAR,West Bengal,MP_F99E6203
C_UTTAR__GHAZIABAD,GHAZIABAD,Uttar Pradesh,MP_66965FF0
C_KARNAT_UDUPI_CHIKMAGALU,UDUPI CHIKMAGALUR,Karnataka,MP_7241AC3B
C_WEST_B_BAHARAMPUR,BAHARAMPUR,West Bengal,MP_53ADD95E
C_KARNAT_CHIKKODI,CHIKKODI,Karnataka,MP_376A96F9
C_WEST_B_RANAGHAT_SC,RANAGHAT(SC),West Bengal,MP_9589219F
C_TAMIL__THOOTHUKKUDI,THOOTHUKKUDI,Tamil Nadu,MP_C3750EC9
C_WEST_B_BARDHAMAN_DURGAP,BARDHAMAN-DURGAPUR,West Bengal,MP_5C13DCEA
C_TELANG_CHELVELLA,CHELVELLA,Telangana,MP_539E4E03
C_BIHAR_KHAGARIA,KHAGARIA,Bihar,MP_F8454555
C_UTTAR__BASTI,BASTI,Uttar Pradesh,MP_D18764D7
C_WEST_B_BARDHAMAN_PURBA,BARDHAMAN PURBA(SC),West Bengal,MP_07C50C5D
C_GUJARA_JUNAGADH,JUNAGADH,Gujarat,MP_B86A9CDD
C_CHHATT_RAIGARH_ST,RAIGARH(ST),Chhattisgarh,MP_C13BA2FE
C_WEST_B_HOWRAH,HOWRAH,West Bengal,MP_0736602E
C_TELANG_MAHABUBABAD,MAHABUBABAD,Telangana,MP_A54C0374
C_HARYAN_KURUKSHETRA,KURUKSHETRA,Haryana,MP_677427E0
C_HIMACH_KANGRA,KANGRA,Himachal Pradesh,MP_BED4CA10
C_WEST_B_KANTHI,KANTHI,West Bengal,MP_3B578E98
C_GUJARA_AMRELI,AMRELI,Gujarat,MP_A8C7482E
C_MADHYA_REWA,REWA,Madhya Pradesh,MP_A4BF96CB
C_GUJARA_JAMNAGAR,JAMNAGAR,Gujarat,MP_44A18339
C_TAMIL__POLLACHI,POLLACHI,Tamil Nadu,MP_3F636C20
C_MADHYA_INDORE,INDORE,Madhya Pradesh,MP_7D50233A
C_ODISHA_CUTTACK,CUTTACK,Odisha,MP_B9BFDDC5
C_TAMIL__SRIPERUMBUDUR,SRIPERUMBUDUR,Tamil Nadu,MP_981C274A
C_WEST_B_KOLKATA_UTTAR,KOLKATA UTTAR,West Bengal,MP_81387B65
C_KARNAT_UTTARA_KANNADA,UTTARA KANNADA,Karnataka,MP_887EB814
C_MADHYA_CHHINDWARA,CHHINDWARA,Madhya Pradesh,MP_1E8267D7
C_TAMIL__CUDDALORE,CUDDALORE,Tamil Nadu,MP_FE512F1A
C_ANDHRA_ARAKU_ST,ARAKU(ST),Andhra Pradesh,MP_20BEA48F
C_MADHYA_DHAR_ST,DHAR(ST),Madhya Pradesh,MP_F3BA758C
C_CHHATT_BILASPUR,BILASPUR,Chhattisgarh,MP_F009F001
C_MADHYA_HOSHANGABAD,HOSHANGABAD,Madhya Pradesh,MP_867CC23A
C_TAMIL__CHENNAI_NORTH,CHENNAI NORTH,Tamil Nadu,MP_6EE56CC1
C_UTTAR__BAREILLY,BAREILLY,Uttar Pradesh,MP_1B61E345
C_BIHAR_KATIHAR,KATIHAR,Bihar,MP_E9DDF348
C_MADHYA_TIKAMGARH_SC,TIKAMGARH(SC),Madhya Pradesh,MP_4D7DA745
C_WEST_B_ASANSOL,ASANSOL,West Bengal,MP_39E6706E
C_DELHI_NEW_DELHI,NEW DELHI,Delhi,MP_59D8CF64
C_ANDHRA_HINDUPUR,HINDUPUR,Andhra Pradesh,MP_0ED24B4F
C_UTTAR__GHOSI,GHOSI,Uttar Pradesh,MP_38B57344
C_TELANG_WARANGEL_SC,WARANGEL(SC),Telangana,MP_2CE4A0AA
C_ODISHA_KORAPUT_ST,KORAPUT(ST),Odisha,MP_BA9319DE
C_RAJAST_JHALAWAR_BARAN,JHALAWAR-BARAN,Rajasthan,MP_C1941BB7
C_UTTAR__GONDA,GONDA,Uttar Pradesh,MP_EF9109C1
C_HARYAN_HISAR,HISAR,Haryana,MP_3CB57707
C_MADHYA_DEWAS_SC,DEWAS(SC),Madhya Pradesh,MP_0072E72A
C_UTTAR__PRATAPGARH,PRATAPGARH,Uttar Pradesh,MP_0750EC6F
C_UTTARA_TEHRI_GARHWAL,TEHRI GARHWAL,Uttarakhand,MP_594A0E84
C_UTTAR__CHANDAULI,CHANDAULI,Uttar Pradesh,MP_3A7D0B67
C_UTTAR__BADAUN,BADAUN,Uttar Pradesh,MP_2C2C6C0C
C_UTTAR__BAHRAICH_SC,BAHRAICH(SC),Uttar Pradesh,MP_DB81EF0B
C_UTTAR__LUCKNOW,LUCKNOW,Uttar Pradesh,MP_805F7C44
C_KARNAT_CHITRADURGA_SC,CHITRADURGA(SC),Karnataka,MP_5B8FAB3A
C_UTTAR__MAHARAJGANJ_UP,MAHARAJGANJ_UP,Uttar Pradesh,MP_5274B0E2
C_KARNAT_KOPPAL,KOPPAL,Karnataka,MP_6AFCC223
C_BIHAR_DARBHANGA,DARBHANGA,Bihar,MP_CEE750F4
C_TAMIL__TIRUCHIRAPPALLI,TIRUCHIRAPPALLI,Tamil Nadu,MP_A55DF767
C_BIHAR_UJJARPUR,UJJARPUR,Bihar,MP_15B7B05C
C_WEST_B_JANGIPUR,JANGIPUR,West Bengal,MP_46CDB7A6
C_UTTAR__ETAH,ETAH,Uttar Pradesh,MP_94826E77
C_WEST_B_GHATAL,GHATAL,West Bengal,MP_8D9941C1
C_WEST_B_JADAVPUR,JADAVPUR,West Bengal,MP_A81AE3F9
C_MANIPU_OUTER_MANIPUR_ST,OUTER MANIPUR(ST),Manipur,MP_EA725E22
C_RAJAST_JALORE,JALORE,Rajasthan,MP_6F724DC0
C_BIHAR_VALMIKI_NAGAR,VALMIKI NAGAR,Bihar,MP_2D3980AB
C_UTTAR__KANNAUJ,KANNAUJ,Uttar Pradesh,MP_40D50BB4
C_GUJARA_BHARUCH,BHARUCH,Gujarat,MP_2D657CC1
C_CHANDI_CHANDIGARH,CHANDIGARH,Chandigarh,MP_AC15D045
C_KARNAT_BAGALKOT,BAGALKOT,Karnataka,MP_29F4D44C
C_UTTAR__BARABANKI_SC,BARABANKI(SC),Uttar Pradesh,MP_F33D357A
C_GUJARA_MAHESANA,MAHESANA,Gujarat,MP_4911CFC2
C_GUJARA_BHAVNAGAR,BHAVNAGAR,Gujarat,MP_01B99BFB
C_GUJARA_SURAT,SURAT,Gujarat,MP_273069F7
C_GOA_SOUTH_GOA,SOUTH GOA,Goa,MP_107AA9C8
C_MADHYA_KHAJURAHO,KHAJURAHO,Madhya Pradesh,MP_9D56EE6B
C_WEST_B_MEDINIPUR,MEDINIPUR,West Bengal,MP_0003B4F7
C_KARNAT_CHIKBALLAPUR,CHIKBALLAPUR,Karnataka,MP_BC3AB118
C_KARNAT_KOLAR_SC,KOLAR(SC),Karnataka,MP_BB3C4E4E
C_TRIPUR_TRIPURA_EAST_ST,TRIPURA EAST(ST),Tripura,MP_447FAA09
C_ODISHA_BHUBANESWAR,BHUBANESWAR,Odisha,MP_7BB884DB
C_PUNJAB_LUDHIANA,LUDHIANA,Punjab,MP_820F34E5
C_KERALA_KOTTAYAM,KOTTAYAM,Kerala,MP_6333A615
C_BIHAR_MUZAFFARPUR,MUZAFFARPUR,Bihar,MP_D11A41BE
C_MEGHAL_SHILLONG,SHILLONG,Meghalaya,MP_49C2ECF6
C_MAHARA_BEED,BEED,Maharashtra,MP_A0256303
C_ANDHRA_ANANTAPUR,ANANTAPUR,Andhra Pradesh,MP_4F80032A
C_ODISHA_KEONJHAR_ST,KEONJHAR(ST),Odisha,MP_25524A1E
C_ANDHRA_NANDYAL,NANDYAL,Andhra Pradesh,MP_6D5ACF00
C_UTTAR__AKBARPUR,AKBARPUR,Uttar Pradesh,MP_29CD03BF
C_DELHI_SOUTH_DELHI,SOUTH DELHI,Delhi,MP_5B43C7F0
C_MAHARA_BARAMATI,BARAMATI,Maharashtra,MP_6ED03CD2
C_KARNAT_BANGALORE_NORTH,BANGALORE NORTH,Karnataka,MP_A2E5FEFA
C_MADHYA_JABALPUR,JABALPUR,Madhya Pradesh,MP_B59CE63F
C_KARNAT_DAKSHINA_KANNADA,DAKSHINA KANNADA,Karnataka,MP_6C329AB9
C_BIHAR_KARAKAT,KARAKAT,Bihar,MP_880F84F7
C_DELHI_WEST_DELHI,WEST DELHI,Delhi,MP_C9AB31EA
C_ASSAM_BARPETA,BARPETA,Assam,MP_D5B0E16D
C_UTTAR__MATHURA,MATHURA,Uttar Pradesh,MP_A7F8A91D
C_KARNAT_SHIMOGA,SHIMOGA,Karnataka,MP_8E206673
C_MAHARA_HATKANANGLE,HATKANANGLE,Maharashtra,MP_2CC0EA3A
C_KARNAT_MYSORE,MYSORE,Karnataka,MP_248A31D6
C_TELANG_NALGONDA,NALGONDA,Telangana,MP_9B4DAEBD
C_GUJARA_SURENDRANAGAR,SURENDRANAGAR,Gujarat,MP_3C173016
C_WEST_B_MALDAHA_DAKSHIN,MALDAHA DAKSHIN,West Bengal,MP_7843972D
C_ODISHA_KENDRAPARA,KENDRAPARA,Odisha,MP_8556498F
C_UTTAR__MAINPURI,MAINPURI,Uttar Pradesh,MP_5EADCB44
C_UTTAR__BAGHPAT,BAGHPAT,Uttar Pradesh,MP_EB6F77DF
C_BIHAR_JAMUI_SC,JAMUI(SC),Bihar,MP_EEF7A8CE
C_KERALA_PALAKKAD,PALAKKAD,Kerala,MP_527A1B44
C_MAHARA_MUMBAI_NORTH_CEN,MUMBAI NORTH-CENTRAL,Maharashtra,MP_CA9BA1A0
C_JAMMU__JAMMU,JAMMU,Jammu And Kashmir,MP_33EEE541
C_MADHYA_RATLAM_ST,RATLAM(ST),Madhya Pradesh,MP_27D0B6EB
C_TAMIL__THENI,THENI,Tamil Nadu,MP_50E0197A
C_GUJARA_AHMEDABAD_WEST_S,AHMEDABAD WEST(SC),Gujarat,MP_DACD6A7E
C_UTTAR__AZAMGARH,AZAMGARH,Uttar Pradesh,MP_B980831E
C_UTTAR__SANT_KABIR_NAGAR,SANT KABIR NAGAR,Uttar Pradesh,MP_2B14E11A
C_MAHARA_MADHA,MADHA,Maharashtra,MP_970DF581
C_ASSAM_SONITPUR,SONITPUR,Assam,MP_029E40B4
C_ANDHRA_GUNTUR,GUNTUR,Andhra Pradesh,MP_3BA586E1
C_MAHARA_AURANGABAD_MH,AURANGABAD_MH,Maharashtra,MP_0ED24D59
C_PUNJAB_GURDASPUR,GURDASPUR,Punjab,MP_B7147B3B
C_MANIPU_INNER_MANIPUR,INNER MANIPUR,Manipur,MP_F213F34C
C_UTTAR__GORAKHPUR,GORAKHPUR,Uttar Pradesh,MP_D6B1471F
C_ANDHRA_SRIKAKULAM,SRIKAKULAM,Andhra Pradesh,MP_B460D11A
C_TELANG_KHAMMAM,KHAMMAM,Telangana,MP_BC83F246
C_MAHARA_GADCHIROLI_CHIMU,GADCHIROLI-CHIMUR(ST),Maharashtra,MP_9A1A0F87
C_KERALA_THIRUVANANTHAPUR,THIRUVANANTHAPURAM,Kerala,MP_9A54FF62
C_BIHAR_BHAGALPUR,BHAGALPUR,Bihar,MP_041F6A15
C_ANDHRA_ONGOLE,ONGOLE,Andhra Pradesh,MP_EBDDB507
C_TRIPUR_TRIPURA_WEST,TRIPURA WEST,Tripura,MP_040AAAA9
C_RAJAST_BARMER,BARMER,Rajasthan,MP_621FBFED
C_KARNAT_TUMKUR,TUMKUR,Karnataka,MP_06FFE707
C_ODISHA_ASKA,ASKA,Odisha,MP_31145853
C_UTTAR__MORADABAD,MORADABAD,Uttar Pradesh,MP_9A34746C
C_UTTAR__JAUNPUR,JAUNPUR,Uttar Pradesh,MP_1C9298AA
C_MAHARA_WARDHA,WARDHA,Maharashtra,MP_96794452
C_MAHARA_KOLHAPUR,KOLHAPUR,Maharashtra,MP_B8D7302D
C_PUNJAB_FATEHGARH_SAHIB,FATEHGARH SAHIB(SC),Punjab,MP_CAB593C6
C_KARNAT_BIJAPUR_SC,BIJAPUR(SC),Karnataka,MP_D52455CE
C_JAMMU__ANANTNAG,ANANTNAG,Jammu And Kashmir,MP_B53BD00F
C_UTTAR__FATEHPUR,FATEHPUR,Uttar Pradesh,MP_5351D4AA
C_GUJARA_VALSAD_ST,VALSAD(ST),Gujarat,MP_C99AEA87
C_MAHARA_AHMEDNAGAR,AHMEDNAGAR,Maharashtra,MP_D2A96F7C
C_ANDHRA_NELLORE_SC,NELLORE(SC),Andhra Pradesh,MP_7F4B8282
C_HIMACH_HAMIRPUR_HP,HAMIRPUR_HP,Himachal Pradesh,MP_DA1845BB
C_UTTAR__ALIGARH,ALIGARH,Uttar Pradesh,MP_0A131770
C_KARNAT_HASSAN,HASSAN,Karnataka,MP_9BB6CCAC
C_TAMIL__MAYILADUTHURAI,MAYILADUTHURAI,Tamil Nadu,MP_7CF7334E
C_BIHAR_GAYA__SC,GAYA (SC),Bihar,MP_7F7C524D
C_MAHARA_JALNA,JALNA,Maharashtra,MP_23F667E2
C_TELANG_MAHABUBNAGAR,MAHABUBNAGAR,Telangana,MP_C8228840
C_UTTAR__KHERI,KHERI,Uttar Pradesh,MP_4B898173
C_ODISHA_NABARANGPUR_ST,NABARANGPUR(ST),Odisha,MP_AD612712
C_MAHARA_HINGOLI,HINGOLI,Maharashtra,MP_7C669D55
C_MADHYA_BALAGHAT,BALAGHAT,Madhya Pradesh,MP_29EA64F1
C_KARNAT_DAVANAGERE,DAVANAGERE,Karnataka,MP_AE380E78
C_ANDHRA_VIZIANAGARAM,VIZIANAGARAM,Andhra Pradesh,MP_2FFF34BC
C_HARYAN_SIRSA_SC,SIRSA(SC),Haryana,MP_527C853B
C_KERALA_THRISSUR,THRISSUR,Kerala,MP_0693B631
C_TAMIL__CHIDAMBARAM_SC,CHIDAMBARAM(SC),Tamil Nadu,MP_1E95CBC8
C_UTTAR__MISRIKH_SC,MISRIKH(SC),Uttar Pradesh,MP_EC011E7C
C_ASSAM_DIBRUGARH,DIBRUGARH,Assam,MP_2FF6A47E
C_UTTARA_NAINITAL_UDHAM_S,NAINITAL UDHAM SINGH NAG.,Uttarakhand,MP_88674171
C_GUJARA_BANASKANTHA,BANASKANTHA,Gujarat,MP_F5F16BAE
C_BIHAR_MAHARAJGANJ_BR,MAHARAJGANJ_BR,Bihar,MP_4D0198B3
C_GUJARA_PANCHMAHAL,PANCHMAHAL,Gujarat,MP_37DC3D31
C_UTTARA_ALMORA_SC,ALMORA(SC),Uttarakhand,MP_41A8043E
C_KARNAT_HAVERI,HAVERI,Karnataka,MP_DEA55D8A
C_TAMIL__KRISHNAGIRI,KRISHNAGIRI,Tamil Nadu,MP_6677F998
C_ODISHA_JAJPUR_SC,JAJPUR(SC),Odisha,MP_453151B2
C_TAMIL__KALLAKURICHI,KALLAKURICHI,Tamil Nadu,MP_3BA561D8
C_RAJAST_JAIPUR_RURAL,JAIPUR RURAL,Rajasthan,MP_01B6FBB6
C_MAHARA_SANGLI,SANGLI,Maharashtra,MP_8B64D245
C_HARYAN_KARNAL,KARNAL,Haryana,MP_F6DD3999
C_KERALA_ATTINGAL,ATTINGAL,Kerala,MP_0528EFBD
C_MADHYA_BHOPAL,BHOPAL,Madhya Pradesh,MP_A2DBA7FE
C_ANDAMA_ANDAMAN_AND_NICO,ANDAMAN AND NICOBAR ISLANDS,Andaman And Nicobar Islands,MP_C1478E07
C_KERALA_VADAKARA,VADAKARA,Kerala,MP_9811D463
C_TAMIL__TIRUNELVELI,TIRUNELVELI,Tamil Nadu,MP_2B83B8E9
C_WEST_B_ALIPURDUARS_ST,ALIPURDUARS(ST),West Bengal,MP_E3A6C738
C_GUJARA_PORBANDAR,PORBANDAR,Gujarat,MP_54DEB699
C_CHHATT_KANKER_ST,KANKER(ST),Chhattisgarh,MP_29F90DD9
C_BIHAR_ARRAH,ARRAH,Bihar,MP_8944C4BD
C_JHARKH_LOHARDAGA_ST,LOHARDAGA(ST),Jharkhand,MP_BF30F0FF
C_MAHARA_SHIRDI_SC,SHIRDI(SC),Maharashtra,MP_5DE004A4
C_JAMMU__SRINAGAR,SRINAGAR,Jammu And Kashmir,MP_A1D4AF5B
C_TAMIL__RAMANATHAPURAM,RAMANATHAPURAM,Tamil Nadu,MP_5AA2B4CB
C_RAJAST_DAUSA_ST,DAUSA(ST),Rajasthan,MP_402AD9CA
C_JHARKH_PALAMU_SC,PALAMU(SC),Jharkhand,MP_47B5A2E5
C_TAMIL__NAGAPATTINAM_SC,NAGAPATTINAM(SC),Tamil Nadu,MP_6145422B
C_UTTAR__BULANDSHAHR_SC,BULANDSHAHR(SC),Uttar Pradesh,MP_868CC79B
C_KARNAT_RAICHUR_ST,RAICHUR(ST),Karnataka,MP_880E8CCA
C_MADHYA_GWALIOR,GWALIOR,Madhya Pradesh,MP_EE61FF91
C_ODISHA_BHADRAK_SC,BHADRAK(SC),Odisha,MP_B8580343
C_RAJAST_RAJSAMAND,RAJSAMAND,Rajasthan,MP_42B8ADFE
C_JHARKH_KODARMA,KODARMA,Jharkhand,MP_51C1FB0C
C_ODISHA_KANDHAMAL,KANDHAMAL,Odisha,MP_04A80A6C
C_ANDHRA_RAJAHMUNDRY,RAJAHMUNDRY,Andhra Pradesh,MP_FEB05B37
C_UTTAR__SAHARANPUR,SAHARANPUR,Uttar Pradesh,MP_6F1306B9
C_KERALA_WAYANAD,WAYANAD,Kerala,MP_85637383
C_ASSAM_DARRANG_UDALGURI,DARRANG-UDALGURI,Assam,MP_70218212
C_KERALA_KOZHIKODE,KOZHIKODE,Kerala,MP_8FDD8C6A
C_UTTAR__PHULPUR,PHULPUR,Uttar Pradesh,MP_C460F150
C_BIHAR_NALANDA,NALANDA,Bihar,MP_63AD6BF9
C_ODISHA_BALASORE,BALASORE,Odisha,MP_DBAC11F2
C_WEST_B_BANGAON_SC,BANGAON(SC),West Bengal,MP_3361A68B
C_TELANG_KARIMNAGAR,KARIMNAGAR,Telangana,MP_3BF6EE80
C_KERALA_MALAPPURAM,MALAPPURAM,Kerala,MP_1F944C96
C_ODISHA_JAGATSINGHPUR_SC,JAGATSINGHPUR(SC),Odisha,MP_D1E33F06
C_MAHARA_RAIGAD,RAIGAD,Maharashtra,MP_D265CC6B
C_KARNAT_CHAMARAJANAGAR_S,CHAMARAJANAGAR(SC),Karnataka,MP_7D7758C9
C_ODISHA_MAYURBHANJ__ST,MAYURBHANJ (ST),Odisha,MP_7936A3BD
C_ASSAM_KOKRAJHAR__ST,KOKRAJHAR (ST),Assam,MP_5908DD76
C_ANDHRA_KAKINADA,KAKINADA,Andhra Pradesh,MP_32B367BB
C_DELHI_CHANDINI_CHOWK,CHANDINI CHOWK,Delhi,MP_AC08C4D8
C_ODISHA_PURI,PURI,Odisha,MP_0786935A
C_TELANG_PEDDAPALLE,PEDDAPALLE,Telangana,MP_2DF3DC49
C_KARNAT_BELLARY_ST,BELLARY(ST),Karnataka,MP_FACE8C31
C_PUNJAB_JALANDHAR_SC,JALANDHAR(SC),Punjab,MP_9B4297C3
C_GUJARA_GANDHINAGAR,GANDHINAGAR,Gujarat,MP_0B194489
C_TAMIL__COIMBATORE,COIMBATORE,Tamil Nadu,MP_40F64466
C_GUJARA_CHHOTA_UDAIPUR_S,CHHOTA UDAIPUR(ST),Gujarat,MP_ABF91FAE
C_UTTAR__MIRZAPUR,MIRZAPUR,Uttar Pradesh,MP_FF7AB238
C_KERALA_PONNANI,PONNANI,Kerala,MP_ACB4077C
C_MAHARA_BHIWANDI,BHIWANDI,Maharashtra,MP_77C32E85
C_MAHARA_PUNE,PUNE,Maharashtra,MP_0B864B50
C_MAHARA_BHANDARA_GONDIYA,BHANDARA-GONDIYA,Maharashtra,MP_0006FFE0
C_MAHARA_RATNAGIRI_SINDHU,RATNAGIRI-SINDHUDURG,Maharashtra,MP_2B585DAE
C_BIHAR_SITAMARHI,SITAMARHI,Bihar,MP_9FD54567
C_ANDHRA_BAPATLA,BAPATLA,Andhra Pradesh,MP_28022624
C_UTTAR__VARANASI,VARANASI,Uttar Pradesh,MP_9B2B0315
C_HARYAN_FARIDABAD,FARIDABAD,Haryana,MP_F822EDCD
C_MADHYA_VIDISHA,VIDISHA,Madhya Pradesh,MP_8F1CF4AD
C_UTTAR__KAIRANA,KAIRANA,Uttar Pradesh,MP_3F10FEBE
C_BIHAR_BEGUSARAI,BEGUSARAI,Bihar,MP_B9ED21CC
C_RAJAST_CHURU,CHURU,Rajasthan,MP_F28C248A
C_MAHARA_DINDORI_ST,DINDORI(ST),Maharashtra,MP_365D0C8D
C_MAHARA_NASHIK,NASHIK,Maharashtra,MP_2B41BF93
C_JAMMU__BARAMULLAH,BARAMULLAH,Jammu And Kashmir,MP_B76CAA6F
C_TELANG_ADILABAD_ST,ADILABAD(ST),Telangana,MP_62F68D9B
C_BIHAR_SHEOHAR,SHEOHAR,Bihar,MP_51E465C2
C_BIHAR_MADHEPURA,MADHEPURA,Bihar,MP_E23A90D6
C_ODISHA_SAMBALPUR,SAMBALPUR,Odisha,MP_923CE60A
C_MADHYA_BHIND_SC,BHIND(SC),Madhya Pradesh,MP_69435D91
C_WEST_B_PURULIA,PURULIA,West Bengal,MP_78C964DD
C_KARNAT_BELGAUM,BELGAUM,Karnataka,MP_67D35C9E
C_TELANG_NAGARKURNOOL_SC,NAGARKURNOOL(SC),Telangana,MP_A584EEB9
C_WEST_B_JALPAIGURI_SC,JALPAIGURI(SC),West Bengal,MP_D2850343
C_JHARKH_SINGHBHUM_ST,SINGHBHUM(ST),Jharkhand,MP_381B192E
C_UTTAR__ALLAHABAD,ALLAHABAD,Uttar Pradesh,MP_AF376460
C_UTTAR__PILIBHIT,PILIBHIT,Uttar Pradesh,MP_D1023E68
C_MADHYA_SATNA,SATNA,Madhya Pradesh,MP_1746E4CC
C_UTTARA_GARHWAL,GARHWAL,Uttarakhand,MP_35C34A69
C_THE_DA_DADRA___NAGAR_HA,DADRA & NAGAR HAVELI (ST),The Dadra And Nagar Haveli And Daman And Diu,MP_73E2CA7D
C_JHARKH_CHATRA,CHATRA,Jharkhand,MP_C322562A
C_MAHARA_MUMBAI_SOUTH_CEN,MUMBAI SOUTH CENTRAL,Maharashtra,MP_4A625B58
C_ODISHA_BOLANGIR,BOLANGIR,Odisha,MP_848BFADB
C_UTTARA_HARDWAR,HARDWAR,Uttarakhand,MP_6A19F442
C_JHARKH_DHANBAD,DHANBAD,Jharkhand,MP_56372910
C_HARYAN_AMBALA__SC,AMBALA (SC),Haryana,MP_BED66A16
C_TAMIL__VELLORE,VELLORE,Tamil Nadu,MP_CAD8CE13
C_TELANG_HYDERABAD,HYDERABAD,Telangana,MP_81A50651
C_KARNAT_MANDYA,MANDYA,Karnataka,MP_34F1BA54
C_ASSAM_SILCHAR,SILCHAR,Assam,MP_C829731D
C_ODISHA_BARGARH,BARGARH,Odisha,MP_81B95CF7
C_UTTAR__SAMBHAL,SAMBHAL,Uttar Pradesh,MP_42901939
C_BIHAR_HAJIPUR_SC,HAJIPUR(SC),Bihar,MP_8D0E9FDF
C_ANDHRA_VISAKHAPATNAM,VISAKHAPATNAM,Andhra Pradesh,MP_3F764E9C
C_JHARKH_RAJMAHAL_ST,RAJMAHAL(ST),Jharkhand,MP_70E69E1C
C_MAHARA_NANDED,NANDED,Maharashtra,MP_8E64A749
C_BIHAR_NAWADA,NAWADA,Bihar,MP_7B2AE585
C_RAJAST_GANGANAGAR_SC,GANGANAGAR(SC),Rajasthan,MP_1B856156
C_MAHARA_PALGHAR_ST,PALGHAR(ST),Maharashtra,MP_6A9D4E5F
C_WEST_B_RAIGANJ,RAIGANJ,West Bengal,MP_6BD0DB2A
C_JHARKH_JAMSHEDPUR,JAMSHEDPUR,Jharkhand,MP_C690489C
C_DELHI_NORTH_WEST_DELHI,NORTH WEST DELHI(SC),Delhi,MP_6C49CA88
C_LAKSHA_LAKSHADWEEP_ST,LAKSHADWEEP(ST),Lakshadweep,MP_4C2BD878
C_MAHARA_RAMTEK_SC,RAMTEK(SC),Maharashtra,MP_B965C926
C_MAHARA_MUMBAI_NORTH_EAS,MUMBAI NORTH EAST,Maharashtra,MP_DAB67F94
C_TELANG_SECUNDERABAD,SECUNDERABAD,Telangana,MP_BC09065F
C_ANDHRA_ANAKAPALLE,ANAKAPALLE,Andhra Pradesh,MP_2D41BB12
C_ANDHRA_VIJAYAWADA,VIJAYAWADA,Andhra Pradesh,MP_34BAA3AB
C_RAJAST_KARAULI_DHOLPUR,KARAULI-DHOLPUR(SC),Rajasthan,MP_F87F13AB
C_TELANG_ZAHIRABAD,ZAHIRABAD,Telangana,MP_6491F797
C_BIHAR_JAHANABAD,JAHANABAD,Bihar,MP_A3BEE23A
C_RAJAST_JODHPUR,JODHPUR,Rajasthan,MP_E57AC99E
C_ARUNAC_ARUNACHAL_WEST,ARUNACHAL WEST,Arunachal Pradesh,MP_B5A548C8
C_ASSAM_KAZIRANGA,KAZIRANGA,Assam,MP_6079309A
C_ASSAM_KARIMGANJ__SC,KARIMGANJ (SC),Assam,MP_2EA769F3
C_UTTAR__SHRAWASTI,SHRAWASTI,Uttar Pradesh,MP_D82A9D12
C_THE_DA_DAMAN_AND_DIU,DAMAN AND DIU,The Dadra And Nagar Haveli And Daman And Diu,MP_76045148
C_ODISHA_DHENKANAL,DHENKANAL,Odisha,MP_7DD91B4C
C_MAHARA_BULDHANA,BULDHANA,Maharashtra,MP_84E15343
C_TAMIL__SALEM,SALEM,Tamil Nadu,MP_A0033088
C_UTTAR__BANSGAON_SC,BANSGAON(SC),Uttar Pradesh,MP_A3B59E9A
C_UTTAR__DOMARIYAGANJ,DOMARIYAGANJ,Uttar Pradesh,MP_383EBBAE
C_LADAKH_LADAKH,LADAKH,Ladakh,MP_C980617B
C_BIHAR_MUNGER,MUNGER,Bihar,MP_FB51748D
C_BIHAR_SAMASTIPUR_SC,SAMASTIPUR(SC),Bihar,MP_492BAFE1
C_JHARKH_GODDA,GODDA,Jharkhand,MP_BAF5B4F6
C_JHARKH_HAZARIBAGH,HAZARIBAGH,Jharkhand,MP_53E84460
C_KARNAT_GULBARGA_SC,GULBARGA(SC),Karnataka,MP_BE1B26DB
C_BIHAR_SARAN,SARAN,Bihar,MP_69E08200
C_ODISHA_BERHAMPUR,BERHAMPUR,Odisha,MP_B576B91D
C_ANDHRA_NARASAPURAM,NARASAPURAM,Andhra Pradesh,MP_624C9117
C_MAHARA_KALYAN,KALYAN,Maharashtra,MP_2F9F33EA
C_RAJAST_TONK_SAWAI_MADHO,TONK-SAWAI MADHOPUR,Rajasthan,MP_EAF7E459
C_BIHAR_PATALIPUTRA,PATALIPUTRA,Bihar,MP_F09F0102
C_MAHARA_THANE,THANE,Maharashtra,MP_340E761F
C_BIHAR_PASCHIM_CHAMPARA,PASCHIM CHAMPARAN,Bihar,MP_9E9F696A
