mp_id,name,state,parliament
MP_5085EBC5,Pralhad Venkatesh Joshi,Karnataka,lok_sabha
MP_8F964237,Pradeep Kumar Singh,Bihar,lok_sabha
MP_BE1CDDC0,Sukanta Majumdar,West Bengal,lok_sabha
MP_EB9D730D,Jaswantsinh Sumanbhai Bhabhor,Gujarat,lok_sabha
MP_B57E7F78,Sarabjeet Singh Khalsa,Punjab,lok_sabha
MP_5282EA55,Gajendra Singh Patel,Madhya Pradesh,lok_sabha
MP_6C772417,Ramprit Mandal,Bihar,lok_sabha
MP_D1304417,Sudhakar Singh,Bihar,lok_sabha
MP_53C4509D,Anto Antony,Kerala,lok_sabha
MP_33778146,Nk Premachandran,Kerala,lok_sabha
MP_3F9986D3,Rani Sri Kumar,Tamil Nadu,lok_sabha
MP_3454A7C9,Satpal Brahamchari,Haryana,lok_sabha
MP_190EE249,Pratima Mondal,West Bengal,lok_sabha
MP_9E360849,Pp Chaudhary,Rajasthan,lok_sabha
MP_3EFA9E8E,Deepender Singh Hooda,Haryana,lok_sabha
MP_755CF71F,Asit Kumar Mal,West Bengal,lok_sabha
MP_4700464C,Bhupender Yadav,Rajasthan,lok_sabha
MP_42010F5A,Kamlesh Jangde,Chhattisgarh,lok_sabha
MP_B2CDA71B,Cn Annadurai,Tamil Nadu,lok_sabha
MP_65524A06,Radha Mohan Singh,Bihar,lok_sabha
MP_7F02B2C7,Daggumalla Prasada Rao,Andhra Pradesh,lok_sabha
MP_37D532B8,Sanjay Haribhau Jadhav,Maharashtra,lok_sabha
MP_12FD4168,Arun Kumar Sagar,Uttar Pradesh,lok_sabha
MP_3563E0FD,Jagadish Chandra Barma Basunia,West Bengal,lok_sabha
MP_CD61EE93,Sher Singh Ghubaya,Punjab,lok_sabha
MP_D56C9130,Sk Nurul Islam,West Bengal,lok_sabha
MP_BA16334B,Vijay Kumar Dubey,Uttar Pradesh,lok_sabha
MP_5645BA0B,Rao Inderjit Singh,Haryana,lok_sabha
MP_511040D1,Brijmohan Agrawal,Chhattisgarh,lok_sabha
MP_6F96960D,Raju Bista,West Bengal,lok_sabha
MP_2E392777,Manickam Tagore B,Tamil Nadu,lok_sabha
MP_809C5C51,Malvika Devi,Odisha,lok_sabha
MP_0F950266,Y S Avinash Reddy,Andhra Pradesh,lok_sabha
MP_247B86D1,Hibi Eden,Kerala,lok_sabha
MP_8BEED24A,Mahesh Sharma,Uttar Pradesh,lok_sabha
MP_EA73066C,Lalji Verma,Uttar Pradesh,lok_sabha
MP_55FE6DEC,Gyaneshwar Patil,Madhya Pradesh,lok_sabha
MP_BA8F1575,Vijayakumar Vasanth,Tamil Nadu,lok_sabha
MP_F8FF04EC,Kalipada Saren,West Bengal,lok_sabha
MP_F5CE1973,Akshaya Yadav,Uttar Pradesh,lok_sabha
MP_E56AA98B,Sanjna Jatav,Rajasthan,lok_sabha
MP_C9028D8C,Gowaal Kagada Padavi,Maharashtra,lok_sabha
MP_28F8033F,Maddila Gurumoorthy,Andhra Pradesh,lok_sabha
MP_06FC8F16,Balwant Baswant Wankhade,Maharashtra,lok_sabha
MP_C0E14B6D,Vijay Baghel,Chhattisgarh,lok_sabha
MP_F590513A,Chandra Prakash,Jharkhand,lok_sabha
MP_29B310F5,Vinod Chavda,Gujarat,lok_sabha
MP_90B5DD65,Malvinder Singh Kang,Punjab,lok_sabha
MP_D6699157,Indra Hang Subba,Sikkim,lok_sabha
MP_8721F08B,Suresh Kodikunnil,Kerala,lok_sabha
MP_5FD947F9,Ls Tejasvi Surya,Karnataka,lok_sabha
MP_9E0D6231,Rachna Banerjee,West Bengal,lok_sabha
MP_E6DBE24C,Nitin Jairam Gadkari,Maharashtra,lok_sabha
MP_D1E6A2A0,Jai Prakash,Uttar Pradesh,lok_sabha
MP_C4DD2994,Bapi Haldar,West Bengal,lok_sabha
MP_D42A64C4,Bijuli Kalita Medhi,Assam,lok_sabha
MP_3BB40A5C,Kali Charan Munda,Jharkhand,lok_sabha
MP_EB159F15,Vijaylakshmi Devi,Bihar,lok_sabha
MP_9B6B9484,Sp Singh Baghel,Uttar Pradesh,lok_sabha
MP_F02FFF3F,Putta Mahesh Kumar,Andhra Pradesh,lok_sabha
MP_3D9206C4,Prabhubhai Nagarbhai Vasava,Gujarat,lok_sabha
MP_3489B587,Shashank Mani,Uttar Pradesh,lok_sabha
MP_A39B950E,Ms Mahua Moitra,West Bengal,lok_sabha
MP_65FEBAA3,Tharaniventhan M S,Tamil Nadu,lok_sabha
MP_04310D3F,Swami Sachchidanandhari Sakshi Ji Maharaj,Uttar Pradesh,lok_sabha
MP_88F3D4F9,Amarsing Tisso,Assam,lok_sabha
MP_A3681C37,Rajkumar Chahar,Uttar Pradesh,lok_sabha
MP_20A78A08,Anurag Sharma,Uttar Pradesh,lok_sabha
MP_6BD80D8C,Abhishek Banerjee,West Bengal,lok_sabha
MP_29E5B776,Praniti Sushilkumar Shinde,Maharashtra,lok_sabha
MP_7102CE8C,Ravi Shankar Prasad,Bihar,lok_sabha
MP_12E7823C,Amol Ramsing Kolhe,Maharashtra,lok_sabha
MP_ED0626B6,Om Birla,Rajasthan,lok_sabha
MP_08F0ACD4,Sudheer Gupta,Madhya Pradesh,lok_sabha
MP_F703A477,Ajendra Singh Lodhi,Uttar Pradesh,lok_sabha
MP_52A582AC,Krishna Devi Shivshanker Patel,Uttar Pradesh,lok_sabha
MP_2094F1BE,Satabdi Roy (Banerjee),West Bengal,lok_sabha
MP_B47A5217,Saumitra Khan,West Bengal,lok_sabha
MP_48CA02A6,Kangana Ranaut,Himachal Pradesh,lok_sabha
MP_82F0AEDE,Tapir Gao,Arunachal Pradesh,lok_sabha
MP_856BAE50,Chintamani Maharaj,Chhattisgarh,lok_sabha
MP_7D10545F,C R Patil,Gujarat,lok_sabha
MP_7F8A3509,K Subbarayan,Tamil Nadu,lok_sabha
MP_1E479BE0,Rodmal Nagar,Madhya Pradesh,lok_sabha
MP_2D564BAB,Bag Mitali,West Bengal,lok_sabha
MP_1FAB627A,Gm Harish Balayogi,Andhra Pradesh,lok_sabha
MP_F6636B8D,Chhotelal,Uttar Pradesh,lok_sabha
MP_89409408,Arvind Dharmapuri,Telangana,lok_sabha
MP_2F67B494,Omprakash Bhupalsinh Alias Pawan Rajenimbalkar,Maharashtra,lok_sabha
MP_C2FCB5CC,Sanjay Uttamrao Deshmukh,Maharashtra,lok_sabha
MP_34CA3D57,Harsimrat Kaur Badal,Punjab,lok_sabha
MP_1EDFF9C7,. Lata Wankhede,Madhya Pradesh,lok_sabha
MP_444DA9BC,K. C Venugopal,Kerala,lok_sabha
MP_28FD16EE,Sajda Ahmed,West Bengal,lok_sabha
MP_CF762F8D,Harendra Singh Malik,Uttar Pradesh,lok_sabha
MP_08C643EF,Manna Lal Rawat,Rajasthan,lok_sabha
MP_FEFFAB4A,Rahul Singh Lodhi,Madhya Pradesh,lok_sabha
MP_9D822817,Pradan Baruah,Assam,lok_sabha
MP_E21F7368,Dileshwar Kamait,Bihar,lok_sabha
MP_55D4A277,Sachithanantham R,Tamil Nadu,lok_sabha
MP_1D2E9971,Shobhanaben Mahendrasinh Baraiya,Gujarat,lok_sabha
MP_2C899560,Roop,Chhattisgarh,lok_sabha
MP_54470E76,Raksha Nikhil Khadse,Maharashtra,lok_sabha
MP_0004ADDB,Priya Saroj,Uttar Pradesh,lok_sabha
MP_750E5A00,Bhagirath Chaudhary,Rajasthan,lok_sabha
MP_C9382A0E,Balashowry Vallabbhaneni,Andhra Pradesh,lok_sabha
MP_424F3708,Jual Oram,Odisha,lok_sabha
MP_686DAC86,C N Manjunath,Karnataka,lok_sabha
MP_406F5A03,Alok Kumar Suman,Bihar,lok_sabha
MP_1F57A5D6,S Supongmeren Jamir,Nagaland,lok_sabha
MP_48D2ACDF,Chandra Prakash Joshi,Rajasthan,lok_sabha
MP_38AAAFBD,Manju Sharma,Rajasthan,lok_sabha
MP_A6D8641A,Andimuthu Raja,Tamil Nadu,lok_sabha
MP_4B739BFF,Raj Kumar Roat,Rajasthan,lok_sabha
MP_2828372C,Manoj Kumar,Bihar,lok_sabha
MP_E4316D15,Madhavaneni Raghunandan Rao,Telangana,lok_sabha
MP_51712817,D Ravikumar,Tamil Nadu,lok_sabha
MP_E6E4BBB1,Jyotsna Charandas Mahant,Chhattisgarh,lok_sabha
MP_B064A9FE,Murasoli S,Tamil Nadu,lok_sabha
MP_D2EB9F68,Karti P Chidambaram,Tamil Nadu,lok_sabha
MP_8619BFEA,Nalin Soren,Jharkhand,lok_sabha
MP_895C7151,Narayan Das Ahirwar,Uttar Pradesh,lok_sabha
MP_C6040E3F,Ramashankar Rajbhar,Uttar Pradesh,lok_sabha
MP_53F1E7B5,Neeraj Maurya,Uttar Pradesh,lok_sabha
MP_6675EADB,Gurmeet Singh Meet Hayer,Punjab,lok_sabha
MP_10566DCB,Kakoli Ghosh Dastidar,West Bengal,lok_sabha
MP_057493CE,Ramesh Awasthi,Uttar Pradesh,lok_sabha
MP_CEDCE056,Pradyut Bordoloi,Assam,lok_sabha
MP_ED4CA35D,. Raj Kumar Chabbewal,Punjab,lok_sabha
MP_D4710DCB,Parshottambhai Rupala,Gujarat,lok_sabha
MP_E7F6DB49,Giridhari Yadav,Bihar,lok_sabha
MP_71684967,Abhijit Gangopadhyay,West Bengal,lok_sabha
MP_25854CC5,Sasikanth Senthil,Tamil Nadu,lok_sabha
MP_5601060F,Dharamvira Gandhi,Punjab,lok_sabha
MP_CCEDA923,Kumbakudi Sudhakaran,Kerala,lok_sabha
MP_30F8FAF9,V S Matheswaran,Tamil Nadu,lok_sabha
MP_D6664219,Karan Bhushan Singh,Uttar Pradesh,lok_sabha
MP_DE71FCCA,Bachhav Shobha Dinesh,Maharashtra,lok_sabha
MP_CA42FED2,Ganesan Selvam,Tamil Nadu,lok_sabha
MP_3BDE0B37,Shivmangal Singh Tomar,Madhya Pradesh,lok_sabha
MP_8DF918AE,Hasmukh Bhai Soma Bhai Patel,Gujarat,lok_sabha
MP_93EBFC2D,K Radhakrishnan,Kerala,lok_sabha
MP_73274AD8,Hanuman Beniwal,Rajasthan,lok_sabha
MP_4FB2CD2A,Rahul Gandhi,Uttar Pradesh,lok_sabha
MP_1BEA940E,Awadhesh Prasad,Uttar Pradesh,lok_sabha
MP_3F0BCFB7,Chandra Shekhar,Uttar Pradesh,lok_sabha
MP_71D87001,Rajesh Ranjan Alias Pappu Yadav,Bihar,lok_sabha
MP_87EA76CC,Himadri Singh,Madhya Pradesh,lok_sabha
MP_A8899BBC,Rakibul Hussain,Assam,lok_sabha
MP_36784831,Bharatsinhji Shankarji Dabhi,Gujarat,lok_sabha
MP_E249A7A7,Arun Govil,Uttar Pradesh,lok_sabha
MP_37F730A2,Saleng A Sangma,Meghalaya,lok_sabha
MP_39DF4965,Vinod Kumar Bind,Uttar Pradesh,lok_sabha
MP_EEC31971,Rajmohan Unnithan,Kerala,lok_sabha
MP_15D9BE2F,Richard Vanlalhmangaiha,Mizoram,lok_sabha
MP_018E0BA1,Shrirang Appa Barne,Maharashtra,lok_sabha
MP_E9AA38D7,Abhay Kumar Sinha,Bihar,lok_sabha
MP_FC4B6F9B,P C Mohan,Karnataka,lok_sabha
MP_55A311EB,S. Jagathrakshakan,Tamil Nadu,lok_sabha
MP_B9D4BA00,Arun Nehru,Tamil Nadu,lok_sabha
MP_0424C45B,Piyush Vedprakash Goyal,Maharashtra,lok_sabha
MP_F5CAA71C,Pushpendra Saroj,Uttar Pradesh,lok_sabha
MP_E63FC3D9,Shripad Yesso Naik,Goa,lok_sabha
MP_D6777099,Jyotiraditya M. Scindia,Madhya Pradesh,lok_sabha
MP_F5272C3C,Dean Kuriakose,Kerala,lok_sabha
MP_610BA45E,Santosh Pandey,Chhattisgarh,lok_sabha
MP_D43009CB,Anup Sanjay Dhotre,Maharashtra,lok_sabha
MP_4206D364,Lavu Sri Krishna Devarayalu,Andhra Pradesh,lok_sabha
MP_785005BD,Kalge Shivaji Bandappa,Maharashtra,lok_sabha
MP_13EBE9D8,Eatala Rajender,Telangana,lok_sabha
MP_AA289843,Mohibbullah,Uttar Pradesh,lok_sabha
MP_F63D4AD5,Bastipati Nagaraju Panchalingala,Andhra Pradesh,lok_sabha
MP_F68D800C,Abu Taher Khan,West Bengal,lok_sabha
MP_4D351AF8,Chandan Chauhan,Uttar Pradesh,lok_sabha
MP_75354D1B,Partha Bhowmick,West Bengal,lok_sabha
MP_38F40F2A,Veena Devi,Bihar,lok_sabha
MP_2CFF2EE6,Devusinh Jesingbhai Chauhan,Gujarat,lok_sabha
MP_308A5E12,. Hemang Joshi,Gujarat,lok_sabha
MP_1645D336,Arup Chakraborty,West Bengal,lok_sabha
MP_7BC142AE,Ravindra Dattaram Waikar,Maharashtra,lok_sabha
MP_A3627B47,Brijendra Singh Ola,Rajasthan,lok_sabha
MP_7D3569A5,Sougata Ray,West Bengal,lok_sabha
MP_D93012DD,Arjun Ram Meghwal,Rajasthan,lok_sabha
MP_8601B770,Rakesh Rathor,Uttar Pradesh,lok_sabha
MP_D9DD9416,Amraram,Rajasthan,lok_sabha
MP_18AE5732,Ashok Kumar Yadav,Bihar,lok_sabha
MP_B59BEB3E,Suresh Kumar Kashyap,Himachal Pradesh,lok_sabha
MP_58EAA2F6,Mahesh Kashyap,Chhattisgarh,lok_sabha
MP_A9CFC490,Mala Roy,West Bengal,lok_sabha
MP_1A0B2102,Rambhual Nishad,Uttar Pradesh,lok_sabha
MP_87D2142C,Sanjay Seth,Jharkhand,lok_sabha
MP_248E3135,Kalyan Banerjee,West Bengal,lok_sabha
MP_CFD83F0C,Durga Das Uikey,Madhya Pradesh,lok_sabha
MP_DFD399D6,Mohammad Jawed,Bihar,lok_sabha
MP_F5B4A4BE,Harsh Malhotra,Delhi,lok_sabha
MP_DCA89489,Afzal Ansari,Uttar Pradesh,lok_sabha
MP_0608F13D,Kishori Lal,Uttar Pradesh,lok_sabha
MP_C28F64CA,Arvind Ganpat Sawant,Maharashtra,lok_sabha
MP_7F56345D,Vaithilingam Ve,Puducherry,lok_sabha
MP_2F4DB944,Anil Firojiya,Madhya Pradesh,lok_sabha
MP_539F6E50,Thiru Dayanidhi Maran,Tamil Nadu,lok_sabha
MP_1BD265B5,Mitesh Rameshbhai Bakabhai Patel,Gujarat,lok_sabha
MP_3C2310E6,Kanwar Singh Tanwar,Uttar Pradesh,lok_sabha
MP_12FB635D,K E Prakash,Tamil Nadu,lok_sabha
MP_41C48690,Smita Uday Wagh,Maharashtra,lok_sabha
MP_600F56EC,S Venkatesan,Tamil Nadu,lok_sabha
MP_C93D7C12,Manoj Tiwari,Delhi,lok_sabha
MP_22AC88F1,Anand Bhadauriya,Uttar Pradesh,lok_sabha
MP_406FE2DD,. Rajesh Mishra,Madhya Pradesh,lok_sabha
MP_A2D12254,Midhun Reddy,Andhra Pradesh,lok_sabha
MP_E4370D95,Damodar Agarwal,Rajasthan,lok_sabha
MP_651D5311,Benny Behanan,Kerala,lok_sabha
MP_0F5235E9,Gurjeet Singh Aujla,Punjab,lok_sabha
MP_3B31B6CC,R.K. Chaudhary,Uttar Pradesh,lok_sabha
MP_9F90882C,Dhanorkar Pratibha Suresh Alias Balubhau,Maharashtra,lok_sabha
MP_7AA0C063,Anoop Pradhan Balmiki,Uttar Pradesh,lok_sabha
MP_7A20A8C8,Jitendra Singh,Jammu And Kashmir,lok_sabha
MP_E5A6BA59,Gaurav Gogoi,Assam,lok_sabha
MP_910D0E2C,Daroga Prasad Saroj,Uttar Pradesh,lok_sabha
MP_F2C91A52,Sanatan Pandey,Uttar Pradesh,lok_sabha
MP_2221842E,Sagar Eshwar Khandre,Karnataka,lok_sabha
MP_6FE3D473,Chamala Kiran Kumar Reddy,Telangana,lok_sabha
MP_B8A57D8E,Shrimant Chh Udayanraje Pratapsinhamaharaj Bhonsle,Maharashtra,lok_sabha
MP_CB13AF37,S Jothimani,Tamil Nadu,lok_sabha
MP_9B3E5102,T Sumathy (A) Thamizhachi Thangapandian,Tamil Nadu,lok_sabha
MP_4381DF19,Dharambir Singh,Haryana,lok_sabha
MP_857798C3,Mani. A.,Tamil Nadu,lok_sabha
MP_7D9979F1,Jitendra Kumar Dohare,Uttar Pradesh,lok_sabha
MP_608B715D,Faggan Singh Kulaste,Madhya Pradesh,lok_sabha
MP_D9B097ED,Mukesh Rajput,Uttar Pradesh,lok_sabha
MP_F99E6203,Khagen Murmu,West Bengal,lok_sabha
MP_66965FF0,Atul Garg,Uttar Pradesh,lok_sabha
MP_7241AC3B,Kota Srinivas Poojary,Karnataka,lok_sabha
MP_53ADD95E,Pathan Yusuf,West Bengal,lok_sabha
MP_376A96F9,Priyanka Satish Jarkiholi,Karnataka,lok_sabha
MP_9589219F,Jagannath Sarkar,West Bengal,lok_sabha
MP_C3750EC9,Kanimozhi Karunanidhi,Tamil Nadu,lok_sabha
MP_5C13DCEA,Azad Kirti Jha,West Bengal,lok_sabha
MP_539E4E03,Konda Vishweshwar Reddy,Telangana,lok_sabha
MP_F8454555,Rajesh Verma,Bihar,lok_sabha
MP_D18764D7,Ram Prasad Chaudhary,Uttar Pradesh,lok_sabha
MP_07C50C5D,. Sharmila Sarkar,West Bengal,lok_sabha
MP_B86A9CDD,Rajeshbhai Naranbhai Chudasama,Gujarat,lok_sabha
MP_C13BA2FE,Radhe Shyam Rathiya,Chhattisgarh,lok_sabha
MP_0736602E,Prasun Banerjee,West Bengal,lok_sabha
MP_A54C0374,Balram Naik Porika,Telangana,lok_sabha
MP_677427E0,Naveen Jindal,Haryana,lok_sabha
MP_BED4CA10,Rajeev Bhardwaj,Himachal Pradesh,lok_sabha
MP_3B578E98,Adhikari Soumendu,West Bengal,lok_sabha
MP_A8C7482E,Bharatbhai Manubhai Sutariya,Gujarat,lok_sabha
MP_A4BF96CB,Janardan Mishra,Madhya Pradesh,lok_sabha
MP_44A18339,Poonamben Hematbhai Maadam,Gujarat,lok_sabha
MP_3F636C20,Eswarasamy K,Tamil Nadu,lok_sabha
MP_7D50233A,Shankar Lalwani,Madhya Pradesh,lok_sabha
MP_B9BFDDC5,Bhartruhari Mahtab,Odisha,lok_sabha
MP_981C274A,Thalikkottai Rajuthevar Baalu,Tamil Nadu,lok_sabha
MP_81387B65,Sudip Bandyopadhyay,West Bengal,lok_sabha
MP_887EB814,Vishweshwar Hegde Kageri,Karnataka,lok_sabha
MP_1E8267D7,Bunty Vivek Sahu,Madhya Pradesh,lok_sabha
MP_FE512F1A,M.K. Vishnuprasad,Tamil Nadu,lok_sabha
MP_20BEA48F,Gumma Thanuja Rani,Andhra Pradesh,lok_sabha
MP_F3BA758C,Savitri Thakur,Madhya Pradesh,lok_sabha
MP_F009F001,Tokhan Sahu,Chhattisgarh,lok_sabha
MP_867CC23A,Darshan Singh,Madhya Pradesh,lok_sabha
MP_6EE56CC1,Kalanidhi Veeraswamy,Tamil Nadu,lok_sabha
MP_1B61E345,Chhatra Pal Singh Gangwar,Uttar Pradesh,lok_sabha
MP_E9DDF348,Tariq Anwar,Bihar,lok_sabha
MP_4D7DA745,Virendra Kumar,Madhya Pradesh,lok_sabha
MP_39E6706E,Shatrughan Sinha,West Bengal,lok_sabha
MP_59D8CF64,Bansuri Swaraj,Delhi,lok_sabha
MP_0ED24B4F,B K Parthasarathi,Andhra Pradesh,lok_sabha
MP_38B57344,Rajeev Rai,Uttar Pradesh,lok_sabha
MP_2CE4A0AA,Kadiyam Kavya,Telangana,lok_sabha
MP_BA9319DE,Saptagiri Sankar Ulaka,Odisha,lok_sabha
MP_C1941BB7,Dushyant Singh,Rajasthan,lok_sabha
MP_EF9109C1,Kirti Vardhan Singh,Uttar Pradesh,lok_sabha
MP_3CB57707,Jai Parkash,Haryana,lok_sabha
MP_0072E72A,Mahendra Singh Solanky,Madhya Pradesh,lok_sabha
MP_0750EC6F,. S P Singh,Uttar Pradesh,lok_sabha
MP_594A0E84,Mala Rajya Laxmi Shah,Uttarakhand,lok_sabha
MP_3A7D0B67,Virendra Singh,Uttar Pradesh,lok_sabha
MP_2C2C6C0C,Aditya Yadav,Uttar Pradesh,lok_sabha
MP_DB81EF0B,Anand Kumar,Uttar Pradesh,lok_sabha
MP_805F7C44,Rajnath Singh,Uttar Pradesh,lok_sabha
MP_5B8FAB3A,Govind Makthappa Karjol,Karnataka,lok_sabha
MP_5274B0E2,Pankaj Chowdhary,Uttar Pradesh,lok_sabha
MP_6AFCC223,K. Rajashekar Basavaraj Hitnal,Karnataka,lok_sabha
MP_CEE750F4,Mr Gopal Jee Thakur,Bihar,lok_sabha
MP_A55DF767,Durai Vaiko,Tamil Nadu,lok_sabha
MP_15B7B05C,Nityanand Rai,Bihar,lok_sabha
MP_46CDB7A6,Khalilur Rahaman,West Bengal,lok_sabha
MP_94826E77,Devesh Shakya,Uttar Pradesh,lok_sabha
MP_8D9941C1,Deepak (Dev) Adhikari,West Bengal,lok_sabha
MP_A81AE3F9,Sayani Ghosh,West Bengal,lok_sabha
MP_EA725E22,Alfred Kanngam S Arthur,Manipur,lok_sabha
MP_6F724DC0,Lumbaram,Rajasthan,lok_sabha
MP_2D3980AB,Sunil Kumar,Bihar,lok_sabha
MP_40D50BB4,Akhilesh Yadav,Uttar Pradesh,lok_sabha
MP_2D657CC1,Mansukhbhai Dhanjibhai Vasava,Gujarat,lok_sabha
MP_AC15D045,Manish Tewari,Chandigarh,lok_sabha
MP_29F4D44C,Parvatagouda Chandanagouda Gaddigoudar,Karnataka,lok_sabha
MP_F33D357A,Tanuj Punia,Uttar Pradesh,lok_sabha
MP_4911CFC2,Haribhai Patel,Gujarat,lok_sabha
MP_01B99BFB,Nimuben Jayantibhai Bambhaniya,Gujarat,lok_sabha
MP_273069F7,Mukeshkumar Chandrakaant Dalal,Gujarat,lok_sabha
MP_107AA9C8,Captain Viriato Fernandes,Goa,lok_sabha
MP_9D56EE6B,Vishnu Dutt Sharma,Madhya Pradesh,lok_sabha
MP_0003B4F7,June Maliah,West Bengal,lok_sabha
MP_BC3AB118,K.Sudhakar,Karnataka,lok_sabha
MP_BB3C4E4E,M. Mallesh Babu,Karnataka,lok_sabha
MP_447FAA09,Kriti Devi Debbarman,Tripura,lok_sabha
MP_7BB884DB,Aparajita Sarangi,Odisha,lok_sabha
MP_820F34E5,Amrinder Singh Raja Warring,Punjab,lok_sabha
MP_6333A615,K Francis George,Kerala,lok_sabha
MP_D11A41BE,Raj Bhushan,Bihar,lok_sabha
MP_49C2ECF6,Andrew J. Syngkon,Meghalaya,lok_sabha
MP_A0256303,Bajrang Manohar Sonwane,Maharashtra,lok_sabha
MP_4F80032A,Ambica G Lakshminarayana Valmiki,Andhra Pradesh,lok_sabha
MP_25524A1E,Ananta Nayak,Odisha,lok_sabha
MP_6D5ACF00,Byreddy Shabari,Andhra Pradesh,lok_sabha
MP_29CD03BF,Devendra Alias Bhole Singh,Uttar Pradesh,lok_sabha
MP_5B43C7F0,Ramvir Singh Bidhuri,Delhi,lok_sabha
MP_6ED03CD2,Supriya Sadanand Sule,Maharashtra,lok_sabha
MP_A2E5FEFA,Shobha Karandlaje,Karnataka,lok_sabha
MP_B59CE63F,Ashish Dubey,Madhya Pradesh,lok_sabha
MP_6C329AB9,Captain Brijesh Chowta,Karnataka,lok_sabha
MP_880F84F7,Raja Ram Singh,Bihar,lok_sabha
MP_C9AB31EA,Kamaljeet Sehrawat,Delhi,lok_sabha
MP_D5B0E16D,Phani Bhusan Choudhury,Assam,lok_sabha
MP_A7F8A91D,Hema Malini,Uttar Pradesh,lok_sabha
MP_8E206673,B Y Raghavendra,Karnataka,lok_sabha
MP_2CC0EA3A,Dhairyasheel Sambhajirao Mane,Maharashtra,lok_sabha
MP_248A31D6,Yaduveer Krishnadatta Chamaraja Wadiyar,Karnataka,lok_sabha
MP_9B4DAEBD,Kunduru Raghuveer,Telangana,lok_sabha
MP_3C173016,Chandubhai Chhaganbhai Shihora,Gujarat,lok_sabha
MP_7843972D,Isha Khan Choudhury,West Bengal,lok_sabha
MP_8556498F,Baijayant Panda,Odisha,lok_sabha
MP_5EADCB44,Dimple Yadav,Uttar Pradesh,lok_sabha
MP_EB6F77DF,Rajkumar Sangwan,Uttar Pradesh,lok_sabha
MP_EEF7A8CE,Arun Bharti,Bihar,lok_sabha
MP_527A1B44,Vellalath Kochukrishnan Nair Sreekandan,Kerala,lok_sabha
MP_CA9BA1A0,Gaikwad Varsha Eknath,Maharashtra,lok_sabha
MP_33EEE541,Jugal Kishore Sharma,Jammu And Kashmir,lok_sabha
MP_27D0B6EB,Anita Nagarsingh Chouhan,Madhya Pradesh,lok_sabha
MP_50E0197A,Thanga Tamilselvan,Tamil Nadu,lok_sabha
MP_DACD6A7E,Dineshbhai Makwana,Gujarat,lok_sabha
MP_B980831E,Dharmendra Yadav,Uttar Pradesh,lok_sabha
MP_2B14E11A,Laxmikant Pappu Nishad,Uttar Pradesh,lok_sabha
MP_970DF581,Mohite Patil Dhairyasheel Rajsinh,Maharashtra,lok_sabha
MP_029E40B4,Ranjit Dutta,Assam,lok_sabha
MP_3BA586E1,Chandra Sekhar Pemmasani,Andhra Pradesh,lok_sabha
MP_0ED24D59,Bhumare Sandipanrao Asaram,Maharashtra,lok_sabha
MP_B7147B3B,Sukhjinder Singh Randhawa,Punjab,lok_sabha
MP_F213F34C,Angomcha Bimol Akoijam,Manipur,lok_sabha
MP_D6B1471F,Ravindra Shyamnarayan Alias Ravi Kishan Shukla,Uttar Pradesh,lok_sabha
MP_B460D11A,Kinjarapu Ram Mohan Naidu,Andhra Pradesh,lok_sabha
MP_BC83F246,Ramasahayam Raghuram Reddy,Telangana,lok_sabha
MP_9A1A0F87,. Kirsan Namdeo,Maharashtra,lok_sabha
MP_9A54FF62,Shashi Tharoor,Kerala,lok_sabha
MP_041F6A15,Ajay Kumar Mandal,Bihar,lok_sabha
MP_EBDDB507,Magunta Sreenivasulu Reddy,Andhra Pradesh,lok_sabha
MP_040AAAA9,Biplab Kumar Deb,Tripura,lok_sabha
MP_621FBFED,Ummeda Ram Beniwal,Rajasthan,lok_sabha
MP_06FFE707,V. Somanna,Karnataka,lok_sabha
MP_31145853,Anita Subhadarshini,Odisha,lok_sabha
MP_9A34746C,Ruchi Vira,Uttar Pradesh,lok_sabha
MP_1C9298AA,Babu Singh Kushwaha,Uttar Pradesh,lok_sabha
MP_96794452,Amar Sharadrao Kale,Maharashtra,lok_sabha
MP_B8D7302D,Chhatrapati Shahu Shahaji,Maharashtra,lok_sabha
MP_CAB593C6,Amar Singh,Punjab,lok_sabha
MP_D52455CE,Ramesh Chandappa Jigajinagi,Karnataka,lok_sabha
MP_B53BD00F,Mian Altaf Ahmad,Jammu And Kashmir,lok_sabha
MP_5351D4AA,Naresh Chandra Uttam Patel,Uttar Pradesh,lok_sabha
MP_C99AEA87,Dhaval Laxmanbhai Patel,Gujarat,lok_sabha
MP_D2A96F7C,Nilesh Dnyandev Lanke,Maharashtra,lok_sabha
MP_7F4B8282,Prabhakar Reddy Vemireddy,Andhra Pradesh,lok_sabha
MP_DA1845BB,Anurag Singh Thakur,Himachal Pradesh,lok_sabha
MP_0A131770,Satish Kumar Gautam,Uttar Pradesh,lok_sabha
MP_9BB6CCAC,Shreyas. M. Patel,Karnataka,lok_sabha
MP_7CF7334E,Sudha R,Tamil Nadu,lok_sabha
MP_7F7C524D,Jitan Ram Manjhi,Bihar,lok_sabha
MP_23F667E2,Kalyan Vaijinathrao Kale,Maharashtra,lok_sabha
MP_C8228840,Aruna. D. K,Telangana,lok_sabha
MP_4B898173,Utkarsh Verma Madhur,Uttar Pradesh,lok_sabha
MP_AD612712,Balabhadra Majhi,Odisha,lok_sabha
MP_7C669D55,Aashtikar Patil Nagesh Bapurao,Maharashtra,lok_sabha
MP_29EA64F1,Bharti Pardhi,Madhya Pradesh,lok_sabha
MP_AE380E78,. Prabha Mallikarjun,Karnataka,lok_sabha
MP_2FFF34BC,Appalanaidu Kalisetti,Andhra Pradesh,lok_sabha
MP_527C853B,Selja,Haryana,lok_sabha
MP_0693B631,Suresh Gopi,Kerala,lok_sabha
MP_1E95CBC8,Thirumaa Valavan Thol,Tamil Nadu,lok_sabha
MP_EC011E7C,Ashok Kumar Rawat,Uttar Pradesh,lok_sabha
MP_2FF6A47E,Sarbananda Sonowal (18Ls),Assam,lok_sabha
MP_88674171,Ajay Bhatt,Uttarakhand,lok_sabha
MP_F5F16BAE,Geniben Nagaji Thakor,Gujarat,lok_sabha
MP_4D0198B3,Janardan Singh Sigriwal,Bihar,lok_sabha
MP_37DC3D31,Rajpalsinh Mahendrasinh Jadav,Gujarat,lok_sabha
MP_41A8043E,Ajay Tamta,Uttarakhand,lok_sabha
MP_DEA55D8A,Basavaraj Bommai,Karnataka,lok_sabha
MP_6677F998,Gopinath K,Tamil Nadu,lok_sabha
MP_453151B2,Rabindra Narayan Behera,Odisha,lok_sabha
MP_3BA561D8,Malaiyarasan D,Tamil Nadu,lok_sabha
MP_01B6FBB6,Rao Rajendra Singh,Rajasthan,lok_sabha
MP_8B64D245,Vishal,Maharashtra,lok_sabha
MP_F6DD3999,Manohar Lal,Haryana,lok_sabha
MP_0528EFBD,Adoor Prakash,Kerala,lok_sabha
MP_A2DBA7FE,Alok Sharma,Madhya Pradesh,lok_sabha
MP_C1478E07,Bishnu Pada Ray,Andaman And Nicobar Islands,lok_sabha
MP_9811D463,Shafi Parambil,Kerala,lok_sabha
MP_2B83B8E9,Robert Bruce C,Tamil Nadu,lok_sabha
MP_E3A6C738,Manoj Tigga,West Bengal,lok_sabha
MP_54DEB699,. Mansukh Mandaviya,Gujarat,lok_sabha
MP_29F90DD9,Bhojraj Nag,Chhattisgarh,lok_sabha
MP_8944C4BD,Sudama Prasad,Bihar,lok_sabha
MP_BF30F0FF,Sukhdeo Bhagat,Jharkhand,lok_sabha
MP_5DE004A4,Bhausaheb Rajaram Wakchaure,Maharashtra,lok_sabha
MP_A1D4AF5B,Aga Syed Ruhullah Mehdi,Jammu And Kashmir,lok_sabha
MP_5AA2B4CB,Kani K Navas,Tamil Nadu,lok_sabha
MP_402AD9CA,Murari Lal Meena,Rajasthan,lok_sabha
MP_47B5A2E5,Vishnu Dayal Ram,Jharkhand,lok_sabha
MP_6145422B,Selvaraj V,Tamil Nadu,lok_sabha
MP_868CC79B,Bhola Singh,Uttar Pradesh,lok_sabha
MP_880E8CCA,G. Kumar Naik,Karnataka,lok_sabha
MP_EE61FF91,Bharat Singh Kushwah,Madhya Pradesh,lok_sabha
MP_B8580343,Avimanyu Sethi,Odisha,lok_sabha
MP_42B8ADFE,Mahima Mewar,Rajasthan,lok_sabha
MP_51C1FB0C,Annpurna Devi,Jharkhand,lok_sabha
MP_04A80A6C,Sukanta Kumar Panigrahi,Odisha,lok_sabha
MP_FEB05B37,Daggubati Purandeshwari,Andhra Pradesh,lok_sabha
MP_6F1306B9,Imran Masood,Uttar Pradesh,lok_sabha
MP_85637383,Priyanka Gandhi Vadra,Kerala,lok_sabha
MP_70218212,Dilip Saikia,Assam,lok_sabha
MP_8FDD8C6A,M K Raghavan,Kerala,lok_sabha
MP_C460F150,Praveen Patel,Uttar Pradesh,lok_sabha
MP_63AD6BF9,Kaushalendra Kumar,Bihar,lok_sabha
MP_DBAC11F2,Pratap Chandra Sarangi,Odisha,lok_sabha
MP_3361A68B,Shantanu Thakur,West Bengal,lok_sabha
MP_3BF6EE80,Sanjay Kumar Bandi,Telangana,lok_sabha
MP_1F944C96,E.T. Mohammed Basheer,Kerala,lok_sabha
MP_D1E33F06,Bibhu Prasad Tarai,Odisha,lok_sabha
MP_D265CC6B,Sunil Dattatray Tatkare,Maharashtra,lok_sabha
MP_7D7758C9,Sunil Bose,Karnataka,lok_sabha
MP_7936A3BD,Naba Charan Majhi,Odisha,lok_sabha
MP_5908DD76,Joyanta Basumatary,Assam,lok_sabha
MP_32B367BB,Tangella Uday Srinivas,Andhra Pradesh,lok_sabha
MP_AC08C4D8,Praveen Khandelwal,Delhi,lok_sabha
MP_0786935A,Sambit Patra,Odisha,lok_sabha
MP_2DF3DC49,Vamsi Krishna Gaddam,Telangana,lok_sabha
MP_FACE8C31,E. Tukaram,Karnataka,lok_sabha
MP_9B4297C3,Charanjit Singh Channi,Punjab,lok_sabha
MP_0B194489,Amit Shah,Gujarat,lok_sabha
MP_40F64466,Ganapathy Rajkumar P,Tamil Nadu,lok_sabha
MP_ABF91FAE,Jashubhai Bhilubhai Rathva,Gujarat,lok_sabha
MP_FF7AB238,Anupriya Patel,Uttar Pradesh,lok_sabha
MP_ACB4077C,. M.P Abdussamad Samadani,Kerala,lok_sabha
MP_77C32E85,Balya Mama Suresh Gopinath Mhatre,Maharashtra,lok_sabha
MP_0B864B50,Murlidhar Mohol,Maharashtra,lok_sabha
MP_0006FFE0,. Prashant Yadaorao Padole,Maharashtra,lok_sabha
MP_2B585DAE,Narayan Tatu Rane,Maharashtra,lok_sabha
MP_9FD54567,Devesh Chandra Thakur,Bihar,lok_sabha
MP_28022624,Krishna Prasad Tenneti,Andhra Pradesh,lok_sabha
MP_9B2B0315,Narendra Modi,Uttar Pradesh,lok_sabha
MP_F822EDCD,Krishan Pal Gurjar,Haryana,lok_sabha
MP_8F1CF4AD,Shivraj Singh Chouhan,Madhya Pradesh,lok_sabha
MP_3F10FEBE,Iqra,Uttar Pradesh,lok_sabha
MP_B9ED21CC,Giriraj Singh,Bihar,lok_sabha
MP_F28C248A,Rahul Kaswan,Rajasthan,lok_sabha
MP_365D0C8D,Bhaskar Murlidhar Bhagare,Maharashtra,lok_sabha
MP_2B41BF93,Rajabhau,Maharashtra,lok_sabha
MP_B76CAA6F,Abdul Rashid Sheikh,Jammu And Kashmir,lok_sabha
MP_62F68D9B,Godam Nagesh,Telangana,lok_sabha
MP_51E465C2,Lovely Anand,Bihar,lok_sabha
MP_E23A90D6,Dinesh Chandra Yadav,Bihar,lok_sabha
MP_923CE60A,Dharmendra Pradhan,Odisha,lok_sabha
MP_69435D91,Sandhya Ray,Madhya Pradesh,lok_sabha
MP_78C964DD,Jyotirmay Singh Mahato,West Bengal,lok_sabha
MP_67D35C9E,Jagadish Shettar,Karnataka,lok_sabha
MP_A584EEB9,Mallu Ravi,Telangana,lok_sabha
MP_D2850343,Jayanta Kumar Roy,West Bengal,lok_sabha
MP_381B192E,Joba Majhi,Jharkhand,lok_sabha
MP_AF376460,Ujjwal Raman Singh,Uttar Pradesh,lok_sabha
MP_D1023E68,Jitin Prasada,Uttar Pradesh,lok_sabha
MP_1746E4CC,Ganesh Singh,Madhya Pradesh,lok_sabha
MP_35C34A69,Anil Baluni,Uttarakhand,lok_sabha
MP_73E2CA7D,Kalaben Mohanbhai Delkar,The Dadra And Nagar Haveli And Daman And Diu,lok_sabha
MP_C322562A,Kali Charan Singh,Jharkhand,lok_sabha
MP_4A625B58,Anil Yeshwant Desai,Maharashtra,lok_sabha
MP_848BFADB,Sangeeta Singh Deo,Odisha,lok_sabha
MP_6A19F442,Trivendra Singh Rawat,Uttarakhand,lok_sabha
MP_56372910,Dulu Mahato,Jharkhand,lok_sabha
MP_BED66A16,Varun Chaudhry,Haryana,lok_sabha
MP_CAD8CE13,D M Kathir Anand,Tamil Nadu,lok_sabha
MP_81A50651,Asaduddin Owaisi,Telangana,lok_sabha
MP_34F1BA54,H.D. Kumaraswamy,Karnataka,lok_sabha
MP_C829731D,Parimal Suklabaidya,Assam,lok_sabha
MP_81B95CF7,Pradeep Purohit,Odisha,lok_sabha
MP_42901939,Zia Ur Rehman,Uttar Pradesh,lok_sabha
MP_8D0E9FDF,Chirag Paswan,Bihar,lok_sabha
MP_3F764E9C,Sribharat Mathukumli,Andhra Pradesh,lok_sabha
MP_70E69E1C,Vijay Kumar Hansdak,Jharkhand,lok_sabha
MP_8E64A749,Ravindra Vasantrao Chavan,Maharashtra,lok_sabha
MP_7B2AE585,Vivek Thakur,Bihar,lok_sabha
MP_1B856156,Kuldeep Indora,Rajasthan,lok_sabha
MP_6A9D4E5F,. Hemant Vishnu Savara,Maharashtra,lok_sabha
MP_6BD0DB2A,Kartick Chandra Paul,West Bengal,lok_sabha
MP_C690489C,Bidyut Baran Mahato,Jharkhand,lok_sabha
MP_6C49CA88,Yogendra Chandoliya,Delhi,lok_sabha
MP_4C2BD878,Muhammed Hamdullah Sayeed,Lakshadweep,lok_sabha
MP_B965C926,Shyamkumar,Maharashtra,lok_sabha
MP_DAB67F94,Sanjay Dina Patil,Maharashtra,lok_sabha
MP_BC09065F,Kishan Reddy Gangapuram,Telangana,lok_sabha
MP_2D41BB12,C.M.Ramesh,Andhra Pradesh,lok_sabha
MP_34BAA3AB,Sivanath Kesineni,Andhra Pradesh,lok_sabha
MP_F87F13AB,Bhajan Lal Jatav,Rajasthan,lok_sabha
MP_6491F797,Suresh Kumar Shetkar,Telangana,lok_sabha
MP_A3BEE23A,Surendra Prasad Yadav,Bihar,lok_sabha
MP_E57AC99E,Gajendra Singh Shekhawat,Rajasthan,lok_sabha
MP_B5A548C8,Kiren Rijiju,Arunachal Pradesh,lok_sabha
MP_6079309A,Kamakhya Prasad Tasa,Assam,lok_sabha
MP_2EA769F3,Kripanath Mallah,Assam,lok_sabha
MP_D82A9D12,Ram Shiromani,Uttar Pradesh,lok_sabha
MP_76045148,Patel Umeshbhai Babubhai,The Dadra And Nagar Haveli And Daman And Diu,lok_sabha
MP_7DD91B4C,Rudra Narayan Pany,Odisha,lok_sabha
MP_84E15343,Prataprao Jadhav,Maharashtra,lok_sabha
MP_A0033088,Selvaganapathi T M,Tamil Nadu,lok_sabha
MP_A3B59E9A,Kamlesh Paswan,Uttar Pradesh,lok_sabha
MP_383EBBAE,Jagdambika Pal,Uttar Pradesh,lok_sabha
MP_C980617B,Mohamed Haneefa,Ladakh,lok_sabha
MP_FB51748D,Rajiv Ranjan (Lalan) Singh,Bihar,lok_sabha
MP_492BAFE1,Shambhavi,Bihar,lok_sabha
MP_BAF5B4F6,Nishikant Dubey,Jharkhand,lok_sabha
MP_53E84460,Manish Jaiswal,Jharkhand,lok_sabha
MP_BE1B26DB,Radhakrishna,Karnataka,lok_sabha
MP_69E08200,Rajiv Pratap Rudy,Bihar,lok_sabha
MP_B576B91D,. Pradeep Kumar Panigrahy,Odisha,lok_sabha
MP_624C9117,Bhupathiraju Srinivasa Varma,Andhra Pradesh,lok_sabha
MP_2F9F33EA,Shrikant Eknath Shinde,Maharashtra,lok_sabha
MP_EAF7E459,Harish Chandra Meena,Rajasthan,lok_sabha
MP_F09F0102,Misha Bharti,Bihar,lok_sabha
MP_340E761F,Naresh Ganpat Mhaske,Maharashtra,lok_sabha
MP_9E9F696A,Sanjay Jaiswal,Bihar,lok_sabha
