alias_id,ida_id,original_name,normalized_name,confidence_score,verified
IDA_ALIAS_000001,IDA_000001,KHORDHA(DISTRICT COLLECTOR KHORDHA_IDA),khordhadistrict collector khordhaida,1.0,True
IDA_ALIAS_000002,IDA_000002,NAINITAL(DISTRICT MAGISTRATE NAINITAL_IDA),nainitaldistrict magistrate nainitalida,1.0,True
IDA_ALIAS_000003,IDA_000003,MAU(DISTRICT MAGISTRATE MAU_IDA),maudistrict magistrate mauida,1.0,True
IDA_ALIAS_000004,IDA_000004,DEHRADUN(DISTRICT MAGISTRATE DEHRADUN_IDA),dehradundistrict magistrate dehradunida,1.0,True
IDA_ALIAS_000005,IDA_000005,PATNA(DISTRICT PLANNING OFFICER PATNA_IDA),patnadistrict planning officer patnaida,1.0,True
IDA_ALIAS_000006,IDA_000006,SAGAR(DISTRICT COLLECTOR SAGAR_IDA),sagardistrict collector sagarida,1.0,True
IDA_ALIAS_000007,IDA_000007,PATIALA(DEPUTY COMMISSIONER PATIALA_IDA),patialadeputy commissioner patialaida,1.0,True
IDA_ALIAS_000008,IDA_000008,SONBHADRA(DISTRICT MAGISTRATE SONBHADRA_IDA),sonbhadradistrict magistrate sonbhadraida,1.0,True
IDA_ALIAS_000009,IDA_000009,ROHTAS(DISTRICT PLANNING OFFICER ROHTAS_IDA),rohtasdistrict planning officer rohtasida,1.0,True
IDA_ALIAS_000010,IDA_000010,CACHAR(DEPUTY COMMISSIONER CACHAR_IDA),cachardeputy commissioner cacharida,1.0,True
IDA_ALIAS_000011,IDA_000011,CHARAIDEO(DEPUTY COMMISSIONER CHARAIDEO_IDA),charaideodeputy commissioner charaideoida,1.0,True
IDA_ALIAS_000012,IDA_000012,FARIDKOT(DEPUTY COMMISSIONER FARIDKOT_IDA),faridkotdeputy commissioner faridkotida,1.0,True
IDA_ALIAS_000013,IDA_000013,NALGONDA(DISTRICT COLLECTOR NALGONDA),nalgondadistrict collector nalgonda,1.0,True
IDA_ALIAS_000014,IDA_000014,SAHARSA(DISTRICT PLANNING OFFICER SAHARSA_IDA),saharsadistrict planning officer saharsaida,1.0,True
IDA_ALIAS_000015,IDA_000015,KENDRAPADA(DISTRICT COLLECTOR KENDRAPARA_IDA),kendrapadadistrict collector kendraparaida,1.0,True
IDA_ALIAS_000016,IDA_000016,AURANGABAD(DISTRICT PLANNING OFFICER AURANGABAD_IDA),aurangabaddistrict planning officer aurangabadida,1.0,True
IDA_ALIAS_000017,IDA_000017,PURI(DISTRICT COLLECTOR PURI_IDA),puridistrict collector puriida,1.0,True
IDA_ALIAS_000018,IDA_000018,SURAT(DISTRICT COLLECTOR SURAT_IDA),suratdistrict collector suratida,1.0,True
IDA_ALIAS_000019,IDA_000019,PRATAPGARH(DISTRICT MAGISTRAE PRATAPGARH_IDA),pratapgarhdistrict magistrae pratapgarhida,1.0,True
IDA_ALIAS_000020,IDA_000020,NIRMAL(DISTRICT COLLECTOR NIRMAL_3),nirmaldistrict collector nirmal3,1.0,True
IDA_ALIAS_000021,IDA_000021,"BILASPUR(DEPUTY COMMISSIONER, BILASPUR)",bilaspurdeputy commissioner bilaspur,1.0,True
IDA_ALIAS_000022,IDA_000022,PATHANAMTHITTA(DISTRICT COLLECTOR PATHANAMTHITTA_IDA),pathanamthittadistrict collector pathanamthittaida,1.0,True
IDA_ALIAS_000023,IDA_000023,MOGA(DEPUTY COMMISSIONER MOGA),mogadeputy commissioner moga,1.0,True
IDA_ALIAS_000024,IDA_000024,VADODARA(DISTRICT COLLECTOR VADODARA_IDA),vadodaradistrict collector vadodaraida,1.0,True
IDA_ALIAS_000025,IDA_000025,KODERMA(DEPUTY COMMISSIONER KODARMA_IDA),kodermadeputy commissioner kodarmaida,1.0,True
IDA_ALIAS_000026,IDA_000026,SARAIKELA KHARSAWAN(DEPUTY COMMISSIONER SARAIKELA_IDA),saraikela kharsawandeputy commissioner saraikelaida,1.0,True
IDA_ALIAS_000027,IDA_000027,MADHEPURA(DISTRICT PLANNING OFFICER MADHEPURA_IDA),madhepuradistrict planning officer madhepuraida,1.0,True
IDA_ALIAS_000028,IDA_000028,ALWAR(DISTRICT COLLECTOR ALWAR_IDA),alwardistrict collector alwarida,1.0,True
IDA_ALIAS_000029,IDA_000029,GANDHINAGAR(DISTRICT COLLECTOR GANDHINAGAR_IDA),gandhinagardistrict collector gandhinagarida,1.0,True
IDA_ALIAS_000030,IDA_000030,SEONI(DISTRICT COLLECTOR SEONI_IDA),seonidistrict collector seoniida,1.0,True
IDA_ALIAS_000031,IDA_000031,JABALPUR(DISTRICT COLLECTOR JABALPUR_IDA),jabalpurdistrict collector jabalpurida,1.0,True
IDA_ALIAS_000032,IDA_000032,MAHOBA(DISTRICT MAGISTRAE MAHOBA_IDA),mahobadistrict magistrae mahobaida,1.0,True
IDA_ALIAS_000033,IDA_000033,ANAKAPALLI(DISTRICT COLLECTOR ANAKAPALLI_IDA),anakapallidistrict collector anakapalliida,1.0,True
IDA_ALIAS_000034,IDA_000034,KALAHANDI(DISTRICT COLLECTOR KALAHANDI_IDA),kalahandidistrict collector kalahandiida,1.0,True
IDA_ALIAS_000035,IDA_000035,NAYAGADA(DISTRICT COLLECTOR  NAYAGARH_IDA),nayagadadistrict collector nayagarhida,1.0,True
IDA_ALIAS_000036,IDA_000036,BARAGADA(DISTRICT COLLECTOR BARAGARH_IDA),baragadadistrict collector baragarhida,1.0,True
IDA_ALIAS_000037,IDA_000037,TIRUVANNAMALAI(DISTRICT COLLECTOR TIRUVANNAMALAI_IDA),tiruvannamalaidistrict collector tiruvannamalaiida,1.0,True
IDA_ALIAS_000038,IDA_000038,SIRMAUR(DEPUTY COMMISSIONER SIRMOUR_IDA),sirmaurdeputy commissioner sirmourida,1.0,True
IDA_ALIAS_000039,IDA_000039,KATAKA(DISTRICT COLLECTOR CUTTACK_IDA),katakadistrict collector cuttackida,1.0,True
IDA_ALIAS_000040,IDA_000040,BANAS KANTHA(DISTRICT COLLECTOR BANAS KANTHA_IDA),banas kanthadistrict collector banas kanthaida,1.0,True
IDA_ALIAS_000041,IDA_000041,PRAKASAM(DISTRICT COLLECTOR PRAKASAM_IDA),prakasamdistrict collector prakasamida,1.0,True
IDA_ALIAS_000042,IDA_000042,MORBI(DISTRICT COLLECTOR MORBI_IDA),morbidistrict collector morbiida,1.0,True
IDA_ALIAS_000043,IDA_000043,CHARKHI DADRI(DEPUTY COMMISSIONER CHARKHI DADRI_IDA),charkhi dadrideputy commissioner charkhi dadriida,1.0,True
IDA_ALIAS_000044,IDA_000044,RAJKOT(DISTRICT COLLECTOR RAJKOT_IDA),rajkotdistrict collector rajkotida,1.0,True
IDA_ALIAS_000045,IDA_000045,TIRUCHIRAPPALLI(DISTRICT COLLECTOR TIRUCHIRAPPALLI_IDA),tiruchirappallidistrict collector tiruchirappalliida,1.0,True
IDA_ALIAS_000046,IDA_000046,RAJGARH(DISTRICT COLLECTOR RAJGARH_IDA),rajgarhdistrict collector rajgarhida,1.0,True
IDA_ALIAS_000047,IDA_000047,MANSA(DEPUTY COMMISSIONER MANSA_IDA),mansadeputy commissioner mansaida,1.0,True
IDA_ALIAS_000048,IDA_000048,FIROZABAD(DISTRICT MAGISTRATE FIROZABAD_IDA),firozabaddistrict magistrate firozabadida,1.0,True
IDA_ALIAS_000049,IDA_000049,MADHUBANI(DISTRICT PLANNING OFFICER MADHUBANI_IDA),madhubanidistrict planning officer madhubaniida,1.0,True
IDA_ALIAS_000050,IDA_000050,PUNE(DISTRICT COLLECTOR PUNE_IDA),punedistrict collector puneida,1.0,True
IDA_ALIAS_000051,IDA_000051,KHERI(DISTRICT MAGISTRAE KHERI_IDA),kheridistrict magistrae kheriida,1.0,True
IDA_ALIAS_000052,IDA_000052,AMRELI(DISTRICT COLLECTOR AMRELI_IDA),amrelidistrict collector amreliida,1.0,True
IDA_ALIAS_000053,IDA_000053,KAUSHAMBI(DISTRICT MAGISTRAE KAUSHAMBI_IDA),kaushambidistrict magistrae kaushambiida,1.0,True
IDA_ALIAS_000054,IDA_000054,SAMBHAL(DISTRICT MAGISTRAE BHIMNAGAR SAMBHAL_IDA),sambhaldistrict magistrae bhimnagar sambhalida,1.0,True
IDA_ALIAS_000055,IDA_000055,PANCHKULA(DRDA PANCHKULA),panchkuladrda panchkula,1.0,True
IDA_ALIAS_000056,IDA_000056,MAINPURI(DISTRICT MAGISTRATE MAINPURI_IDA),mainpuridistrict magistrate mainpuriida,1.0,True
IDA_ALIAS_000057,IDA_000057,KALIMPONG(DISTRICT MAGISTRATE KALIMPONG_IDA),kalimpongdistrict magistrate kalimpongida,1.0,True
IDA_ALIAS_000058,IDA_000058,TIRUPPUR(DISTRICT COLLECTOR TIRUPPUR_IDA),tiruppurdistrict collector tiruppurida,1.0,True
IDA_ALIAS_000059,IDA_000059,PALAKKAD(DISTRICT COLLECTOR PALAKKAD_IDA),palakkaddistrict collector palakkadida,1.0,True
IDA_ALIAS_000060,IDA_000060,SOUTH 24 PARGANAS(DISTRICT MAGISTRATE SOUTH TWENTY FOUR PARGANAS_IDA),south 24 parganasdistrict magistrate south twenty four parganasida,1.0,True
IDA_ALIAS_000061,IDA_000061,CHHINDWARA(DISTRICT COLLECTOR CHHINDWARA_IDA),chhindwaradistrict collector chhindwaraida,1.0,True
IDA_ALIAS_000062,IDA_000062,TIKAMGARH(DISTRICT COLLECTOR TIKAMGARH_IDA),tikamgarhdistrict collector tikamgarhida,1.0,True
IDA_ALIAS_000063,IDA_000063,LUDHIANA(DEPUTY COMMISSIONER LUDHIANA_IDA),ludhianadeputy commissioner ludhianaida,1.0,True
IDA_ALIAS_000064,IDA_000064,SIDDHARTHNAGAR(DISTRICT MAGISTRATE SIDDHARTH NAGAR_IDA),siddharthnagardistrict magistrate siddharth nagarida,1.0,True
IDA_ALIAS_000065,IDA_000065,KANNUR(DISTRICT COLLECTOR KANNUR_IDA),kannurdistrict collector kannurida,1.0,True
IDA_ALIAS_000066,IDA_000066,HAMIRPUR(DEPUTY COMMISSIONER HAMIRPUR_IDA),hamirpurdeputy commissioner hamirpurida,1.0,True
IDA_ALIAS_000067,IDA_000067,NORTH GOA(DISTRICT COLLECTOR NORTH GOA_IDA),north goadistrict collector north goaida,1.0,True
IDA_ALIAS_000068,IDA_000068,SUNDARAGADA(DISTRICT COLLECTOR SUNDARGARH_IDA),sundaragadadistrict collector sundargarhida,1.0,True
IDA_ALIAS_000069,IDA_000069,MURSHIDABAD(DISTRICT MAGISTRATE MURSHIDABAD_IDA),murshidabaddistrict magistrate murshidabadida,1.0,True
IDA_ALIAS_000070,IDA_000070,BETUL(DISTRICT COLLECTOR BETUL_IDA),betuldistrict collector betulida,1.0,True
IDA_ALIAS_000071,IDA_000071,DUNGARPUR(DISTRICT COLLECTOR DUNGARPUR_IDA),dungarpurdistrict collector dungarpurida,1.0,True
IDA_ALIAS_000072,IDA_000072,NORTH 24 PARGANAS(DISTRICT MAGISTRATE NORTH TWENTY FOUR PARGANAS_IDA),north 24 parganasdistrict magistrate north twenty four parganasida,1.0,True
IDA_ALIAS_000073,IDA_000073,ANANTHAPURAMU(DISTRICT COLLECTOR ANANTAPUR_IDA),ananthapuramudistrict collector anantapurida,1.0,True
IDA_ALIAS_000074,IDA_000074,ERNAKULAM(DISTRICT COLLECTOR ERNAKULAM_IDA),ernakulamdistrict collector ernakulamida,1.0,True
IDA_ALIAS_000075,IDA_000075,DHARWAD(DEPUTY COMMISSIONER DHARWAR_IDA),dharwaddeputy commissioner dharwarida,1.0,True
IDA_ALIAS_000076,IDA_000076,SHIMLA(DEPUTY COMMISSIONER SHIMLA_IDA),shimladeputy commissioner shimlaida,1.0,True
IDA_ALIAS_000077,IDA_000077,BHIWANI(DC CUM NODAL OFFICER MPLADS BHIWANI),bhiwanidc cum nodal officer mplads bhiwani,1.0,True
IDA_ALIAS_000078,IDA_000078,DHULE(DISTRICT COLLECTOR DHULE_IDA),dhuledistrict collector dhuleida,1.0,True
IDA_ALIAS_000079,IDA_000079,HISAR(DEPUTY COMMISSIONER HISSAR_IDA),hisardeputy commissioner hissarida,1.0,True
IDA_ALIAS_000080,IDA_000080,DURG(DISTRICT COLLECTOR DURG_IDA),durgdistrict collector durgida,1.0,True
IDA_ALIAS_000081,IDA_000081,HAPUR(DISTRICT MAGISTRATE HAPUR_IDA),hapurdistrict magistrate hapurida,1.0,True
IDA_ALIAS_000082,IDA_000082,AMBEDKAR NAGAR(DISTRICT MAGISTRATE AMBEDKAR NAGAR_IDA),ambedkar nagardistrict magistrate ambedkar nagarida,1.0,True
IDA_ALIAS_000083,IDA_000083,MADURAI(DISTRICT COLLECTOR MADURAI_IDA),maduraidistrict collector maduraiida,1.0,True
IDA_ALIAS_000084,IDA_000084,SIRSA(DEPUTY COMMISSIONER SIRSA_IDA),sirsadeputy commissioner sirsaida,1.0,True
IDA_ALIAS_000085,IDA_000085,KOPPAL(DEPUTY COMMISSIONER KOPPAL_IDA),koppaldeputy commissioner koppalida,1.0,True
IDA_ALIAS_000086,IDA_000086,SUPAUL(DISTRICT PLANNING OFFICER SUPAUL_IDA),supauldistrict planning officer supaulida,1.0,True
IDA_ALIAS_000087,IDA_000087,HASSAN(DEPUTY COMMISSIONER HASSAN_IDA),hassandeputy commissioner hassanida,1.0,True
IDA_ALIAS_000088,IDA_000088,GAYA(DISTRICT PLANNING OFFICER GAYA_IDA),gayadistrict planning officer gayaida,1.0,True
IDA_ALIAS_000089,IDA_000089,PURBA BARDHAMAN(DISTRICT MAGISTRATE PURBA BARDHAMAN_IDA),purba bardhamandistrict magistrate purba bardhamanida,1.0,True
IDA_ALIAS_000090,IDA_000090,NARSIMHAPUR(DISTRICT COLLECTOR NARSINGHPUR_IDA),narsimhapurdistrict collector narsinghpurida,1.0,True
IDA_ALIAS_000091,IDA_000091,KAPURTHALA(DEPUTY COMMISSIONER KAPURTHALA_IDA),kapurthaladeputy commissioner kapurthalaida,1.0,True
IDA_ALIAS_000092,IDA_000092,CHENGALPATTU(DISTRICT COLLECTOR CHENGALPATTU_IDA),chengalpattudistrict collector chengalpattuida,1.0,True
IDA_ALIAS_000093,IDA_000093,LAKHIMPUR(DEPUTY COMMISSIONER LAKHIMPUR_IDA),lakhimpurdeputy commissioner lakhimpurida,1.0,True
IDA_ALIAS_000094,IDA_000094,SIDDIPET(DISTRICT COLLECTOR SIDDIPET_IDA),siddipetdistrict collector siddipetida,1.0,True
IDA_ALIAS_000095,IDA_000095,Y.S.R. KADAPA(DISTRICT COLLECTOR CUDDAPAH_IDA),ysr kadapadistrict collector cuddapahida,1.0,True
IDA_ALIAS_000096,IDA_000096,MANDI(DEPUTY COMMISSIONER MANDI_IDA),mandideputy commissioner mandiida,1.0,True
IDA_ALIAS_000097,IDA_000097,BALESHWAR(DISTRICT COLLECTOR BALESHWAR_IDA),baleshwardistrict collector baleshwarida,1.0,True
IDA_ALIAS_000098,IDA_000098,WARANGAL(DISTRICT COLLECTOR WARANGAL_IDA),warangaldistrict collector warangalida,1.0,True
IDA_ALIAS_000099,IDA_000099,RAMANATHAPURAM(DISTRICT COLLECTOR RAMANATHAPURAM_IDA),ramanathapuramdistrict collector ramanathapuramida,1.0,True
IDA_ALIAS_000100,IDA_000100,SABAR KANTHA(DISTRICT COLLECTOR SABARKANTHA_IDA),sabar kanthadistrict collector sabarkanthaida,1.0,True
IDA_ALIAS_000101,IDA_000101,"EAST KHASI HILLS(DEPUTY COMMISSIONER, EAST KHASI HILLS DISTRICT)",east khasi hillsdeputy commissioner east khasi hills district,1.0,True
IDA_ALIAS_000102,IDA_000102,GHAZIPUR(DISTRICT MAGISTRAE GHAZIPUR_IDA),ghazipurdistrict magistrae ghazipurida,1.0,True
IDA_ALIAS_000103,IDA_000103,NEW DELHI(COMMISSIONER MCD NEW DELHI),new delhicommissioner mcd new delhi,1.0,True
IDA_ALIAS_000104,IDA_000104,GIR SOMNATH(DISTRICT COLLECTOR GIR SOMNATH_IDA),gir somnathdistrict collector gir somnathida,1.0,True
IDA_ALIAS_000105,IDA_000105,KORAPUT(DISTRICT COLLECTOR KORAPUT_IDA),koraputdistrict collector koraputida,1.0,True
IDA_ALIAS_000106,IDA_000106,DEOGHAR(DEPUTY COMMISSIONER DEOGHAR_IDA),deoghardeputy commissioner deogharida,1.0,True
IDA_ALIAS_000107,IDA_000107,PURBA MEDINIPUR(DISTRICT MAGISTRATE PURBA MEDINIPUR_IDA),purba medinipurdistrict magistrate purba medinipurida,1.0,True
IDA_ALIAS_000108,IDA_000108,KRISHNA(DISTRICT COLLECTOR KRISHNA_IDA),krishnadistrict collector krishnaida,1.0,True
IDA_ALIAS_000109,IDA_000109,DHANBAD(DEPUTY COMMISSIONER DHANBAD_IDA),dhanbaddeputy commissioner dhanbadida,1.0,True
IDA_ALIAS_000110,IDA_000110,SAMBA(DEPUTY COMMISSIONER SAMBA_IDA),sambadeputy commissioner sambaida,1.0,True
IDA_ALIAS_000111,IDA_000111,JAIPUR(DISTRICT COLLECTOR JAIPUR_IDA),jaipurdistrict collector jaipurida,1.0,True
IDA_ALIAS_000112,IDA_000112,SIROHI(DISTRICT COLLECTOR SIROHI_IDA),sirohidistrict collector sirohiida,1.0,True
IDA_ALIAS_000113,IDA_000113,ETAWAH(DISTRICT MAGISTRATE ETAWAH_IDA),etawahdistrict magistrate etawahida,1.0,True
IDA_ALIAS_000114,IDA_000114,SHAHPURA(DISTRICT COLLECTOR SHAHPURA_IDA),shahpuradistrict collector shahpuraida,1.0,True
IDA_ALIAS_000115,IDA_000115,KOTTAYAM(DISTRICT COLLECTOR KOTTAYAM_IDA),kottayamdistrict collector kottayamida,1.0,True
IDA_ALIAS_000116,IDA_000116,NADIA(DISTRICT MAGISTRATE NADIA_IDA),nadiadistrict magistrate nadiaida,1.0,True
IDA_ALIAS_000117,IDA_000117,NANDYAL(DISTRICT COLLECTOR NANDYAL_IDA),nandyaldistrict collector nandyalida,1.0,True
IDA_ALIAS_000118,IDA_000118,WEST GODAVARI(DISTRICT COLLECTOR WEST GODAVARI_IDA),west godavaridistrict collector west godavariida,1.0,True
IDA_ALIAS_000119,IDA_000119,WEST GARO HILLS(DEPUTY COMMISSIONER WEST GARO HILLS_IDA),west garo hillsdeputy commissioner west garo hillsida,1.0,True
IDA_ALIAS_000120,IDA_000120,KASGANJ(DISTRICT MAGISTRATE KASGANJ KANSHIRAMNAGAR_IDA),kasganjdistrict magistrate kasganj kanshiramnagarida,1.0,True
IDA_ALIAS_000121,IDA_000121,VAV-THARAD(DISTRICT COLLECTOR VAV-THARAD),vavtharaddistrict collector vavtharad,1.0,True
IDA_ALIAS_000122,IDA_000122,GONDIA(DISTRICT COLLECTOR GONDIA_IDA),gondiadistrict collector gondiaida,1.0,True
IDA_ALIAS_000123,IDA_000123,NALANDA(DISTRICT PLANNING OFFICER NALANDA_IDA),nalandadistrict planning officer nalandaida,1.0,True
IDA_ALIAS_000124,IDA_000124,SOUTH(COMMISSIONER SOUTH),southcommissioner south,1.0,True
IDA_ALIAS_000125,IDA_000125,JOGULAMBA GADWAL(DISTRICT COLLECTOR JOGULAMBA GADWAL_IDA),jogulamba gadwaldistrict collector jogulamba gadwalida,1.0,True
IDA_ALIAS_000126,IDA_000126,CHAMBA(DEPUTY COMMISSIONER CHAMBA_IDA),chambadeputy commissioner chambaida,1.0,True
IDA_ALIAS_000127,IDA_000127,MALDA(DISTRICT MAGISTRATE MALDA_IDA),maldadistrict magistrate maldaida,1.0,True
IDA_ALIAS_000128,IDA_000128,BIRBHUM(DISTRICT MAGISTRATE BIRBHUM_IDA),birbhumdistrict magistrate birbhumida,1.0,True
IDA_ALIAS_000129,IDA_000129,GURDASPUR(DEPUTY COMMISSIONER GURDASPUR_IDA),gurdaspurdeputy commissioner gurdaspurida,1.0,True
IDA_ALIAS_000130,IDA_000130,BOKARO(DEPUTY COMMISSIONER BOKARO_IDA),bokarodeputy commissioner bokaroida,1.0,True
IDA_ALIAS_000131,IDA_000131,JAISALMER(DISTRICT COLLECTOR JAISLAMER_IDA),jaisalmerdistrict collector jaislamerida,1.0,True
IDA_ALIAS_000132,IDA_000132,KACHCHH(DISTRICT COLLECTOR KUTCH_IDA),kachchhdistrict collector kutchida,1.0,True
IDA_ALIAS_000133,IDA_000133,DHARASHIV(DISTRICT COLLECTOR OSMANABAD_IDA),dharashivdistrict collector osmanabadida,1.0,True
IDA_ALIAS_000134,IDA_000134,NIZAMABAD(DISTRICT COLLECTOR NIZAMABAD_IDA),nizamabaddistrict collector nizamabadida,1.0,True
IDA_ALIAS_000135,IDA_000135,PARVATHIPURAM MANYAM(DISTRICT COLLECTOR PARVATHIPURAM MANYAM_IDA),parvathipuram manyamdistrict collector parvathipuram manyamida,1.0,True
IDA_ALIAS_000136,IDA_000136,THIRUVALLUR(DISTRICT COLLECTOR TIRUVALLUR_IDA),thiruvallurdistrict collector tiruvallurida,1.0,True
IDA_ALIAS_000137,IDA_000137,THANE(DISTRICT COLLECTOR THANE_IDA),thanedistrict collector thaneida,1.0,True
IDA_ALIAS_000138,IDA_000138,AGRA(DISTRICT MAGISTRAE AGRA_IDA),agradistrict magistrae agraida,1.0,True
IDA_ALIAS_000139,IDA_000139,SRI POTTI SRIRAMULU NELLORE(DISTRICT COLLECTOR NELLORE_IDA),sri potti sriramulu nelloredistrict collector nelloreida,1.0,True
IDA_ALIAS_000140,IDA_000140,GANGAPURCITY(DISTRICT COLLECTOR GANGAPUR CITY_IDA),gangapurcitydistrict collector gangapur cityida,1.0,True
IDA_ALIAS_000141,IDA_000141,NARAYANPET(DISTRICT COLLECTOR NARAYANPET_IDA),narayanpetdistrict collector narayanpetida,1.0,True
IDA_ALIAS_000142,IDA_000142,NORTH GARO HILLS(DEPUTY COMMISSIONER NORTH GARO HILLS RESUBELPARA_IDA),north garo hillsdeputy commissioner north garo hills resubelparaida,1.0,True
IDA_ALIAS_000143,IDA_000143,SATNA(DISTRICT COLLECTOR SATNA_IDA),satnadistrict collector satnaida,1.0,True
IDA_ALIAS_000144,IDA_000144,NAGARKURNOOL(DISTRICT COLLECTOR NAGARKURNOOL_IDA),nagarkurnooldistrict collector nagarkurnoolida,1.0,True
IDA_ALIAS_000145,IDA_000145,JAUNPUR(DISTRICT MAGISTRATE JAUNPUR_IDA),jaunpurdistrict magistrate jaunpurida,1.0,True
IDA_ALIAS_000146,IDA_000146,CHATRA(DEPUTY COMMISSIONER CHATRA_IDA),chatradeputy commissioner chatraida,1.0,True
IDA_ALIAS_000147,IDA_000147,KUSHINAGAR(DISTRICT MAGISTRATE KUSHINAGAR PADRAUNA_IDA),kushinagardistrict magistrate kushinagar padraunaida,1.0,True
IDA_ALIAS_000148,IDA_000148,PALWAL(CEO DRDA MPLADS PALWAL),palwalceo drda mplads palwal,1.0,True
IDA_ALIAS_000149,IDA_000149,MALAPPURAM(DISTRICT COLLECTOR MALAPPURAM_IDA),malappuramdistrict collector malappuramida,1.0,True
IDA_ALIAS_000150,IDA_000150,RAIPUR(DISTRICT COLLECTOR RAIPUR_IDA),raipurdistrict collector raipurida,1.0,True
IDA_ALIAS_000151,IDA_000151,THE NILGIRIS(DISTRICT COLLECTOR NILGIRIS_IDA),the nilgirisdistrict collector nilgirisida,1.0,True
IDA_ALIAS_000152,IDA_000152,SOUTH GOA(DISTRICT COLLECTOR SOUTH GOA_IDA),south goadistrict collector south goaida,1.0,True
IDA_ALIAS_000153,IDA_000153,FEROZEPUR(DEPUTY COMMISSIONER FIROZEPUR_IDA),ferozepurdeputy commissioner firozepurida,1.0,True
IDA_ALIAS_000154,IDA_000154,DAMOH(DISTRICT COLLECTOR DAMOH_IDA),damohdistrict collector damohida,1.0,True
IDA_ALIAS_000155,IDA_000155,SHIVAMOGGA(DEPUTY COMMISSIONER SHIMOGA_IDA),shivamoggadeputy commissioner shimogaida,1.0,True
IDA_ALIAS_000156,IDA_000156,GIRIDIH(DEPUTY COMMISSIONER GIRIDH_IDA),giridihdeputy commissioner giridhida,1.0,True
IDA_ALIAS_000157,IDA_000157,KURNOOL(DISTRICT COLLECTOR KURNOOL_IDA),kurnooldistrict collector kurnoolida,1.0,True
IDA_ALIAS_000158,IDA_000158,VILUPPURAM(DISTRICT COLLECTOR VILLUPURAM_IDA),viluppuramdistrict collector villupuramida,1.0,True
IDA_ALIAS_000159,IDA_000159,MAHESANA(DISTRICT COLLECTOR MAHESANA_IDA),mahesanadistrict collector mahesanaida,1.0,True
IDA_ALIAS_000160,IDA_000160,MAHABUBABAD(DISTRICT COLLECTOR MAHABUBABAD_IDA),mahabubabaddistrict collector mahabubabadida,1.0,True
IDA_ALIAS_000161,IDA_000161,BIJNOR(DISTRICT MAGISTRATE BIJNOR_IDA),bijnordistrict magistrate bijnorida,1.0,True
IDA_ALIAS_000162,IDA_000162,NUAPADA(DISTRICT COLLECTOR  NUAPADA_IDA),nuapadadistrict collector nuapadaida,1.0,True
IDA_ALIAS_000163,IDA_000163,UTTAR DINAJPUR(DISTRICT MAGISTRATE UTTAR DINAJPUR_IDA),uttar dinajpurdistrict magistrate uttar dinajpurida,1.0,True
IDA_ALIAS_000164,IDA_000164,RANCHI(DEPUTY COMMISSIONER RANCHI_IDA),ranchideputy commissioner ranchiida,1.0,True
IDA_ALIAS_000165,IDA_000165,YADADRI BHUVANAGIRI(DISTRICT COLLECTOR YADADRI BHUVANAGIRI_IDA),yadadri bhuvanagiridistrict collector yadadri bhuvanagiriida,1.0,True
IDA_ALIAS_000166,IDA_000166,SONIPAT(DEPUTY COMMISSIONER SONEPAT_IDA),sonipatdeputy commissioner sonepatida,1.0,True
IDA_ALIAS_000167,IDA_000167,HARIDWAR(DISTRICT MAGISTRATE HARIDWAR_IDA),haridwardistrict magistrate haridwarida,1.0,True
IDA_ALIAS_000168,IDA_000168,BALANGIR(DISTRICT COLLECTOR BOLANGIR_IDA),balangirdistrict collector bolangirida,1.0,True
IDA_ALIAS_000169,IDA_000169,JAMUI(DISTRICT PLANNING OFFICER JAMUI_IDA),jamuidistrict planning officer jamuiida,1.0,True
IDA_ALIAS_000170,IDA_000170,RAMPUR(DISTRICT MAGISTRATE RAMPUR_IDA),rampurdistrict magistrate rampurida,1.0,True
IDA_ALIAS_000171,IDA_000171,BARWANI(DISTRICT COLLECTOR BADWANI_IDA),barwanidistrict collector badwaniida,1.0,True
IDA_ALIAS_000172,IDA_000172,BULANDSHAHR(DISTRICT MAGISTRATE BULANDSHAHR_IDA),bulandshahrdistrict magistrate bulandshahrida,1.0,True
IDA_ALIAS_000173,IDA_000173,CHHATRAPATI SAMBHAJINAGAR(DISTRICT COLLECTOR AURANGABAD_IDA),chhatrapati sambhajinagardistrict collector aurangabadida,1.0,True
IDA_ALIAS_000174,IDA_000174,SRI MUKTSAR SAHIB(DEPUTY COMMISSIONER SRI MUKTSAR SAHIB_IDA),sri muktsar sahibdeputy commissioner sri muktsar sahibida,1.0,True
IDA_ALIAS_000175,IDA_000175,UDUPI(DEPUTY COMMISSIONER UDUPI_IDA),udupideputy commissioner udupiida,1.0,True
IDA_ALIAS_000176,IDA_000176,MAMIT(DEPUTY COMMISSIONER MAMIT),mamitdeputy commissioner mamit,1.0,True
IDA_ALIAS_000177,IDA_000177,KANGRA(DEPUTY COMMISSIONER KANGRA_IDA),kangradeputy commissioner kangraida,1.0,True
IDA_ALIAS_000178,IDA_000178,SURGUJA(COLLECTOR SURGUJA_IDA),surgujacollector surgujaida,1.0,True
IDA_ALIAS_000179,IDA_000179,PASHCHIM CHAMPARAN(DISTRICT PLANNING OFFICER WEST CHAMPARANBETTIAH_IDA),pashchim champarandistrict planning officer west champaranbettiahida,1.0,True
IDA_ALIAS_000180,IDA_000180,JAGITIAL(DISTRICT COLLECTOR JAGTIAL_IDA),jagitialdistrict collector jagtialida,1.0,True
IDA_ALIAS_000181,IDA_000181,KHARGONE (WEST NIMAR)(DISTRICT COLLECTOR KHARGONE_IDA),khargone west nimardistrict collector khargoneida,1.0,True
IDA_ALIAS_000182,IDA_000182,EAST SINGHBUM(DEPUTY COMMISSIONER EAST SINGHBUM_IDA),east singhbumdeputy commissioner east singhbumida,1.0,True
IDA_ALIAS_000183,IDA_000183,ANANTNAG(DEPUTY COMMISSIONER ANANTNAG_IDA),anantnagdeputy commissioner anantnagida,1.0,True
IDA_ALIAS_000184,IDA_000184,BANDA(DISTRICT MAGISTRATE BANDA_IDA),bandadistrict magistrate bandaida,1.0,True
IDA_ALIAS_000185,IDA_000185,HOWRAH(DISTRICT MAGISTRATE HOWRAH_IDA),howrahdistrict magistrate howrahida,1.0,True
IDA_ALIAS_000186,IDA_000186,NARMADA(DISTRICT COLLECTOR NARMADA_IDA),narmadadistrict collector narmadaida,1.0,True
IDA_ALIAS_000187,IDA_000187,SOUTH WEST GARO HILLS(DEPUTY COMMISSIONER SOUTH WEST GARO HILLS AMPATI_IDA),south west garo hillsdeputy commissioner south west garo hills ampatiida,1.0,True
IDA_ALIAS_000188,IDA_000188,RANGA REDDY(DISTRICT COLLECTOR RANGAREDDY_IDA),ranga reddydistrict collector rangareddyida,1.0,True
IDA_ALIAS_000189,IDA_000189,FARRUKHABAD(DISTRICT MAGISTRAE FARRUKHABAD_IDA),farrukhabaddistrict magistrae farrukhabadida,1.0,True
IDA_ALIAS_000190,IDA_000190,LUCKNOW(DISTRICT MAGISTRAE LUCKNOW_IDA),lucknowdistrict magistrae lucknowida,1.0,True
IDA_ALIAS_000191,IDA_000191,BHOPAL(DISTRICT COLLECTOR BHOPAL_IDA),bhopaldistrict collector bhopalida,1.0,True
IDA_ALIAS_000192,IDA_000192,BASTAR(DISTRICT COLLECTOR BASTAR_IDA),bastardistrict collector bastarida,1.0,True
IDA_ALIAS_000193,IDA_000193,AHILYANAGAR(DISTRICT COLLECTOR AHMEDNAGAR_IDA),ahilyanagardistrict collector ahmednagarida,1.0,True
IDA_ALIAS_000194,IDA_000194,YAVATMAL(DISTRICT COLLECTOR YAVATMAL_IDA),yavatmaldistrict collector yavatmalida,1.0,True
IDA_ALIAS_000195,IDA_000195,BALLIA(DISTRICT MAGISTRAE BALLIA_IDA),balliadistrict magistrae balliaida,1.0,True
IDA_ALIAS_000196,IDA_000196,GORAKHPUR(DISTRICT MAGISTRATE GORAKHPUR_IDA),gorakhpurdistrict magistrate gorakhpurida,1.0,True
IDA_ALIAS_000197,IDA_000197,MANDSAUR(DISTRICT COLLECTOR MANDSAUR_IDA),mandsaurdistrict collector mandsaurida,1.0,True
IDA_ALIAS_000198,IDA_000198,SHAHJAHANPUR(DISTRICT MAGISTRAE SHAHJAHANAPUR_IDA),shahjahanpurdistrict magistrae shahjahanapurida,1.0,True
IDA_ALIAS_000199,IDA_000199,BENGALURU URBAN(DEPUTY COMMISSIONER BANGALORE URBAN_IDA),bengaluru urbandeputy commissioner bangalore urbanida,1.0,True
IDA_ALIAS_000200,IDA_000200,CHANDIGARH(DEPUTY COMMISSIONER ZILLA PARISHAD CHANDIGARH_IDA),chandigarhdeputy commissioner zilla parishad chandigarhida,1.0,True
IDA_ALIAS_000201,IDA_000201,VALSAD(DISTRICT COLLECTOR VALSAD_IDA),valsaddistrict collector valsadida,1.0,True
IDA_ALIAS_000202,IDA_000202,DARBHANGA(DISTRICT PLANNING OFFICER DARBANGA_IDA),darbhangadistrict planning officer darbangaida,1.0,True
IDA_ALIAS_000203,IDA_000203,KHAMMAM(DISTRICT COLLECTOR KHAMMAM_IDA),khammamdistrict collector khammamida,1.0,True
IDA_ALIAS_000204,IDA_000204,KUPWARA(DEPUTY COMMISSIONER KUPWARA_IDA),kupwaradeputy commissioner kupwaraida,1.0,True
IDA_ALIAS_000205,IDA_000205,HAZARIBAGH(DEPUTY COMMISSIONER HAZARIBAGH_IDA),hazaribaghdeputy commissioner hazaribaghida,1.0,True
IDA_ALIAS_000206,IDA_000206,KAIMUR (BHABUA)(DISTRICT PLANNING OFFICER KAIMUR BHABUA_IDA),kaimur bhabuadistrict planning officer kaimur bhabuaida,1.0,True
IDA_ALIAS_000207,IDA_000207,MAYURBHANJ(DISTRICT COLLECTOR MAYURBHANJ_IDA),mayurbhanjdistrict collector mayurbhanjida,1.0,True
IDA_ALIAS_000208,IDA_000208,SIVAGANGA(DISTRICT COLLECTOR SIVAGANGA_IDA),sivagangadistrict collector sivagangaida,1.0,True
IDA_ALIAS_000209,IDA_000209,KHAGARIA(DISTRICT PLANNING OFFICER KHAGARIA_IDA),khagariadistrict planning officer khagariaida,1.0,True
IDA_ALIAS_000210,IDA_000210,ZUNHEBOTO(DEPUTY COMMISSIONER ZUNHEBOTO_IDA),zunhebotodeputy commissioner zunhebotoida,1.0,True
IDA_ALIAS_000211,IDA_000211,SHRAWASTI(DISTRICT MAGISTRATE SHRAVASTI_IDA),shrawastidistrict magistrate shravastiida,1.0,True
IDA_ALIAS_000212,IDA_000212,BISWANATH(DEPUTY COMMISSIONER BISWANATH_IDA),biswanathdeputy commissioner biswanathida,1.0,True
IDA_ALIAS_000213,IDA_000213,DHAR(DISTRICT COLLECTOR DHAR_IDA),dhardistrict collector dharida,1.0,True
IDA_ALIAS_000214,IDA_000214,HANUMANGARH(DISTRICT COLLECTOR HANUMANGARH_IDA),hanumangarhdistrict collector hanumangarhida,1.0,True
IDA_ALIAS_000215,IDA_000215,KOLLAM(DISTRICT COLLECTOR KOLLAM_IDA),kollamdistrict collector kollamida,1.0,True
IDA_ALIAS_000216,IDA_000216,KURUKSHETRA(DEPUTY COMMISSIONER KURUKSHETRA_IDA),kurukshetradeputy commissioner kurukshetraida,1.0,True
IDA_ALIAS_000217,IDA_000217,DHARMAPURI(DISTRICT COLLECTOR DHARMAPURI_IDA),dharmapuridistrict collector dharmapuriida,1.0,True
IDA_ALIAS_000218,IDA_000218,MEERUT(DISTRICT MAGISTRATE MEERUT_IDA),meerutdistrict magistrate meerutida,1.0,True
IDA_ALIAS_000219,IDA_000219,NAVSARI(DISTRICT COLLECTOR NAVSARI_IDA),navsaridistrict collector navsariida,1.0,True
IDA_ALIAS_000220,IDA_000220,DR. B.R. AMBEDKAR KONASEEMA(DISTRICT COLLECTOR DR B R AMBEDKAR KONASEEMA_IDA),dr br ambedkar konaseemadistrict collector dr b r ambedkar konaseemaida,1.0,True
IDA_ALIAS_000221,IDA_000221,BHANDARA(DISTRICT COLLECTOR BHANDARA_IDA),bhandaradistrict collector bhandaraida,1.0,True
IDA_ALIAS_000222,IDA_000222,MUMBAI(DISTRICT COLLECTOR MUMBAI CITY_IDA),mumbaidistrict collector mumbai cityida,1.0,True
IDA_ALIAS_000223,IDA_000223,KARIMNAGAR(DISTRICT COLLECTOR KARIMNAGAR_IDA),karimnagardistrict collector karimnagarida,1.0,True
IDA_ALIAS_000224,IDA_000224,WEST TRIPURA(DISTRICT MAGISTRATE WEST TRIPURA_IDA),west tripuradistrict magistrate west tripuraida,1.0,True
IDA_ALIAS_000225,IDA_000225,JAMMU(DEPUTY COMMISSIONER JAMMU_IDA),jammudeputy commissioner jammuida,1.0,True
IDA_ALIAS_000226,IDA_000226,DEEG(DISTRICT COLLECTOR DEEG_IDA),deegdistrict collector deegida,1.0,True
IDA_ALIAS_000227,IDA_000227,ETAH(DISTRICT MAGISTRATE ETAH_IDA),etahdistrict magistrate etahida,1.0,True
IDA_ALIAS_000228,IDA_000228,INDORE(DISTRICT COLLECTOR INDORE_IDA),indoredistrict collector indoreida,1.0,True
IDA_ALIAS_000229,IDA_000229,BASTI(DISTRICT MAGISTRATE BASTI_IDA),bastidistrict magistrate bastiida,1.0,True
IDA_ALIAS_000230,IDA_000230,BAGHPAT(DISTRICT MAGISTRATE BAGHPAT_IDA),baghpatdistrict magistrate baghpatida,1.0,True
IDA_ALIAS_000231,IDA_000231,RAE BARELI(DISTRICT MAGISTRATE RAE BARELI_IDA),rae barelidistrict magistrate rae bareliida,1.0,True
IDA_ALIAS_000232,IDA_000232,PASCHIM MEDINIPUR(DISTRICT MAGISTRATE PASCHIM MEDINIPUR_IDA),paschim medinipurdistrict magistrate paschim medinipurida,1.0,True
IDA_ALIAS_000233,IDA_000233,FATEHGARH SAHIB(DEPUTY COMMISSIONER FATEHGARH SAHIB_IDA),fatehgarh sahibdeputy commissioner fatehgarh sahibida,1.0,True
IDA_ALIAS_000234,IDA_000234,"MAJULI(DISTRICT COMMISSIONER, MAJULI)",majulidistrict commissioner majuli,1.0,True
IDA_ALIAS_000235,IDA_000235,AURAIYA(DISTRICT MAGISTRATE AURAIYA_IDA),auraiyadistrict magistrate auraiyaida,1.0,True
IDA_ALIAS_000236,IDA_000236,JUNAGADH(DISTRICT COLLECTOR JUNAGADH_IDA),junagadhdistrict collector junagadhida,1.0,True
IDA_ALIAS_000237,IDA_000237,BIDAR(DEPUTY COMMISSIONER BIDAR_IDA),bidardeputy commissioner bidarida,1.0,True
IDA_ALIAS_000238,IDA_000238,KISHANGANJ(DISTRICT PLANNING OFFICER KISHANGANJ_IDA),kishanganjdistrict planning officer kishanganjida,1.0,True
IDA_ALIAS_000239,IDA_000239,PURNIA(DISTRICT PLANNING OFFICER PURNIA_IDA),purniadistrict planning officer purniaida,1.0,True
IDA_ALIAS_000240,IDA_000240,UJJAIN(DISTRICT COLLECTOR UJJAIN_IDA),ujjaindistrict collector ujjainida,1.0,True
IDA_ALIAS_000241,IDA_000241,AMRAVATI(DISTRICT COLLECTOR AMRAVATI_IDA),amravatidistrict collector amravatiida,1.0,True
IDA_ALIAS_000242,IDA_000242,VIKARABAD(DISTRICT COLLECTOR VIKARABAD_2),vikarabaddistrict collector vikarabad2,1.0,True
IDA_ALIAS_000243,IDA_000243,PAKYONG(DISTRICT COLLECTOR PAKYONG_IDA),pakyongdistrict collector pakyongida,1.0,True
IDA_ALIAS_000244,IDA_000244,BHIND(DISTRICT COLLECTOR BHIND_IDA),bhinddistrict collector bhindida,1.0,True
IDA_ALIAS_000245,IDA_000245,THIRUVARUR(DISTRICT COLLECTOR THIRUVARUR_IDA),thiruvarurdistrict collector thiruvarurida,1.0,True
IDA_ALIAS_000246,IDA_000246,SHAHDOL(DISTRICT COLLECTOR SHAHDOL_IDA),shahdoldistrict collector shahdolida,1.0,True
IDA_ALIAS_000247,IDA_000247,JORHAT(DEPUTY COMMISSIONER JORHAT_IDA),jorhatdeputy commissioner jorhatida,1.0,True
IDA_ALIAS_000248,IDA_000248,RI BHOI(DEPUTY COMMISSIONER RIBHOI NONGPOH_IDA),ri bhoideputy commissioner ribhoi nongpohida,1.0,True
IDA_ALIAS_000249,IDA_000249,CHITTOOR(DISTRICT COLLECTOR CHITTOOR_IDA),chittoordistrict collector chittoorida,1.0,True
IDA_ALIAS_000250,IDA_000250,JHUNJHUNU(DISTRICT COLLECTOR JHUNJHUNU_IDA),jhunjhunudistrict collector jhunjhunuida,1.0,True
IDA_ALIAS_000251,IDA_000251,BHARATPUR(DISTRICT COLLECTOR BHARATPUR_IDA),bharatpurdistrict collector bharatpurida,1.0,True
IDA_ALIAS_000252,IDA_000252,WEST KAMENG(DEPUTY COMMISIONER WEST KAMENG_IDA),west kamengdeputy commisioner west kamengida,1.0,True
IDA_ALIAS_000253,IDA_000253,NAMAKKAL(DISTRICT COLLECTOR NAMAKKAL_IDA),namakkaldistrict collector namakkalida,1.0,True
IDA_ALIAS_000254,IDA_000254,AHMEDABAD(DISTRICT COLLECTOR AHMADABAD_IDA),ahmedabaddistrict collector ahmadabadida,1.0,True
IDA_ALIAS_000255,IDA_000255,SOLAPUR(DISTRICT COLLECTOR SOLAPUR_IDA),solapurdistrict collector solapurida,1.0,True
IDA_ALIAS_000256,IDA_000256,SAHEBGANJ(DEPUTY COMMISSIONER SAHEBGANJ_IDA),sahebganjdeputy commissioner sahebganjida,1.0,True
IDA_ALIAS_000257,IDA_000257,CUDDALORE(DISTRICT COLLECTOR CUDDALORE_IDA),cuddaloredistrict collector cuddaloreida,1.0,True
IDA_ALIAS_000258,IDA_000258,KOTPUTLI-BEHROR(DISTRICT COLLECTOR KOTPUTLI BEHROR_IDA),kotputlibehrordistrict collector kotputli behrorida,1.0,True
IDA_ALIAS_000259,IDA_000259,UTTARKASHI(DISTRICT COLLECTOR UTTARKASHI_IDA),uttarkashidistrict collector uttarkashiida,1.0,True
IDA_ALIAS_000260,IDA_000260,MUMBAI SUBURBAN(DISTRICT COLLECTOR MUMBAI SUBURBAN_IDA),mumbai suburbandistrict collector mumbai suburbanida,1.0,True
IDA_ALIAS_000261,IDA_000261,KHANDWA (EAST NIMAR)(DISTRICT COLLECTOR EAST NIMAR_IDA),khandwa east nimardistrict collector east nimarida,1.0,True
IDA_ALIAS_000262,IDA_000262,PANCH MAHALS(DISTRICT COLLECTOR PANCHMAHALS_IDA),panch mahalsdistrict collector panchmahalsida,1.0,True
IDA_ALIAS_000263,IDA_000263,DAKSHINA KANNADA(DEPUTY COMMISSIONER DAKSHIN KANNAD MANGALORE_IDA),dakshina kannadadeputy commissioner dakshin kannad mangaloreida,1.0,True
IDA_ALIAS_000264,IDA_000264,UDALGURI(DEPUTY COMMISSIONER UDALGURI_IDA),udalgurideputy commissioner udalguriida,1.0,True
IDA_ALIAS_000265,IDA_000265,MUZAFFARNAGAR(DISTRICT MAGISTRATE MUZAFFARNAGAR_IDA),muzaffarnagardistrict magistrate muzaffarnagarida,1.0,True
IDA_ALIAS_000266,IDA_000266,MAHRAJGANJ(DISTRICT MAGISTRAE MAHARAJGANJ_IDA),mahrajganjdistrict magistrae maharajganjida,1.0,True
IDA_ALIAS_000267,IDA_000267,THANJAVUR(DISTRICT COLLECTOR THANJAVUR_IDA),thanjavurdistrict collector thanjavurida,1.0,True
IDA_ALIAS_000268,IDA_000268,SIKAR(DISTRICT COLLECTOR SIKAR_IDA),sikardistrict collector sikarida,1.0,True
IDA_ALIAS_000269,IDA_000269,THRISSUR(DISTRICT COLLECTOR THRISSUR_IDA),thrissurdistrict collector thrissurida,1.0,True
IDA_ALIAS_000270,IDA_000270,NORTH(COMMISSIONER MCD NORTH_IDA),northcommissioner mcd northida,1.0,True
IDA_ALIAS_000271,IDA_000271,RATNAGIRI(DISTRICT COLLECTOR RATNAGIRI_IDA),ratnagiridistrict collector ratnagiriida,1.0,True
IDA_ALIAS_000272,IDA_000272,BARNALA(DEPUTY COMMISSIONER BARNALA_IDA),barnaladeputy commissioner barnalaida,1.0,True
IDA_ALIAS_000273,IDA_000273,BHADRADRI KOTHAGUDEM(DISTRICT COLLECTOR BHADRADRI KTDM_IDA),bhadradri kothagudemdistrict collector bhadradri ktdmida,1.0,True
IDA_ALIAS_000274,IDA_000274,ROHTAK(DEPUTY COMMISSIONER ROHTAK_IDA),rohtakdeputy commissioner rohtakida,1.0,True
IDA_ALIAS_000275,IDA_000275,VARANASI(DISTRICT MAGISTRAE VARANASI_IDA),varanasidistrict magistrae varanasiida,1.0,True
IDA_ALIAS_000276,IDA_000276,PHALODI(DISTRICT COLLECTOR PHALODI_IDA),phalodidistrict collector phalodiida,1.0,True
IDA_ALIAS_000277,IDA_000277,JAMTARA(DEPUTY COMMISSIONER JAMTARA_IDA),jamtaradeputy commissioner jamtaraida,1.0,True
IDA_ALIAS_000278,IDA_000278,MEDCHAL MALKAJGIRI(DISTRICT COLLECTOR MEDCHAL MALKAJGIRI_IDA),medchal malkajgiridistrict collector medchal malkajgiriida,1.0,True
IDA_ALIAS_000279,IDA_000279,ALIGARH(DISTRICT MAGISTRATE ALIGARH_IDA),aligarhdistrict magistrate aligarhida,1.0,True
IDA_ALIAS_000280,IDA_000280,KATIHAR(DISTRICT PLANNING OFFICER KATIHAR_IDA),katihardistrict planning officer katiharida,1.0,True
IDA_ALIAS_000281,IDA_000281,CHHOTAUDEPUR(DISTRICT COLLECTOR CHHOTA UDEPUR_IDA),chhotaudepurdistrict collector chhota udepurida,1.0,True
IDA_ALIAS_000282,IDA_000282,WARDHA(DISTRICT COLLECTOR WARDHA_IDA),wardhadistrict collector wardhaida,1.0,True
IDA_ALIAS_000283,IDA_000283,BHADRAK(DISTRICT COLLECTOR BHADRAK_IDA),bhadrakdistrict collector bhadrakida,1.0,True
IDA_ALIAS_000284,IDA_000284,NASHIK(DISTRICT COLLECTOR NASHIK_IDA),nashikdistrict collector nashikida,1.0,True
IDA_ALIAS_000285,IDA_000285,KANCHEEPURAM(DISTRICT COLLECTOR KANCHEEPURAM_IDA),kancheepuramdistrict collector kancheepuramida,1.0,True
IDA_ALIAS_000286,IDA_000286,KHUNTI(DEPUTY COMMISSIONER KHUNTI_IDA),khuntideputy commissioner khuntiida,1.0,True
IDA_ALIAS_000287,IDA_000287,PILIBHIT(DISTRICT MAGISTRAE PILIBHIT_IDA),pilibhitdistrict magistrae pilibhitida,1.0,True
IDA_ALIAS_000288,IDA_000288,DANGS(DISTRICT COLLECTOR DANG_IDA),dangsdistrict collector dangida,1.0,True
IDA_ALIAS_000289,IDA_000289,BUDGAM(DEPUTY COMMISSIONER  BUDGAM_IDA),budgamdeputy commissioner budgamida,1.0,True
IDA_ALIAS_000290,IDA_000290,KHEDA(DISTRICT COLLECTOR KHEDA_IDA),khedadistrict collector khedaida,1.0,True
IDA_ALIAS_000291,IDA_000291,HATHRAS(DISTRICT MAGISTRATE HATHRAS_IDA),hathrasdistrict magistrate hathrasida,1.0,True
IDA_ALIAS_000292,IDA_000292,JIND(DEPUTY COMMISSIONER JIND),jinddeputy commissioner jind,1.0,True
IDA_ALIAS_000293,IDA_000293,PALI(DISTRICT COLLECTOR PALI_IDA),palidistrict collector paliida,1.0,True
IDA_ALIAS_000294,IDA_000294,PRATAPGARH(DISTRICT COLLECTOR PRATAPGARH_IDA),pratapgarhdistrict collector pratapgarhida,1.0,True
IDA_ALIAS_000295,IDA_000295,AMRITSAR(DEPUTY COMMISSIONER AMRITSAR_IDA),amritsardeputy commissioner amritsarida,1.0,True
IDA_ALIAS_000296,IDA_000296,VIJAYAPURA(DEPUTY COMMISSIONER BIJAPUR_IDA),vijayapuradeputy commissioner bijapurida,1.0,True
IDA_ALIAS_000297,IDA_000297,SHIVPURI(DISTRICT COLLECTOR SHIVPURI_IDA),shivpuridistrict collector shivpuriida,1.0,True
IDA_ALIAS_000298,IDA_000298,DINDIGUL(DISTRICT COLLECTOR DINDIGUL_IDA),dindiguldistrict collector dindigulida,1.0,True
IDA_ALIAS_000299,IDA_000299,EAST SIANG(DEPUTY COMMISIONER EAST SIANG_IDA),east siangdeputy commisioner east siangida,1.0,True
IDA_ALIAS_000300,IDA_000300,DEORIA(DISTRICT MAGISTRATE DEORIA),deoriadistrict magistrate deoria,1.0,True
IDA_ALIAS_000301,IDA_000301,GYALSHING(DISTRICT COLLECTOR GYALSHING_IDA),gyalshingdistrict collector gyalshingida,1.0,True
IDA_ALIAS_000302,IDA_000302,CHIKKABALLAPURA(DEPUTY COMMISSIONER CHICKKABALLAPUR_IDA),chikkaballapuradeputy commissioner chickkaballapurida,1.0,True
IDA_ALIAS_000303,IDA_000303,CHHATARPUR(DISTRICT COLLECTOR CHHATARPUR_IDA),chhatarpurdistrict collector chhatarpurida,1.0,True
IDA_ALIAS_000304,IDA_000304,WEST SINGHBHUM(DEPUTY COMMISSIONER WEST SINGHBHUM_IDA),west singhbhumdeputy commissioner west singhbhumida,1.0,True
IDA_ALIAS_000305,IDA_000305,NAGAUR(DISTRICT COLLECTOR NAGAUR_IDA),nagaurdistrict collector nagaurida,1.0,True
IDA_ALIAS_000306,IDA_000306,HAMIRPUR(DISTRICT MAGISTRATE HAMIRPUR_2),hamirpurdistrict magistrate hamirpur2,1.0,True
IDA_ALIAS_000307,IDA_000307,JALNA(DISTRICT COLLECTOR JALNA_IDA),jalnadistrict collector jalnaida,1.0,True
IDA_ALIAS_000308,IDA_000308,BHAVNAGAR(DISTRICT COLLECTOR BHAVNAGAR_IDA),bhavnagardistrict collector bhavnagarida,1.0,True
IDA_ALIAS_000309,IDA_000309,BUDAUN(DISTRICT MAGISTRATE BUDAUN_IDA),budaundistrict magistrate budaunida,1.0,True
IDA_ALIAS_000310,IDA_000310,KENDUJHAR(DISTRICT COLLECTOR KEONJHAR_IDA),kendujhardistrict collector keonjharida,1.0,True
IDA_ALIAS_000311,IDA_000311,GARHWA(DEPUTY COMMISSIONER GARHWA_IDA),garhwadeputy commissioner garhwaida,1.0,True
IDA_ALIAS_000312,IDA_000312,SHAJAPUR(DISTRICT COLLECTOR SHAJAPUR_IDA),shajapurdistrict collector shajapurida,1.0,True
IDA_ALIAS_000313,IDA_000313,KRISHNAGIRI(DISTRICT COLLECTOR KRISHNAGIRI_IDA),krishnagiridistrict collector krishnagiriida,1.0,True
IDA_ALIAS_000314,IDA_000314,BAGALKOTE(DEPUTY COMMISSIONER BAGALKOT_IDA),bagalkotedeputy commissioner bagalkotida,1.0,True
IDA_ALIAS_000315,IDA_000315,PARBHANI(DISTRICT COLLECTOR PARBHANI_IDA),parbhanidistrict collector parbhaniida,1.0,True
IDA_ALIAS_000316,IDA_000316,SURAJPUR(DISTRICT COLLECTOR SURAJPUR_IDA),surajpurdistrict collector surajpurida,1.0,True
IDA_ALIAS_000317,IDA_000317,PANIPAT(DC CUM NODAL OFFICER MPLADS),panipatdc cum nodal officer mplads,1.0,True
IDA_ALIAS_000318,IDA_000318,KORBA(COLLECTOR-KORBA),korbacollectorkorba,1.0,True
IDA_ALIAS_000319,IDA_000319,HARDOI(DISTRICT MAGISTRATE HARDOI_IDA),hardoidistrict magistrate hardoiida,1.0,True
IDA_ALIAS_000320,IDA_000320,PURULIA(DISTRICT MAGISTRATE PURULIA_IDA),puruliadistrict magistrate puruliaida,1.0,True
IDA_ALIAS_000321,IDA_000321,PAKUR(DEPUTY COMMISSIONER PAKUR_IDA),pakurdeputy commissioner pakurida,1.0,True
IDA_ALIAS_000322,IDA_000322,DODA(DEPUTY COMMISSIONER DODA_IDA),dodadeputy commissioner dodaida,1.0,True
IDA_ALIAS_000323,IDA_000323,ALMORA(DISTRICT MAGISTRATE ALMORA_IDA),almoradistrict magistrate almoraida,1.0,True
IDA_ALIAS_000324,IDA_000324,VIRUDHUNAGAR(DISTRICT COLLECTOR VIRUDHUNAGAR_IDA),virudhunagardistrict collector virudhunagarida,1.0,True
IDA_ALIAS_000325,IDA_000325,SITAPUR(DISTRICT MAGISTRATE SITAPUR_IDA),sitapurdistrict magistrate sitapurida,1.0,True
IDA_ALIAS_000326,IDA_000326,SIMDEGA(DEPUTY COMMISSIONER SIMDEGA_IDA),simdegadeputy commissioner simdegaida,1.0,True
IDA_ALIAS_000327,IDA_000327,SRIKAKULAM(DISTRICT COLLECTOR SRIKAKULAM_IDA),srikakulamdistrict collector srikakulamida,1.0,True
IDA_ALIAS_000328,IDA_000328,MUNGER(DISTRICT PLANNING OFFICER MUNGER_IDA),mungerdistrict planning officer mungerida,1.0,True
IDA_ALIAS_000329,IDA_000329,NEEM KA THANA(DISTRICT COLLECTOR NEEM KA THANA_IDA),neem ka thanadistrict collector neem ka thanaida,1.0,True
IDA_ALIAS_000330,IDA_000330,HOSHIARPUR(DEPUTY COMMISSIONER HOSHIARPUR_IDA),hoshiarpurdeputy commissioner hoshiarpurida,1.0,True
IDA_ALIAS_000331,IDA_000331,ANNAMAYYA(DISTRICT COLLECTOR ANNAMAYYA_IDA),annamayyadistrict collector annamayyaida,1.0,True
IDA_ALIAS_000332,IDA_000332,MARIGAON(DISTRICT DEVELOPMENT COMMISSIONER MORIGAON),marigaondistrict development commissioner morigaon,1.0,True
IDA_ALIAS_000333,IDA_000333,KOZHIKODE(DISTRICT COLLECTOR KOZHIKODE_IDA),kozhikodedistrict collector kozhikodeida,1.0,True
IDA_ALIAS_000334,IDA_000334,"NAMCHI(IMPLEMENTING DISTRICT AGENCY, NAMCHI)",namchiimplementing district agency namchi,1.0,True
IDA_ALIAS_000335,IDA_000335,GOPALGANJ(DISTRICT PLANNING OFFICER GOPALGANJ_IDA),gopalganjdistrict planning officer gopalganjida,1.0,True
IDA_ALIAS_000336,IDA_000336,BAREILLY(DISTRICT MAGISTRAE BAREILLY_IDA),bareillydistrict magistrae bareillyida,1.0,True
IDA_ALIAS_000337,IDA_000337,EAST(COMMISSIONER EAST),eastcommissioner east,1.0,True
IDA_ALIAS_000338,IDA_000338,RUPNAGAR(DEPUTY COMMISSIONER ROOPNAGAR_IDA),rupnagardeputy commissioner roopnagarida,1.0,True
IDA_ALIAS_000339,IDA_000339,PUDUCHERRY(PROJECT DIRECTOR RDA PUDUCHERRY_IDA),puducherryproject director rda puducherryida,1.0,True
IDA_ALIAS_000340,IDA_000340,UMARIA(DISTRICT COLLECTOR UMARIYA_IDA),umariadistrict collector umariyaida,1.0,True
IDA_ALIAS_000341,IDA_000341,ANUGOLA(DISTRICT COLLECTORANGUL_IDA),anugoladistrict collectorangulida,1.0,True
IDA_ALIAS_000342,IDA_000342,SUKMA(COLLECTOR SUKMA_IDA),sukmacollector sukmaida,1.0,True
IDA_ALIAS_000343,IDA_000343,RAJNANDGAON(DISTRICT COLLECTOR RAJNANDGAON_IDA),rajnandgaondistrict collector rajnandgaonida,1.0,True
IDA_ALIAS_000344,IDA_000344,NANDED(DISTRICT COLLECTOR NANDED_IDA),nandeddistrict collector nandedida,1.0,True
IDA_ALIAS_000345,IDA_000345,TSEMINYU(DEPUTY COMMISSIONER TSEMINYU_IDA),tseminyudeputy commissioner tseminyuida,1.0,True
IDA_ALIAS_000346,IDA_000346,GAURELA-PENDRA-MARWAHI(COLLECTOR GPM_IDA),gaurelapendramarwahicollector gpmida,1.0,True
IDA_ALIAS_000347,IDA_000347,MAHABUBNAGAR(DISTRICT COLLECTOR MAHABUBNAGAR_3),mahabubnagardistrict collector mahabubnagar3,1.0,True
IDA_ALIAS_000348,IDA_000348,PALAMU(DEPUTY COMMISSIONER PALAMAU_IDA),palamudeputy commissioner palamauida,1.0,True
IDA_ALIAS_000349,IDA_000349,DUDU(DISTRICT COLLECTOR DUDU_IDA),dududistrict collector duduida,1.0,True
IDA_ALIAS_000350,IDA_000350,KAITHAL(DC CUM NODAL OFFICERS MPLADS),kaithaldc cum nodal officers mplads,1.0,True
IDA_ALIAS_000351,IDA_000351,SOLAN(DEPUTY COMMISSIONER SOLAN_IDA),solandeputy commissioner solanida,1.0,True
IDA_ALIAS_000352,IDA_000352,GODDA(DEPUTY COMMISSIONER GODDA_IDA),goddadeputy commissioner goddaida,1.0,True
IDA_ALIAS_000353,IDA_000353,ANAND(DISTRICT COLLECTOR ANAND_IDA),ananddistrict collector anandida,1.0,True
IDA_ALIAS_000354,IDA_000354,BATHINDA(DEPUTY COMMISSIONER BHATINDA_IDA),bathindadeputy commissioner bhatindaida,1.0,True
IDA_ALIAS_000355,IDA_000355,DHEMAJI(DEPUTY COMMISSIONER DHEMAJI_IDA),dhemajideputy commissioner dhemajiida,1.0,True
IDA_ALIAS_000356,IDA_000356,HOOGHLY(DISTRICT MAGISTRATE HOOGHLY_IDA),hooghlydistrict magistrate hooghlyida,1.0,True
IDA_ALIAS_000357,IDA_000357,GANJAM(DISTRICT COLLECTOR GANJAM_IDA),ganjamdistrict collector ganjamida,1.0,True
IDA_ALIAS_000358,IDA_000358,SAKTI(COLLECTOR SAKTI_IDA),sakticollector saktiida,1.0,True
IDA_ALIAS_000359,IDA_000359,BURHANPUR(DISTRICT COLLECTOR BURHANPUR_IDA),burhanpurdistrict collector burhanpurida,1.0,True
IDA_ALIAS_000360,IDA_000360,JALAUN(DISTRICT MAGISTRATE JALAUN_IDA),jalaundistrict magistrate jalaunida,1.0,True
IDA_ALIAS_000361,IDA_000361,ARWAL(DISTRICT PLANNING OFFICER ARWAL_IDA),arwaldistrict planning officer arwalida,1.0,True
IDA_ALIAS_000362,IDA_000362,CHIKKAMAGALURU(DEPUTY COMMISSIONER CHIKMAGALUR),chikkamagalurudeputy commissioner chikmagalur,1.0,True
IDA_ALIAS_000363,IDA_000363,IDUKKI(DISTRICT COLLECTOR IDUKKI_IDA),idukkidistrict collector idukkiida,1.0,True
IDA_ALIAS_000364,IDA_000364,TEHRI GARHWAL(DISTRICT MAGISTRATE TEHRI GARHWAL_IDA),tehri garhwaldistrict magistrate tehri garhwalida,1.0,True
IDA_ALIAS_000365,IDA_000365,HOJAI(DC OFFICE HOJAI),hojaidc office hojai,1.0,True
IDA_ALIAS_000366,IDA_000366,BHADOHI(DISTRICT MAGISTRATE BHADOHI_IDA),bhadohidistrict magistrate bhadohiida,1.0,True
IDA_ALIAS_000367,IDA_000367,CHENNAI(COMMISSIONER MUNCIPAL CORPORATION CHENNAI_IDA),chennaicommissioner muncipal corporation chennaiida,1.0,True
IDA_ALIAS_000368,IDA_000368,PURBI CHAMPARAN(DISTRICT PLANNING OFFICER MOTHIHARI EAST CHAMPARAN_IDA),purbi champarandistrict planning officer mothihari east champaranida,1.0,True
IDA_ALIAS_000369,IDA_000369,UDHAMPUR(DEPUTY COMMISSIONER UDHAMPUR_IDA),udhampurdeputy commissioner udhampurida,1.0,True
IDA_ALIAS_000370,IDA_000370,GAJAPATI(DISTRICT COLLECTOR GAJAPATI_IDA),gajapatidistrict collector gajapatiida,1.0,True
IDA_ALIAS_000371,IDA_000371,TENKASI(DISTRICT COLLECTOR TENKASI_IDA),tenkasidistrict collector tenkasiida,1.0,True
IDA_ALIAS_000372,IDA_000372,AKOLA(DISTRICT COLLECTOR AKOLA_IDA),akoladistrict collector akolaida,1.0,True
IDA_ALIAS_000373,IDA_000373,MALKANGIRI(DISTRICT COLLECTOR MALKANGIRI_IDA),malkangiridistrict collector malkangiriida,1.0,True
IDA_ALIAS_000374,IDA_000374,UNNAO(DISTRICT MAGIISTRATE UNNAO_IDA),unnaodistrict magiistrate unnaoida,1.0,True
IDA_ALIAS_000375,IDA_000375,HAVERI(DEPUTY COMMISSIONER HAVERI_IDA),haverideputy commissioner haveriida,1.0,True
IDA_ALIAS_000376,IDA_000376,AMBALA(DEPUTY COMMISSIONER AMBALA_IDA),ambaladeputy commissioner ambalaida,1.0,True
IDA_ALIAS_000377,IDA_000377,NARMADAPURAM(DISTRICT COLLECTOR NARMADAPURAM_IDA),narmadapuramdistrict collector narmadapuramida,1.0,True
IDA_ALIAS_000378,IDA_000378,TAPI(DISTRICT COLLECTOR TAPI_IDA),tapidistrict collector tapiida,1.0,True
IDA_ALIAS_000379,IDA_000379,MORADABAD(DISTRICT MAGISTRATE MORADABAD_IDA),moradabaddistrict magistrate moradabadida,1.0,True
IDA_ALIAS_000380,IDA_000380,MAHISAGAR(COLLECTOR MAHISAGAR_IDA),mahisagarcollector mahisagarida,1.0,True
IDA_ALIAS_000381,IDA_000381,LOHARDAGA(DEPUTY COMMISSIONER LOHARDAGA_IDA),lohardagadeputy commissioner lohardagaida,1.0,True
IDA_ALIAS_000382,IDA_000382,SULTANPUR(DISTRICT MAGISTRATE SULTANPUR_IDA),sultanpurdistrict magistrate sultanpurida,1.0,True
IDA_ALIAS_000383,IDA_000383,UTTAR BASTAR KANKER(DISTRICT COLLECTOR KANKER_IDA),uttar bastar kankerdistrict collector kankerida,1.0,True
IDA_ALIAS_000384,IDA_000384,SANT KABIR NAGAR(DISTRICT MAGISTRATE SANT KABIR NAGAR_2),sant kabir nagardistrict magistrate sant kabir nagar2,1.0,True
IDA_ALIAS_000385,IDA_000385,AZAMGARH(DISTRICT MAGISTRATE AZAMGARH_IDA),azamgarhdistrict magistrate azamgarhida,1.0,True
IDA_ALIAS_000386,IDA_000386,UPPER SUBANSIRI(DEPUTY COMMISIONER UPPER SUBANSIRI_IDA),upper subansirideputy commisioner upper subansiriida,1.0,True
IDA_ALIAS_000387,IDA_000387,PUDUKKOTTAI(DISTRICT COLLECTOR PUDUKKOTTAI_IDA),pudukkottaidistrict collector pudukkottaiida,1.0,True
IDA_ALIAS_000388,IDA_000388,ALAPPUZHA(DISTRICT COLLECTOR ALAPPUZHA_IDA),alappuzhadistrict collector alappuzhaida,1.0,True
IDA_ALIAS_000389,IDA_000389,DIDWANA-KUCHAMAN(DISTRICT COLLECTOR DIDWANA KUCHAMAN_IDA),didwanakuchamandistrict collector didwana kuchamanida,1.0,True
IDA_ALIAS_000390,IDA_000390,GWALIOR(DISTRICT COLLECTOR GWALIOR_IDA),gwaliordistrict collector gwaliorida,1.0,True
IDA_ALIAS_000391,IDA_000391,DEWAS(DISTRICT COLLECTOR DEWAS_IDA),dewasdistrict collector dewasida,1.0,True
IDA_ALIAS_000392,IDA_000392,GONDA(DISTRICT MAGISTRATE GONDA_IDA),gondadistrict magistrate gondaida,1.0,True
IDA_ALIAS_000393,IDA_000393,LATUR(DISTRICT COLLECTOR LATUR_IDA),laturdistrict collector laturida,1.0,True
IDA_ALIAS_000394,IDA_000394,HARDA(DISTRICT COLLECTOR HARDA_IDA),hardadistrict collector hardaida,1.0,True
IDA_ALIAS_000395,IDA_000395,GARIYABAND(COLLECTRO GARIABAND_IDA),gariyabandcollectro gariabandida,1.0,True
IDA_ALIAS_000396,IDA_000396,PALGHAR(DISTRICT COLLECTOR PALGHAR_IDA),palghardistrict collector palgharida,1.0,True
IDA_ALIAS_000397,IDA_000397,JHAJJAR(DEPUTY COMMISSIONER CUM NODAL OFFICER MPLADS JHAJJAR),jhajjardeputy commissioner cum nodal officer mplads jhajjar,1.0,True
IDA_ALIAS_000398,IDA_000398,SHEIKHPURA(DISTRICT PLANNING OFFICER SHEIKHPURA_IDA),sheikhpuradistrict planning officer sheikhpuraida,1.0,True
IDA_ALIAS_000399,IDA_000399,PRAYAGRAJ(DISTRICT MAGISTRAE ALLAHABAD_IDA),prayagrajdistrict magistrae allahabadida,1.0,True
IDA_ALIAS_000400,IDA_000400,ADILABAD(DISTRICT COLLECTOR ADILABAD_IDA),adilabaddistrict collector adilabadida,1.0,True
IDA_ALIAS_000401,IDA_000401,GHAZIABAD(DISTRICT MAGISTRAE GHAZIABAD_IDA),ghaziabaddistrict magistrae ghaziabadida,1.0,True
IDA_ALIAS_000402,IDA_000402,KOLKATA(COMMISSIONER KOLKATA MUNICIPAL CORPORATION_IDA),kolkatacommissioner kolkata municipal corporationida,1.0,True
IDA_ALIAS_000403,IDA_000403,RAJANNA SIRCILLA(DISTRICT COLLECTOR RAJANNA SIRCILLA_IDA),rajanna sircilladistrict collector rajanna sircillaida,1.0,True
IDA_ALIAS_000404,IDA_000404,THIRUVANANTHAPURAM(DISTRICT COLLECTOR THIRUVANANTHAPURAM_IDA),thiruvananthapuramdistrict collector thiruvananthapuramida,1.0,True
IDA_ALIAS_000405,IDA_000405,DUMKA(DEPUTY COMMISSIONER DUMKA_IDA),dumkadeputy commissioner dumkaida,1.0,True
IDA_ALIAS_000406,IDA_000406,SANGAREDDY(DISTRICT COLLECTOR SANGAREDDY_IDA),sangareddydistrict collector sangareddyida,1.0,True
IDA_ALIAS_000407,IDA_000407,JALANDHAR(DEPUTY COMMISSIONER JALANDHAR_IDA),jalandhardeputy commissioner jalandharida,1.0,True
IDA_ALIAS_000408,IDA_000408,RAISEN(DISTRICT COLLECTOR RAISEN_IDA),raisendistrict collector raisenida,1.0,True
IDA_ALIAS_000409,IDA_000409,JHANSI(DISTRICT MAGISTRAE JHANSI_IDA),jhansidistrict magistrae jhansiida,1.0,True
IDA_ALIAS_000410,IDA_000410,CHANDAULI(DISTRICT MAGISTRATE CHANDAULI_IDA),chandaulidistrict magistrate chandauliida,1.0,True
IDA_ALIAS_000411,IDA_000411,KANDHAMALA(DISTRICT COLLECTOR KANDHAMAL_IDA),kandhamaladistrict collector kandhamalida,1.0,True
IDA_ALIAS_000412,IDA_000412,KALLAKURICHI(DISTRICT COLLECTOR KALLAKURICHI_IDA),kallakurichidistrict collector kallakurichiida,1.0,True
IDA_ALIAS_000413,IDA_000413,RAMBAN(DEPUTY COMMISSIONER RAMBAN_IDA),rambandeputy commissioner rambanida,1.0,True
IDA_ALIAS_000414,IDA_000414,KODAGU(DEPUTY COMMSIONER KODAGU_IDA),kodagudeputy commsioner kodaguida,1.0,True
IDA_ALIAS_000415,IDA_000415,SIWAN(DISTRICT PLANNING OFFICER SIWAN_IDA),siwandistrict planning officer siwanida,1.0,True
IDA_ALIAS_000416,IDA_000416,CHURU(DISTRICT COLLECTOR CHURU_IDA),churudistrict collector churuida,1.0,True
IDA_ALIAS_000417,IDA_000417,DAKSHIN BASTAR DANTEWADA(COLLECTOR DANTEWADA_IDA),dakshin bastar dantewadacollector dantewadaida,1.0,True
IDA_ALIAS_000418,IDA_000418,TIRUNELVELI(DISTRICT COLLECTOR TIRUNELVELI_IDA),tirunelvelidistrict collector tirunelveliida,1.0,True
IDA_ALIAS_000419,IDA_000419,NORTH EAST(COMMISSIONER MCD NORTH EAST),north eastcommissioner mcd north east,1.0,True
IDA_ALIAS_000420,IDA_000420,TIRUPATI(DISTRICT COLLECTOR TIRUPATI_IDA),tirupatidistrict collector tirupatiida,1.0,True
IDA_ALIAS_000421,IDA_000421,KANNAUJ(DISTRICT MAGISTRATE KANNAUJ_IDA),kannaujdistrict magistrate kannaujida,1.0,True
IDA_ALIAS_000422,IDA_000422,JANGOAN(DISTRICT COLLECTOR JANGAON_IDA),jangoandistrict collector jangaonida,1.0,True
IDA_ALIAS_000423,IDA_000423,KOLAR(DEPUTY COMMISSIONER KOLAR_IDA),kolardeputy commissioner kolarida,1.0,True
IDA_ALIAS_000424,IDA_000424,MIRZAPUR(DISTRICT MAGISTRATE MIRZAPUR_IDA),mirzapurdistrict magistrate mirzapurida,1.0,True
IDA_ALIAS_000425,IDA_000425,ARARIA(DISTRICT PLANNING OFFICER ARARIA_IDA),arariadistrict planning officer arariaida,1.0,True
IDA_ALIAS_000426,IDA_000426,SIVASAGAR(DEPUTY COMMISSIONER SIVSAGAR_IDA),sivasagardeputy commissioner sivsagarida,1.0,True
IDA_ALIAS_000427,IDA_000427,KOLHAPUR(DISTRICT COLLECTOR KOLHAPUR_IDA),kolhapurdistrict collector kolhapurida,1.0,True
IDA_ALIAS_000428,IDA_000428,SATARA(DISTRICT COLLECTOR SATARA_IDA),sataradistrict collector sataraida,1.0,True
IDA_ALIAS_000429,IDA_000429,KATHUA(DISTRICT DEVELOPMENT COMMISSIONER KATHUA_IDA),kathuadistrict development commissioner kathuaida,1.0,True
IDA_ALIAS_000430,IDA_000430,MATHURA(DISTRICT MAGISTRAE MATHURA_IDA),mathuradistrict magistrae mathuraida,1.0,True
IDA_ALIAS_000431,IDA_000431,AYODHYA(DISTRICT MAGISTRAE FAIZABAD_IDA),ayodhyadistrict magistrae faizabadida,1.0,True
IDA_ALIAS_000432,IDA_000432,ERODE(DISTRICT_COLLECTORE_ERODE_IDA),erodedistrictcollectoreerodeida,1.0,True
IDA_ALIAS_000433,IDA_000433,PORBANDAR(DISTRICT COLLECTOR PORBANDAR_IDA),porbandardistrict collector porbandarida,1.0,True
IDA_ALIAS_000434,IDA_000434,KARUR(DISTRICT COLLECTOR KARUR_IDA),karurdistrict collector karurida,1.0,True
IDA_ALIAS_000435,IDA_000435,KOTA(DISTRICT COLLECTOR KOTA_IDA),kotadistrict collector kotaida,1.0,True
IDA_ALIAS_000436,IDA_000436,GUNA(DISTRICT COLLECTOR GUNA_IDA),gunadistrict collector gunaida,1.0,True
IDA_ALIAS_000437,IDA_000437,BHAGALPUR(DISTRICT PLANNING OFFICER BHAGALPUR_IDA),bhagalpurdistrict planning officer bhagalpurida,1.0,True
IDA_ALIAS_000438,IDA_000438,NEEMUCH(DISTRICT COLLECTOR NEEMUCH_IDA),neemuchdistrict collector neemuchida,1.0,True
IDA_ALIAS_000439,IDA_000439,BALAGHAT(DISTRICT COLLECTOR BALAGHAT_IDA),balaghatdistrict collector balaghatida,1.0,True
IDA_ALIAS_000440,IDA_000440,MAHASAMUND(DISTRICT COLLECTOR MAHASAMUND_IDA),mahasamunddistrict collector mahasamundida,1.0,True
IDA_ALIAS_000441,IDA_000441,KHOWAI(DISTRICT MAGISTRATE AND COLLECTOR  KHOWAI_IDA),khowaidistrict magistrate and collector khowaiida,1.0,True
IDA_ALIAS_000442,IDA_000442,FATEHPUR(DISTRICT MAGISTRATE FATEHPUR_IDA),fatehpurdistrict magistrate fatehpurida,1.0,True
IDA_ALIAS_000443,IDA_000443,WAYANAD(DISTRICT COLLECTOR WAYANAD_IDA),wayanaddistrict collector wayanadida,1.0,True
IDA_ALIAS_000444,IDA_000444,JANJGIR-CHAMPA(DISTRICT COLLECTOR JANJGIR CHAMPA_IDA),janjgirchampadistrict collector janjgir champaida,1.0,True
IDA_ALIAS_000445,IDA_000445,SALEM(DISTRICT COLLECTOR SALEM_IDA),salemdistrict collector salemida,1.0,True
IDA_ALIAS_000446,IDA_000446,KASARAGOD(DISTRICT COLLECTOR KASARAGOD_IDA),kasaragoddistrict collector kasaragodida,1.0,True
IDA_ALIAS_000447,IDA_000447,DAHOD(DISTRICT COLLECTOR DOHAD_IDA),dahoddistrict collector dohadida,1.0,True
IDA_ALIAS_000448,IDA_000448,WEST KHASI HILLS(DEPUTY COMMISSIONER WEST KHASI HILLS NONGSTOIN_IDA),west khasi hillsdeputy commissioner west khasi hills nongstoinida,1.0,True
IDA_ALIAS_000449,IDA_000449,PANNA(DISTRICT COLLECTOR PANNA_IDA),pannadistrict collector pannaida,1.0,True
IDA_ALIAS_000450,IDA_000450,CHAMOLI(DM CHAMOLI_IDA),chamolidm chamoliida,1.0,True
IDA_ALIAS_000451,IDA_000451,WANAPARTHY(DISTRICT COLLECTOR WANAPARTHY_IDA),wanaparthydistrict collector wanaparthyida,1.0,True
IDA_ALIAS_000452,IDA_000452,BHARUCH(DISTRICT COLLECTOR BROACH_IDA),bharuchdistrict collector broachida,1.0,True
IDA_ALIAS_000453,IDA_000453,SIDHI(DISTRICT COLLECTOR SIDHI_IDA),sidhidistrict collector sidhiida,1.0,True
IDA_ALIAS_000454,IDA_000454,KOREA(COLLECTOR KOREA_IDA),koreacollector koreaida,1.0,True
IDA_ALIAS_000455,IDA_000455,BANKURA(DISTRICT MAGISTRATE BANKURA_IDA),bankuradistrict magistrate bankuraida,1.0,True
IDA_ALIAS_000456,IDA_000456,GOLAGHAT(DEPUTY COMMISSIONER GOLAGHAT_IDA),golaghatdeputy commissioner golaghatida,1.0,True
IDA_ALIAS_000457,IDA_000457,BALODABAZAR-BHATAPARA(COLLECTOR BALODA BAZAR_IDA),balodabazarbhataparacollector baloda bazarida,1.0,True
IDA_ALIAS_000458,IDA_000458,BHILWARA(DISTRICT COLLECTOR BHILWARA_IDA),bhilwaradistrict collector bhilwaraida,1.0,True
IDA_ALIAS_000459,IDA_000459,ARVALLI(DISTRICT COLLECTOR ARVALLI_IDA),arvallidistrict collector arvalliida,1.0,True
IDA_ALIAS_000460,IDA_000460,PANDHURNA(DISTRICT COLLECTOR PANDHURNA_IDA),pandhurnadistrict collector pandhurnaida,1.0,True
IDA_ALIAS_000461,IDA_000461,JAJPUR(DISTRICT COLLECTOR JAJPUR_IDA),jajpurdistrict collector jajpurida,1.0,True
IDA_ALIAS_000462,IDA_000462,BARAMULLA(DEPUTY COMMISSIONER BARAMULLAH_IDA),baramulladeputy commissioner baramullahida,1.0,True
IDA_ALIAS_000463,IDA_000463,CHITRAKOOT(DISTRICT MAGISTRATE CHITRAKOOT_IDA),chitrakootdistrict magistrate chitrakootida,1.0,True
IDA_ALIAS_000464,IDA_000464,SAMASTIPUR(DISTRICT PLANNING OFFICER SAMASTIPUR_IDA),samastipurdistrict planning officer samastipurida,1.0,True
IDA_ALIAS_000465,IDA_000465,HYDERABAD(DISTRICT COLLECTOR HYDERABAD_IDA),hyderabaddistrict collector hyderabadida,1.0,True
IDA_ALIAS_000466,IDA_000466,BIKANER(DISTRICT COLLECTOR BIKANER_IDA),bikanerdistrict collector bikanerida,1.0,True
IDA_ALIAS_000467,IDA_000467,PASCHIM BARDHAMAN(DISTRICT MAGISTRATE PASCHIM BARDHAMAN_IDA),paschim bardhamandistrict magistrate paschim bardhamanida,1.0,True
IDA_ALIAS_000468,IDA_000468,LALITPUR(DISTRICT MAGISTRATE LALITPUR_IDA),lalitpurdistrict magistrate lalitpurida,1.0,True
IDA_ALIAS_000469,IDA_000469,GOALPARA(DEPUTY COMMISSIONER GOALPARA_IDA),goalparadeputy commissioner goalparaida,1.0,True
IDA_ALIAS_000470,IDA_000470,NTR(DISTRICT COLLECTOR NTR_IDA),ntrdistrict collector ntrida,1.0,True
IDA_ALIAS_000471,IDA_000471,RAIGARH(DISTRICT COLLECTOR RAIGARH_IDA),raigarhdistrict collector raigarhida,1.0,True
IDA_ALIAS_000472,IDA_000472,BALLARI(DEPUTY COMMISSIONER BELLARY_IDA),ballarideputy commissioner bellaryida,1.0,True
IDA_ALIAS_000473,IDA_000473,BEAWAR(DISTRICT COLLECTOR BEAWAR_IDA),beawardistrict collector beawarida,1.0,True
IDA_ALIAS_000474,IDA_000474,THENI(DISTRICT COLLECTOR THENI_5),thenidistrict collector theni5,1.0,True
IDA_ALIAS_000475,IDA_000475,ALLURI SITHARAMA RAJU(DISTRICT COLLECTOR ALLURI SITHARAMARAJU_IDA),alluri sitharama rajudistrict collector alluri sitharamarajuida,1.0,True
IDA_ALIAS_000476,IDA_000476,VELLORE(DISTRICT COLLECTOR VELLORE_IDA),velloredistrict collector velloreida,1.0,True
IDA_ALIAS_000477,IDA_000477,WEST(COMMISSIONER MCD WEST),westcommissioner mcd west,1.0,True
IDA_ALIAS_000478,IDA_000478,LOWER SIANG(DEPUTY COMMISIONER LOWER SIANG_IDA),lower siangdeputy commisioner lower siangida,1.0,True
IDA_ALIAS_000479,IDA_000479,TUMAKURU(DEPUTY COMMISSIONER TUMKUR_IDA),tumakurudeputy commissioner tumkurida,1.0,True
IDA_ALIAS_000480,IDA_000480,JAMNAGAR(DISTRICT COLLECTOR JAMNAGAR_IDA),jamnagardistrict collector jamnagarida,1.0,True
IDA_ALIAS_000481,IDA_000481,BOTAD(DISTRICT COLLECTOR BOTAD_IDA),botaddistrict collector botadida,1.0,True
IDA_ALIAS_000482,IDA_000482,NAGPUR(DISTRICT COLLECTOR NAGPUR_IDA),nagpurdistrict collector nagpurida,1.0,True
IDA_ALIAS_000483,IDA_000483,HANUMAKONDA(DISTRICT COLLECTOR HANUMAKONDA_IDA),hanumakondadistrict collector hanumakondaida,1.0,True
IDA_ALIAS_000484,IDA_000484,JASHPUR(DISTRICT COLLECTOR JASHPUR_IDA),jashpurdistrict collector jashpurida,1.0,True
IDA_ALIAS_000485,IDA_000485,BIJAPUR(COLLECTOR BIJAPUR_IDA),bijapurcollector bijapurida,1.0,True
IDA_ALIAS_000486,IDA_000486,JAIPUR GRAMIN(DISTRICT COLLECTOR JAIPUR GRAMIN_IDA),jaipur gramindistrict collector jaipur graminida,1.0,True
IDA_ALIAS_000487,IDA_000487,ANUPPUR(DISTRICT COLLECTOR ANUPPUR_IDA),anuppurdistrict collector anuppurida,1.0,True
IDA_ALIAS_000488,IDA_000488,MAHENDRAGARH(DEPUTY COMMISSIONER MAHENDRAGARH_IDA),mahendragarhdeputy commissioner mahendragarhida,1.0,True
IDA_ALIAS_000489,IDA_000489,FARIDABAD(DEPUTY COMMISSIONER FARIDABAD_IDA),faridabaddeputy commissioner faridabadida,1.0,True
IDA_ALIAS_000490,IDA_000490,BILASPUR(DISTRICT COLLECTOR BILASPUR_IDA),bilaspurdistrict collector bilaspurida,1.0,True
IDA_ALIAS_000491,IDA_000491,SAHARANPUR(DISTRICT MAGISTRAE SAHARANPUR_IDA),saharanpurdistrict magistrae saharanpurida,1.0,True
IDA_ALIAS_000492,IDA_000492,CENTRAL(COMMISSIONER MCD (CENTRAL DISTRICT)),centralcommissioner mcd central district,1.0,True
IDA_ALIAS_000493,IDA_000493,SANGLI(DISTRICT COLLECTOR SANGLI_IDA),sanglidistrict collector sangliida,1.0,True
IDA_ALIAS_000494,IDA_000494,JODHPUR(DISTRICT COLLECTOR JODHPUR IDA),jodhpurdistrict collector jodhpur ida,1.0,True
IDA_ALIAS_000495,IDA_000495,NARAYANPUR(COLLECTOR NARAYANPUR_IDA),narayanpurcollector narayanpurida,1.0,True
IDA_ALIAS_000496,IDA_000496,PAURI GARHWAL(DISTRICT MAGISTRATE PAURI GARHWAL_IDA),pauri garhwaldistrict magistrate pauri garhwalida,1.0,True
IDA_ALIAS_000497,IDA_000497,AMROHA(DISTRICT MAGISTRATE JYOTIBAPHULE NAGAR_IDA),amrohadistrict magistrate jyotibaphule nagarida,1.0,True
IDA_ALIAS_000498,IDA_000498,SEHORE(DISTRICT COLLECTOR SEHORE_IDA),sehoredistrict collector sehoreida,1.0,True
IDA_ALIAS_000499,IDA_000499,KANPUR NAGAR(DISTRICT MAGISTRAE KANPUR NAGAR_IDA),kanpur nagardistrict magistrae kanpur nagarida,1.0,True
IDA_ALIAS_000500,IDA_000500,JALGAON(DISTRICT COLLECTOR JALGAON_IDA),jalgaondistrict collector jalgaonida,1.0,True
IDA_ALIAS_000501,IDA_000501,UDAIPUR(DISTRICT COLLECTOR UDAIPUR_IDA),udaipurdistrict collector udaipurida,1.0,True
IDA_ALIAS_000502,IDA_000502,BAHRAICH(DISTRICT MAGISTRAE BAHRAICH_IDA),bahraichdistrict magistrae bahraichida,1.0,True
IDA_ALIAS_000503,IDA_000503,ALIPURDUAR(DISTRICT MAGISTRATE ALIPURDUARS_IDA),alipurduardistrict magistrate alipurduarsida,1.0,True
IDA_ALIAS_000504,IDA_000504,LAKSHADWEEP DISTRICT(COLLECTOR CUM DEV COMMISSIONER LAKSHADWEEP_IDA),lakshadweep districtcollector cum dev commissioner lakshadweepida,1.0,True
IDA_ALIAS_000505,IDA_000505,DAKSHIN DINAJPUR(DISTRICT MAGISTRATE DINAJPUR DAKSHIN_IDA),dakshin dinajpurdistrict magistrate dinajpur dakshinida,1.0,True
IDA_ALIAS_000506,IDA_000506,JHABUA(DISTRICT COLLECTOR JHABUA_IDA),jhabuadistrict collector jhabuaida,1.0,True
IDA_ALIAS_000507,IDA_000507,EAST GARO HILLS(DEPUTY COMMISSIONER EAST GARO HILLS WILLIAMNAGAR_IDA),east garo hillsdeputy commissioner east garo hills williamnagarida,1.0,True
IDA_ALIAS_000508,IDA_000508,DATIA(DISTRICT COLLECTOR DATIA_IDA),datiadistrict collector datiaida,1.0,True
IDA_ALIAS_000509,IDA_000509,NABARANGPUR(DISTRICT COLLECTOR NABARANGPUR_IDA),nabarangpurdistrict collector nabarangpurida,1.0,True
IDA_ALIAS_000510,IDA_000510,KANNIYAKUMARI(DISTRICT COLLECTOR KANNIYAKUMARI_IDA),kanniyakumaridistrict collector kanniyakumariida,1.0,True
IDA_ALIAS_000511,IDA_000511,"SONITPUR(DEPUTY COMMISSIONER SONITPUR, TEZPUR)",sonitpurdeputy commissioner sonitpur tezpur,1.0,True
IDA_ALIAS_000512,IDA_000512,"RANIPET(DISTRICT COLLECTOR, RANIPET_2)",ranipetdistrict collector ranipet2,1.0,True
IDA_ALIAS_000513,IDA_000513,DIBRUGARH(DEPUTY COMMISSIONER DIBRUGARH_IDA),dibrugarhdeputy commissioner dibrugarhida,1.0,True
IDA_ALIAS_000514,IDA_000514,GAUTAM BUDDHA NAGAR(DISTRICT MAGISTRATE GAUTAMBUDHNAGAR),gautam buddha nagardistrict magistrate gautambudhnagar,1.0,True
IDA_ALIAS_000515,IDA_000515,AMETHI(DISTRICT MAGISTRAE AMETHI_IDA),amethidistrict magistrae amethiida,1.0,True
IDA_ALIAS_000516,IDA_000516,MYSURU(DEPUTY COMMISSIONER MYSORE_IDA),mysurudeputy commissioner mysoreida,1.0,True
IDA_ALIAS_000517,IDA_000517,"EAST GODAVARI(DISTRICT COLLECTOR, EAST GODAVARI)",east godavaridistrict collector east godavari,1.0,True
IDA_ALIAS_000518,IDA_000518,MALERKOTLA(DEPUTY COMMISSIONER MALERKOTLA_IDA),malerkotladeputy commissioner malerkotlaida,1.0,True
IDA_ALIAS_000519,IDA_000519,CHIRANG(DEPUTY COMMISSIONER CHIRANG_IDA),chirangdeputy commissioner chirangida,1.0,True
IDA_ALIAS_000520,IDA_000520,FAZILKA(DEPUTY COMMISSIONER FAZILKA_IDA),fazilkadeputy commissioner fazilkaida,1.0,True
IDA_ALIAS_000521,IDA_000521,VIZIANAGARAM(DISTRICT COLLECTOR VIZIANAGARAM_IDA),vizianagaramdistrict collector vizianagaramida,1.0,True
IDA_ALIAS_000522,IDA_000522,NALBARI(DEPUTY COMMISSIONER NALBARI_IDA),nalbarideputy commissioner nalbariida,1.0,True
IDA_ALIAS_000523,IDA_000523,SAMBALPUR(DISTRICT COLLECTOR SAMBALPUR_IDA),sambalpurdistrict collector sambalpurida,1.0,True
IDA_ALIAS_000524,IDA_000524,JEHANABAD(DISTRICT PLANNING OFFICER JEHANABAD_IDA),jehanabaddistrict planning officer jehanabadida,1.0,True
IDA_ALIAS_000525,IDA_000525,MORENA(DISTRICT COLLECTOR MORENA_IDA),morenadistrict collector morenaida,1.0,True
IDA_ALIAS_000526,IDA_000526,DARJEELING(DISTRICT MAGISTRATE DARJEELING_IDA),darjeelingdistrict magistrate darjeelingida,1.0,True
IDA_ALIAS_000527,IDA_000527,GANGANAGAR(ZILLA GANGANAGAR),ganganagarzilla ganganagar,1.0,True
IDA_ALIAS_000528,IDA_000528,NAGAON(DEPUTY COMMISSIONER NOWGONG_IDA),nagaondeputy commissioner nowgongida,1.0,True
IDA_ALIAS_000529,IDA_000529,RAIGAD(DISTRICT COLLECTOR RAIGAD_IDA),raigaddistrict collector raigadida,1.0,True
IDA_ALIAS_000530,IDA_000530,MEDAK(COLLECTOR MEDAK DISTRICT),medakcollector medak district,1.0,True
IDA_ALIAS_000531,IDA_000531,GUNTUR(DISTRICT COLLECTOR GUNTUR_IDA),gunturdistrict collector gunturida,1.0,True
IDA_ALIAS_000532,IDA_000532,SITAMARHI(DISTRICT PLANNING OFFICER SITAMARHI_IDA),sitamarhidistrict planning officer sitamarhiida,1.0,True
IDA_ALIAS_000533,IDA_000533,RAMGARH(DEPUTY COMMISSIONER RAMGARH_IDA),ramgarhdeputy commissioner ramgarhida,1.0,True
IDA_ALIAS_000534,IDA_000534,RATLAM(DISTRICT COLLECTOR RATLAM_IDA),ratlamdistrict collector ratlamida,1.0,True
IDA_ALIAS_000535,IDA_000535,KHAIRTHAL-TIJARA(DISTRICT COLLECTOR KHAIRTHAL TIJARA_IDA),khairthaltijaradistrict collector khairthal tijaraida,1.0,True
IDA_ALIAS_000536,IDA_000536,UDHAM SINGH NAGAR(DISTRICT MAGISTRATE UDHAMSINGH NAGAR_IDA),udham singh nagardistrict magistrate udhamsingh nagarida,1.0,True
IDA_ALIAS_000537,IDA_000537,GUMLA(DEPUTY COMMISSIONER GUMLA_IDA),gumladeputy commissioner gumlaida,1.0,True
IDA_ALIAS_000538,IDA_000538,RAYAGADA(DISTRICT COLLECTOR RAYAGADA_IDA),rayagadadistrict collector rayagadaida,1.0,True
IDA_ALIAS_000539,IDA_000539,S.A.S NAGAR(DEPUTY COMMISSIONER SAHIBZADA AJIT SINGH NAGAR MOHALI_IDA),sas nagardeputy commissioner sahibzada ajit singh nagar mohaliida,1.0,True
IDA_ALIAS_000540,IDA_000540,SURYAPET(DISTRICT COLLECTOR SURYAPET),suryapetdistrict collector suryapet,1.0,True
IDA_ALIAS_000541,IDA_000541,LOWER SUBANSIRI(DEPUTY COMMISSIONER LOWER SUBANSIR_IDA),lower subansirideputy commissioner lower subansirida,1.0,True
IDA_ALIAS_000542,IDA_000542,YAMUNANAGAR(DEPUTY COMMISSIONER YAMUNANAGAR_IDA),yamunanagardeputy commissioner yamunanagarida,1.0,True
IDA_ALIAS_000543,IDA_000543,MANDYA(DEPUTY COMMISSIONER MANDYA_IDA),mandyadeputy commissioner mandyaida,1.0,True
IDA_ALIAS_000544,IDA_000544,SARANGARH-BILAIGARH(COLLECTOR SB_IDA),sarangarhbilaigarhcollector sbida,1.0,True
IDA_ALIAS_000545,IDA_000545,AIZAWL(DEPUTY COMMISSIONER AIZAWL_IDA),aizawldeputy commissioner aizawlida,1.0,True
IDA_ALIAS_000546,IDA_000546,BENGALURU RURAL(DEPUTY COMMISSIONER BANGALORE RURAL SBM URBAN),bengaluru ruraldeputy commissioner bangalore rural sbm urban,1.0,True
IDA_ALIAS_000547,IDA_000547,DHALAI(DISTRICT MAGISTRATE DHALAI_IDA),dhalaidistrict magistrate dhalaiida,1.0,True
IDA_ALIAS_000548,IDA_000548,SHEOPUR(DISTRICT COLLECTOR SHEOPUR_IDA),sheopurdistrict collector sheopurida,1.0,True
IDA_ALIAS_000549,IDA_000549,NAWADA(DISTRICT PLANNING OFFICER NAWADA_IDA),nawadadistrict planning officer nawadaida,1.0,True
IDA_ALIAS_000550,IDA_000550,VAISHALI(DISTRICT PLANNING OFFICER VAISHALI_IDA),vaishalidistrict planning officer vaishaliida,1.0,True
IDA_ALIAS_000551,IDA_000551,JHARSUGUDA(DISTRICT COLLECTORJHARSUGUDA_IDA),jharsugudadistrict collectorjharsugudaida,1.0,True
IDA_ALIAS_000552,IDA_000552,COOCH BEHAR(DISTRICT MAGISTRATE COOCHBEHAR_IDA),cooch behardistrict magistrate coochbeharida,1.0,True
IDA_ALIAS_000553,IDA_000553,PERAMBALUR(DISTRICT COLLECTOR PERAMBALUR_IDA),perambalurdistrict collector perambalurida,1.0,True
IDA_ALIAS_000554,IDA_000554,CHUMOUKEDIMA(DEPUTY COMMISSIONER CHUMOUKEDIMA_IDA),chumoukedimadeputy commissioner chumoukedimaida,1.0,True
IDA_ALIAS_000555,IDA_000555,VIDISHA(DISTRICT COLLECTOR VIDISHA_IDA),vidishadistrict collector vidishaida,1.0,True
IDA_ALIAS_000556,IDA_000556,"SRIBHUMI(DEPUTY COMMISSIONER , KARIMGANJ)",sribhumideputy commissioner karimganj,1.0,True
IDA_ALIAS_000557,IDA_000557,CHITRADURGA(DEPUTY COMMISSIONER CHITRADURGA_IDA),chitradurgadeputy commissioner chitradurgaida,1.0,True
IDA_ALIAS_000558,IDA_000558,AGAR-MALWA(DISTRICT COLLECTOR AGAR MALWA_IDA),agarmalwadistrict collector agar malwaida,1.0,True
IDA_ALIAS_000559,IDA_000559,BARPETA(DEPUTY COMMISSIONER BARPETA 1),barpetadeputy commissioner barpeta 1,1.0,True
IDA_ALIAS_000560,IDA_000560,RAJOURI(DEPUTY COMMISSIONER RAJOURI_IDA),rajourideputy commissioner rajouriida,1.0,True
IDA_ALIAS_000561,IDA_000561,DINDORI(DISTRICT COLLECTOR DINDORI_IDA),dindoridistrict collector dindoriida,1.0,True
IDA_ALIAS_000562,IDA_000562,RAICHUR(DEPUTY COMMISSIONER RAICHUR_IDA),raichurdeputy commissioner raichurida,1.0,True
IDA_ALIAS_000563,IDA_000563,LOHIT(DEPUTY COMMISSIONER LOHIT_IDA),lohitdeputy commissioner lohitida,1.0,True
IDA_ALIAS_000564,IDA_000564,SURENDRANAGAR(DISTRICT COLLECTOR SURENDRANAGAR_IDA),surendranagardistrict collector surendranagarida,1.0,True
IDA_ALIAS_000565,IDA_000565,WASHIM(DISTRICT COLLECTOR WASHIM_IDA),washimdistrict collector washimida,1.0,True
IDA_ALIAS_000566,IDA_000566,BUXAR(DISTRICT PLANNING OFFICER BUXAR_IDA),buxardistrict planning officer buxarida,1.0,True
IDA_ALIAS_000567,IDA_000567,THOUBAL(DEPUTY COMMISSIONER THOUBAL MPLADS_IDA),thoubaldeputy commissioner thoubal mpladsida,1.0,True
IDA_ALIAS_000568,IDA_000568,MANDLA(DISTRICT COLLECTOR MANDLA_IDA),mandladistrict collector mandlaida,1.0,True
IDA_ALIAS_000569,IDA_000569,AJMER(DISTRICT COLLECTOR AJMER_IDA),ajmerdistrict collector ajmerida,1.0,True
IDA_ALIAS_000570,IDA_000570,SOUTH GARO HILLS(DEPUTY COMMISSIONER BAGHMARA_IDA),south garo hillsdeputy commissioner baghmaraida,1.0,True
IDA_ALIAS_000571,IDA_000571,BENGALURU SOUTH(DEPUTY COMMISSIONER RAMANAGARA_IDA),bengaluru southdeputy commissioner ramanagaraida,1.0,True
IDA_ALIAS_000572,IDA_000572,BEGUSARAI(DISTRICT PLANNING OFFICER BEGUSARAI_IDA),begusaraidistrict planning officer begusaraiida,1.0,True
IDA_ALIAS_000573,IDA_000573,KULLU(DEPUTY COMMISSIONER KULLU_IDA),kulludeputy commissioner kulluida,1.0,True
IDA_ALIAS_000574,IDA_000574,MUZAFFARPUR(DISTRICT PLANNING OFFICER MUZAFFARPUR_IDA),muzaffarpurdistrict planning officer muzaffarpurida,1.0,True
IDA_ALIAS_000575,IDA_000575,RUDRAPRAYAG(DM RUDRAPRAYAG_IDA),rudraprayagdm rudraprayagida,1.0,True
IDA_ALIAS_000576,IDA_000576,UTTARA KANNADA(DEPUTY COMMISSIONER UTTARKANNADA KARWAR_IDA),uttara kannadadeputy commissioner uttarkannada karwarida,1.0,True
IDA_ALIAS_000577,IDA_000577,NORTH WEST(COMMISSIONER NORTH WEST),north westcommissioner north west,1.0,True
IDA_ALIAS_000578,IDA_000578,DARRANG(DEPUTY COMMISSIONER DARRANG_IDA),darrangdeputy commissioner darrangida,1.0,True
IDA_ALIAS_000579,IDA_000579,JAGATSINGHAPUR(DISTRICT COLLECTOR JAGATSINGHPUR_IDA),jagatsinghapurdistrict collector jagatsinghpurida,1.0,True
IDA_ALIAS_000580,IDA_000580,SANGRUR(DEPUTY COMMISSIONER SANGRUR_IDA),sangrurdeputy commissioner sangrurida,1.0,True
IDA_ALIAS_000581,IDA_000581,PATAN(DISTRICT COLLECTOR PATAN_IDA),patandistrict collector patanida,1.0,True
IDA_ALIAS_000582,IDA_000582,NANDURBAR(DISTRICT COLLECTOR NANDURBAR_IDA),nandurbardistrict collector nandurbarida,1.0,True
IDA_ALIAS_000583,IDA_000583,BONGAIGAON(DEPUTY COMMISSIONER BONGAIGAON_IDA),bongaigaondeputy commissioner bongaigaonida,1.0,True
IDA_ALIAS_000584,IDA_000584,VISAKHAPATNAM(DISTRICT COLLECTOR VISAKHAPATNAM_IDA),visakhapatnamdistrict collector visakhapatnamida,1.0,True
IDA_ALIAS_000585,IDA_000585,SAWAI MADHOPUR(DISTRICT COLLECTOR SAWAI MADHOPUR_IDA),sawai madhopurdistrict collector sawai madhopurida,1.0,True
IDA_ALIAS_000586,IDA_000586,MUNGELI(COLLECTOR MUNGELI_IDA),mungelicollector mungeliida,1.0,True
IDA_ALIAS_000587,IDA_000587,MAIHAR(DISTRICT COLLECTOR MAIHAR_IDA),maihardistrict collector maiharida,1.0,True
IDA_ALIAS_000588,IDA_000588,SRINAGAR(DEPUTY COMMISSIONER SRINAGAR_IDA),srinagardeputy commissioner srinagarida,1.0,True
IDA_ALIAS_000589,IDA_000589,REWA(DISTRICT COLLECTOR REWA_IDA),rewadistrict collector rewaida,1.0,True
IDA_ALIAS_000590,IDA_000590,KONDAGAON(DISTRICT COLLECTOR KONDAGAON_IDA),kondagaondistrict collector kondagaonida,1.0,True
IDA_ALIAS_000591,IDA_000591,SUBARNAPUR(DISTRICT COLLECTOR SUBARNAPUR_IDA),subarnapurdistrict collector subarnapurida,1.0,True
IDA_ALIAS_000592,IDA_000592,TIRUPATHUR(DISTRICT COLLECTOR TIRUPATHUR_IDA),tirupathurdistrict collector tirupathurida,1.0,True
IDA_ALIAS_000593,IDA_000593,TINSUKIA(DC TINSUKIA),tinsukiadc tinsukia,1.0,True
IDA_ALIAS_000594,IDA_000594,KARAULI(DISTRICT COLLECTOR KARAULI_IDA),karaulidistrict collector karauliida,1.0,True
IDA_ALIAS_000595,IDA_000595,SOUTH WEST KHASI HILLS(DEPUTY COMMISSIONER SOUTH WEST KHASI HILLS MAWKRYWAT_IDA),south west khasi hillsdeputy commissioner south west khasi hills mawkrywatida,1.0,True
IDA_ALIAS_000596,IDA_000596,SINDHUDURG(DISTRICT COLLECTOR SINDHUDURG_IDA),sindhudurgdistrict collector sindhudurgida,1.0,True
IDA_ALIAS_000597,IDA_000597,KANPUR DEHAT(DISTRICT MAGISTRATE KANPUR DEHAT_IDA),kanpur dehatdistrict magistrate kanpur dehatida,1.0,True
IDA_ALIAS_000598,IDA_000598,HAILAKANDI(DEPUTY COMMISSIONER HAILAKANDI_IDA),hailakandideputy commissioner hailakandiida,1.0,True
IDA_ALIAS_000599,IDA_000599,GADAG(DEPUTY COMMSIONER GADAG_IDA),gadagdeputy commsioner gadagida,1.0,True
IDA_ALIAS_000600,IDA_000600,DEVBHUMI DWARKA(DISTRICT COLLECTOR DEVBHUMI DWARKA_IDA),devbhumi dwarkadistrict collector devbhumi dwarkaida,1.0,True
IDA_ALIAS_000601,IDA_000601,KATNI(DISTRICT COLLECTOR KATNI_IDA),katnidistrict collector katniida,1.0,True
IDA_ALIAS_000602,IDA_000602,JALORE(DISTRICT COLLECTOR JALORE_IDA),jaloredistrict collector jaloreida,1.0,True
IDA_ALIAS_000603,IDA_000603,BAKSA(DEPUTY COMMISSIONER BAKSA_IDA),baksadeputy commissioner baksaida,1.0,True
IDA_ALIAS_000604,IDA_000604,KOKRAJHAR(DEPUTY COMMISSIONER KOKRAJHAR_IDA),kokrajhardeputy commissioner kokrajharida,1.0,True
IDA_ALIAS_000605,IDA_000605,ALIRAJPUR(DISTRICT COLLECTOR ALIRAJPUR_IDA),alirajpurdistrict collector alirajpurida,1.0,True
IDA_ALIAS_000606,IDA_000606,SALUMBAR(DISTRICT COLLECTOR SALUMBAR_IDA),salumbardistrict collector salumbarida,1.0,True
IDA_ALIAS_000607,IDA_000607,LEH LADAKH(DEPUTY COMMISSIONER LEH_IDA),leh ladakhdeputy commissioner lehida,1.0,True
IDA_ALIAS_000608,IDA_000608,KARBI ANGLONG(DEPUTY COMMISSIONER KARBI ANGLONG_IDA),karbi anglongdeputy commissioner karbi anglongida,1.0,True
IDA_ALIAS_000609,IDA_000609,DHOLPUR(DISTRICT COLLECTOR DHOLPUR_IDA),dholpurdistrict collector dholpurida,1.0,True
IDA_ALIAS_000610,IDA_000610,BHOJPUR(DISTRICT PLANNING OFFICER BHOJPUR ARRAH_IDA),bhojpurdistrict planning officer bhojpur arrahida,1.0,True
IDA_ALIAS_000611,IDA_000611,BAPATLA(DISTRICT COLLECTOR BAPATLA_IDA),bapatladistrict collector bapatlaida,1.0,True
IDA_ALIAS_000612,IDA_000612,KAMRUP METRO(DEPUTY COMMISSIONER KAMRUP METROPOLITAN_IDA),kamrup metrodeputy commissioner kamrup metropolitanida,1.0,True
IDA_ALIAS_000613,IDA_000613,TARN TARAN(DEPUTY COMMOSSIONER TARN TARAN_IDA_2),tarn tarandeputy commossioner tarn taranida2,1.0,True
IDA_ALIAS_000614,IDA_000614,CHITTORGARH(DISTRICT COLLECTOR CHITTORGARH_IDA),chittorgarhdistrict collector chittorgarhida,1.0,True
IDA_ALIAS_000615,IDA_000615,MAYILADUTHURAI(DISTRICT COLLECTOR MAYILADUTHURAI_IDA),mayiladuthuraidistrict collector mayiladuthuraiida,1.0,True
IDA_ALIAS_000616,IDA_000616,CHAMARAJANAGAR(DEPUTY COMMISSIONER CHAMARAJNAGAR_IDA),chamarajanagardeputy commissioner chamarajnagarida,1.0,True
IDA_ALIAS_000617,IDA_000617,THOOTHUKKUDI(DISTRICT COLLECTOR THOOTHUKUDI_IDA),thoothukkudidistrict collector thoothukudiida,1.0,True
IDA_ALIAS_000618,IDA_000618,PHEK(DEPUTY COMMISSIONER PHEK_IDA),phekdeputy commissioner phekida,1.0,True
IDA_ALIAS_000619,IDA_000619,EAST KAMENG(DEPUTY COMMISIONER EAST KAMENG_IDA),east kamengdeputy commisioner east kamengida,1.0,True
IDA_ALIAS_000620,IDA_000620,GADCHIROLI(DISTRICT COLLECTOR GADCHIROLI_IDA),gadchirolidistrict collector gadchiroliida,1.0,True
IDA_ALIAS_000621,IDA_000621,WEST JAINTIA HILLS(DEPUTY COMMISSIONER WEST JAINTIA HILLS JOWAI_IDA),west jaintia hillsdeputy commissioner west jaintia hills jowaiida,1.0,True
IDA_ALIAS_000622,IDA_000622,WEST KARBI ANGLONG(DISTRICT COMMISSIONER WEST KARBI ANGLONG),west karbi anglongdistrict commissioner west karbi anglong,1.0,True
IDA_ALIAS_000623,IDA_000623,DAVANAGERE(DEPUTY COMMISSIONER DAUANAGERE_IDA),davanageredeputy commissioner dauanagereida,1.0,True
IDA_ALIAS_000624,IDA_000624,BANKA(DISTRICT PLANNING OFFICER BANKA_IDA),bankadistrict planning officer bankaida,1.0,True
IDA_ALIAS_000625,IDA_000625,BELAGAVI(DEPUTY COMMISSIONER BELGAUM_IDA),belagavideputy commissioner belgaumida,1.0,True
IDA_ALIAS_000626,IDA_000626,SRI SATHYA SAI(DISTRICT COLLECTOR SRI SATHYA SAI_IDA),sri sathya saidistrict collector sri sathya saiida,1.0,True
IDA_ALIAS_000627,IDA_000627,KAKINADA(DISTRICT COLLECTOR KAKINADA_IDA),kakinadadistrict collector kakinadaida,1.0,True
IDA_ALIAS_000628,IDA_000628,EAST JAINTIA HILLS(DEPUTY COMMISSIONER EAST JAINTIA HILLS KHLIEHRIAT_IDA),east jaintia hillsdeputy commissioner east jaintia hills khliehriatida,1.0,True
IDA_ALIAS_000629,IDA_000629,LATEHAR(DEPUTY COMMISSIONER LATEHAR_IDA),latehardeputy commissioner lateharida,1.0,True
IDA_ALIAS_000630,IDA_000630,KABEERDHAM(DISTRICT COLLECTOR KABIRDHAM),kabeerdhamdistrict collector kabirdham,1.0,True
IDA_ALIAS_000631,IDA_000631,SHAHID BHAGAT SINGH NAGAR(DEPUTY COMMISSIONER SHAHID BHAGAT SINGH NAGAR_IDA),shahid bhagat singh nagardeputy commissioner shahid bhagat singh nagarida,1.0,True
IDA_ALIAS_000632,IDA_000632,NAMSAI(DEPUTY COMMISIONER NAMSAI_IDA),namsaideputy commisioner namsaiida,1.0,True
IDA_ALIAS_000633,IDA_000633,DIU(COLLECTOR DIU),diucollector diu,1.0,True
IDA_ALIAS_000634,IDA_000634,"WEST SIANG(DEPUTY COMMISSIONER, WEST SIANG (IDA))",west siangdeputy commissioner west siang ida,1.0,True
IDA_ALIAS_000635,IDA_000635,RAJSAMAND(DISTRICT COLLECTOR RAJSAMAND_IDA),rajsamanddistrict collector rajsamandida,1.0,True
IDA_ALIAS_000636,IDA_000636,EASTERN WEST KHASI HILLS(DEPUTY COMMISSIONER EASTERN WEST KHASI HILLS MAIRANG_IDA),eastern west khasi hillsdeputy commissioner eastern west khasi hills mairangida,1.0,True
IDA_ALIAS_000637,IDA_000637,VIJAYANAGARA(DEPUTY COMMISSIONER VIJAYANAGARA_IDA),vijayanagaradeputy commissioner vijayanagaraida,1.0,True
IDA_ALIAS_000638,IDA_000638,ELURU(DISTRICT COLLECTOR ELURU_IDA),elurudistrict collector eluruida,1.0,True
IDA_ALIAS_000639,IDA_000639,JHARGRAM(DISTRICT MAGISTRATE JHARGRAM_IDA),jhargramdistrict magistrate jhargramida,1.0,True
IDA_ALIAS_000640,IDA_000640,BEED(DISTRICT COLLECTOR BEED_IDA),beeddistrict collector beedida,1.0,True
IDA_ALIAS_000641,IDA_000641,MAUGANJ(DISTRICT COLLECTOR MAUGANJ_IDA),mauganjdistrict collector mauganjida,1.0,True
IDA_ALIAS_000642,IDA_000642,BALOTRA(DISTRICT COLLECTOR BALOTRA_IDA),balotradistrict collector balotraida,1.0,True
IDA_ALIAS_000643,IDA_000643,BARMER(DISTRICT COLLECTOR BARMER_IDA),barmerdistrict collector barmerida,1.0,True
IDA_ALIAS_000644,IDA_000644,JODHPUR GRAMIN(DISTRICT COLLECTOR JODHPUR RURAL_IDA),jodhpur gramindistrict collector jodhpur ruralida,1.0,True
IDA_ALIAS_000645,IDA_000645,SHEOHAR(DISTRICT PLANNING OFFICER SEOHAR_IDA),sheohardistrict planning officer seoharida,1.0,True
IDA_ALIAS_000646,IDA_000646,SOUTH EAST(COMMISSIONER MCD SOUTH EAST_IDA),south eastcommissioner mcd south eastida,1.0,True
IDA_ALIAS_000647,IDA_000647,DAUSA(DISTRICT COLLECTOR DAUSA_IDA),dausadistrict collector dausaida,1.0,True
IDA_ALIAS_000648,IDA_000648,"SIAHA(DEPUTY COMMISSIONER, SIAHA)",siahadeputy commissioner siaha,1.0,True
IDA_ALIAS_000649,IDA_000649,"LUNGLEI(DEPUTY COMMISSIONER, LUNGLEI)",lungleideputy commissioner lunglei,1.0,True
IDA_ALIAS_000650,IDA_000650,PATHANKOT(DEPUTY COMMISSIONER PATHANKOT_IDA),pathankotdeputy commissioner pathankotida,1.0,True
IDA_ALIAS_000651,IDA_000651,PAPUM PARE(DEPUTY COMMISSIONER PAPUM PARE_IDA),papum paredeputy commissioner papum pareida,1.0,True
IDA_ALIAS_000652,IDA_000652,PULWAMA(DEPUTY COMMISSIONER  PULWAMA_IDA),pulwamadeputy commissioner pulwamaida,1.0,True
IDA_ALIAS_000653,IDA_000653,POONCH(DEPUTY COMMISSIONER POONCH_IDA),poonchdeputy commissioner poonchida,1.0,True
IDA_ALIAS_000654,IDA_000654,FATEHABAD(DEPUTY COMMISSIONER FATEHABAD),fatehabaddeputy commissioner fatehabad,1.0,True
IDA_ALIAS_000655,IDA_000655,BAJALI(DC OFFICE BAJALI),bajalidc office bajali,1.0,True
IDA_ALIAS_000656,IDA_000656,KUMURAM BHEEM ASIFABAD(DISTRICT COLLECTOR KB ASIFABAD_IDA),kumuram bheem asifabaddistrict collector kb asifabadida,1.0,True
IDA_ALIAS_000657,IDA_000657,KAMAREDDY(DISTRICT COLLECTOR KAMAREDDY_IDA),kamareddydistrict collector kamareddyida,1.0,True
IDA_ALIAS_000658,IDA_000658,DHENKANAL(DISTRICT COLLECTOR DHENKANAL_IDA),dhenkanaldistrict collector dhenkanalida,1.0,True
IDA_ALIAS_000659,IDA_000659,JALPAIGURI(DISTRICT MAGISTRATE JALPAIGURI_IDA),jalpaiguridistrict magistrate jalpaiguriida,1.0,True
IDA_ALIAS_000660,IDA_000660,SOUTH WEST(COMMISSIONER MCD SOUTH WEST),south westcommissioner mcd south west,1.0,True
IDA_ALIAS_000661,IDA_000661,BANDIPORA(DEPUTY COMMISSIONER BANDIPORA_IDA),bandiporadeputy commissioner bandiporaida,1.0,True
IDA_ALIAS_000662,IDA_000662,KARGIL(DEPUTY COMMISSIONERKARGIL),kargildeputy commissionerkargil,1.0,True
IDA_ALIAS_000663,IDA_000663,PALNADU(DISTRICT COLLECTOR PALNADU_IDA),palnadudistrict collector palnaduida,1.0,True
IDA_ALIAS_000664,IDA_000664,SOUTH ANDAMANS(IMPLEMENTING DISTRICT AUTHORITY(SA)),south andamansimplementing district authoritysa,1.0,True
IDA_ALIAS_000665,IDA_000665,JHALAWAR(DISTRICT COLLECTOR JHALAWAR_IDA),jhalawardistrict collector jhalawarida,1.0,True
IDA_ALIAS_000666,IDA_000666,"SAITUAL(DY. COMMISSIONERS OFFICE, SAITUAL)",saitualdy commissioners office saitual,1.0,True
IDA_ALIAS_000667,IDA_000667,SARAN(DISTRICT PLANNING OFFICE SARAN CHAPRA_IDA),sarandistrict planning office saran chapraida,1.0,True
IDA_ALIAS_000668,IDA_000668,COIMBATORE(DISTRICT COLLECTOR COIMBATORE_IDA),coimbatoredistrict collector coimbatoreida,1.0,True
IDA_ALIAS_000669,IDA_000669,TIRAP(DEPUTY COMMISSIONER TIRAP_IDA),tirapdeputy commissioner tirapida,1.0,True
IDA_ALIAS_000670,IDA_000670,"CHAMPHAI(DEPUTY COMMISIONER, CHAMPHAI)",champhaideputy commisioner champhai,1.0,True
IDA_ALIAS_000671,IDA_000671,DHUBRI(DEPUTY COMMISSIONER DHUBRI_IDA),dhubrideputy commissioner dhubriida,1.0,True
IDA_ALIAS_000672,IDA_000672,NAGAPATTINAM(DISTRICT COLLECTOR NAGAPATTINAM_4),nagapattinamdistrict collector nagapattinam4,1.0,True
IDA_ALIAS_000673,IDA_000673,DEBAGADA(DISTRICT COLLECTOR DEOGARH_IDA),debagadadistrict collector deogarhida,1.0,True
IDA_ALIAS_000674,IDA_000674,DAMAN(DISTRICT COLLECTOR DAMAN_IDA),damandistrict collector damanida,1.0,True
IDA_ALIAS_000675,IDA_000675,BALOD(COLLECTOR BALOD_IDA),balodcollector balodida,1.0,True
IDA_ALIAS_000676,IDA_000676,YADGIR(DEPUTY COMMSIONER YADGIR_IDA),yadgirdeputy commsioner yadgirida,1.0,True
IDA_ALIAS_000677,IDA_000677,BEMETARA(COLLECTOR BEMETARA_IDA),bemetaracollector bemetaraida,1.0,True
IDA_ALIAS_000678,IDA_000678,KALABURAGI(DEPUTY COMMISSIONER GULBARGA_IDA),kalaburagideputy commissioner gulbargaida,1.0,True
IDA_ALIAS_000679,IDA_000679,CHANDRAPUR(DISTRICT COLLECTOR CHANDRAPUR_IDA),chandrapurdistrict collector chandrapurida,1.0,True
IDA_ALIAS_000680,IDA_000680,KAMRUP(DEPUTY COMMISSIONER KAMRUP_IDA),kamrupdeputy commissioner kamrupida,1.0,True
IDA_ALIAS_000681,IDA_000681,BANSWARA(DISTRICT COLLECTOR BANSWARA_IDA),banswaradistrict collector banswaraida,1.0,True
IDA_ALIAS_000682,IDA_000682,BUNDI(DISTRICT COLLECTOR BUNDI_IDA),bundidistrict collector bundiida,1.0,True
IDA_ALIAS_000683,IDA_000683,BALRAMPUR(DISTRICT MAGISTRATE BALRAMPUR_IDA),balrampurdistrict magistrate balrampurida,1.0,True
IDA_ALIAS_000684,IDA_000684,NORTH AND MIDDLE ANDAMAN(IMPLEMENTING DISTRICT AUTHORITY(N&MA)),north and middle andamanimplementing district authoritynma,1.0,True
IDA_ALIAS_000685,IDA_000685,UNA(DEPUTY COMMISSIOENR UNA_IDA),unadeputy commissioenr unaida,1.0,True
IDA_ALIAS_000686,IDA_000686,SINGRAULI(DISTRICT COLLECTOR SINGRAULI_IDA),singraulidistrict collector singrauliida,1.0,True
IDA_ALIAS_000687,IDA_000687,"PITHORAGARH(NRLM , PITHORAGARH)",pithoragarhnrlm pithoragarh,1.0,True
IDA_ALIAS_000688,IDA_000688,BARA BANKI(DISTRICT MAGISTRATE BARABANKI_IDA),bara bankidistrict magistrate barabankiida,1.0,True
IDA_ALIAS_000689,IDA_000689,MANENDRAGARH-CHIRMIRI-BHARATPUR(M C B)(COLLECTOR MCB_IDA),manendragarhchirmiribharatpurm c bcollector mcbida,1.0,True
IDA_ALIAS_000690,IDA_000690,REWARI(DISTRICT COMMISSIONER REWARI),rewaridistrict commissioner rewari,1.0,True
IDA_ALIAS_000691,IDA_000691,ARIYALUR(DISTRICT COLLECTOR ARIYALUR_IDA),ariyalurdistrict collector ariyalurida,1.0,True
IDA_ALIAS_000692,IDA_000692,"UPPER SIANG(DISTRICT PLANNING OFFICER,YINGKIONG)",upper siangdistrict planning officeryingkiong,1.0,True
IDA_ALIAS_000693,IDA_000693,DIMAPUR(DEPUTY COMMISSIONER DIMAPUR_IDA),dimapurdeputy commissioner dimapurida,1.0,True
IDA_ALIAS_000694,IDA_000694,KISHTWAR(DEPUTY COMMISSIONER KISHTWAR_IDA),kishtwardeputy commissioner kishtwarida,1.0,True
IDA_ALIAS_000695,IDA_000695,LOWER DIBANG VALLEY(DEPUTY COMMISIONER LOWER DIBANG VALLEY_IDA),lower dibang valleydeputy commisioner lower dibang valleyida,1.0,True
IDA_ALIAS_000696,IDA_000696,KAMLE(DEPUTY COMMISIONER KAMLE_IDA),kamledeputy commisioner kamleida,1.0,True
IDA_ALIAS_000697,IDA_000697,TAMULPUR(IDA TAMULPUR),tamulpurida tamulpur,1.0,True
IDA_ALIAS_000698,IDA_000698,BALRAMPUR-RAMANUJGANJ(DISTRICT COLLECTOR BALRAMPUR_IDA),balrampurramanujganjdistrict collector balrampurida,1.0,True
IDA_ALIAS_000699,IDA_000699,KOLASIB(DEPUTY COMMISSIONER KOLASIB),kolasibdeputy commissioner kolasib,1.0,True
IDA_ALIAS_000700,IDA_000700,GANGTOK(DISTRICT COLLECTOR EAST DISTRICT_IDA),gangtokdistrict collector east districtida,1.0,True
IDA_ALIAS_000701,IDA_000701,MANGAN(DISTRICT COLLECTOR MANGAN_IDA),mangandistrict collector manganida,1.0,True
IDA_ALIAS_000702,IDA_000702,PEDDAPALLI(DISTRICT COLLECTOR PEDDAPALLY_IDA),peddapallidistrict collector peddapallyida,1.0,True
IDA_ALIAS_000703,IDA_000703,MANCHERIAL(DISTRICT COLLECTOR MANCHERIAL_IDA),mancherialdistrict collector mancherialida,1.0,True
IDA_ALIAS_000704,IDA_000704,MULUGU(DISTRICT COLLECTOR MULUGU_IDA),mulugudistrict collector muluguida,1.0,True
IDA_ALIAS_000705,IDA_000705,BAGESHWAR(DISTRICT MAGISTRATE BAGESHWAR_IDA),bageshwardistrict magistrate bageshwarida,1.0,True
IDA_ALIAS_000706,IDA_000706,IMPHAL WEST(DEPUTY COMMISSIONER IMPHAL WEST MPLADS_IDA),imphal westdeputy commissioner imphal west mpladsida,1.0,True
IDA_ALIAS_000707,IDA_000707,BARAN(DISTRICT COLLECTOR BARAN_IDA),barandistrict collector baranida,1.0,True
IDA_ALIAS_000708,IDA_000708,MOKOKCHUNG(DEPUTY COMMISSIONER MOKOKCHUNG_IDA),mokokchungdeputy commissioner mokokchungida,1.0,True
IDA_ALIAS_000709,IDA_000709,MON(DEPUTY COMMISSIONER MON_IDA),mondeputy commissioner monida,1.0,True
IDA_ALIAS_000710,IDA_000710,UKHRUL(DEPUTY COMMISSIONER UKHRUL_IDA),ukhruldeputy commissioner ukhrulida,1.0,True
IDA_ALIAS_000711,IDA_000711,BULDHANA(DISTRICT COLLECTOR BULDHANA_IDA),buldhanadistrict collector buldhanaida,1.0,True
IDA_ALIAS_000712,IDA_000712,SHOPIAN(DEPUTY COMMISSIONER SHOPIAN_IDA),shopiandeputy commissioner shopianida,1.0,True
IDA_ALIAS_000713,IDA_000713,BOUDH(DISTRICT COLLECTOR BOUDH_IDA),boudhdistrict collector boudhida,1.0,True
IDA_ALIAS_000714,IDA_000714,NIWARI(DISTRICT COLLECTOR NIWARI_IDA),niwaridistrict collector niwariida,1.0,True
IDA_ALIAS_000715,IDA_000715,KEKRI(DISTRICT COLLECTOR KEKRI_IDA),kekridistrict collector kekriida,1.0,True
IDA_ALIAS_000716,IDA_000716,GURUGRAM(DC CUM NODAL OFFICER MPLADS_5),gurugramdc cum nodal officer mplads5,1.0,True
IDA_ALIAS_000717,IDA_000717,KINNAUR(DEPUTY COMMISSIONER KINNAUR_IDA),kinnaurdeputy commissioner kinnaurida,1.0,True
IDA_ALIAS_000718,IDA_000718,SEPAHIJALA(DISTRICT MAGISTRATE AND COLLECTOR SIPAHIJALA_IDA),sepahijaladistrict magistrate and collector sipahijalaida,1.0,True
IDA_ALIAS_000719,IDA_000719,SHAMLI(DISTRICT MAGISTRATE SHAMLI_IDA),shamlidistrict magistrate shamliida,1.0,True
IDA_ALIAS_000720,IDA_000720,CHAMPAWAT(DISTRICT MAGISTRATE CHAMPAWAT_IDA),champawatdistrict magistrate champawatida,1.0,True
IDA_ALIAS_000721,IDA_000721,ASHOKNAGAR(DISTRICT COLLECTOR ASHOKNAGAR_IDA),ashoknagardistrict collector ashoknagarida,1.0,True
IDA_ALIAS_000722,IDA_000722,BISHNUPUR(DEPUTY COMMISSIONER BISHNUPUR_IDA),bishnupurdeputy commissioner bishnupurida,1.0,True
IDA_ALIAS_000723,IDA_000723,JAYASHANKAR BHUPALAPALLY(DISTRICT COLLECTOR JAYASHANKAR BHUPALPALLY_IDA),jayashankar bhupalapallydistrict collector jayashankar bhupalpallyida,1.0,True
IDA_ALIAS_000724,IDA_000724,SANCHOR(DISTRICT COLLECTOR SANCHOR_IDA),sanchordistrict collector sanchorida,1.0,True
IDA_ALIAS_000725,IDA_000725,DHAMTARI(DISTRICT COLLECTOR DHAMTARI_IDA),dhamtaridistrict collector dhamtariida,1.0,True
IDA_ALIAS_000726,IDA_000726,NORTH TRIPURA(DISTRICT MAGISTRATE AND COLLECTOR NORTH TRIPURA DISTRICT_IDA),north tripuradistrict magistrate and collector north tripura districtida,1.0,True
IDA_ALIAS_000727,IDA_000727,SORENG(DISTRICT COLLECTOR SORENG_IDA),sorengdistrict collector sorengida,1.0,True
IDA_ALIAS_000728,IDA_000728,SERCHHIP(DEPUTY COMMISSIONER SERCHHIP),serchhipdeputy commissioner serchhip,1.0,True
IDA_ALIAS_000729,IDA_000729,WOKHA(DEPUTY COMMISSIONER WOKHA_IDA),wokhadeputy commissioner wokhaida,1.0,True
IDA_ALIAS_000730,IDA_000730,CHURACHANDPUR(DEPUTY COMMISSIONER CHURACHANDPUR MPLADS_IDA),churachandpurdeputy commissioner churachandpur mpladsida,1.0,True
IDA_ALIAS_000731,IDA_000731,KOHIMA(DEPUTY COMMISIONER_7),kohimadeputy commisioner7,1.0,True
IDA_ALIAS_000732,IDA_000732,KAMJONG(DEPUTY COMMISSIONER KAMJONG MPLADS_IDA),kamjongdeputy commissioner kamjong mpladsida,1.0,True
IDA_ALIAS_000733,IDA_000733,TAMENGLONG(DEPUTY COMMISSIONER TAMENGLONG_IDA),tamenglongdeputy commissioner tamenglongida,1.0,True
IDA_ALIAS_000734,IDA_000734,SOUTH SALMARA MANCACHAR(DEPUTY COMMISSIONER SOUTH SALMARA MANKACHAR_IDA),south salmara mancachardeputy commissioner south salmara mankacharida,1.0,True
IDA_ALIAS_000735,IDA_000735,LAHAUL AND SPITI(DEPUTY COMMISSIONER L AND S_IDA),lahaul and spitideputy commissioner l and sida,1.0,True
IDA_ALIAS_000736,IDA_000736,DIBANG VALLEY(DEPUTY COMMISIONER DIBANG VALLEY_IDA),dibang valleydeputy commisioner dibang valleyida,1.0,True
IDA_ALIAS_000737,IDA_000737,LAWNGTLAI(DSC LAWNGTLAI),lawngtlaidsc lawngtlai,1.0,True
IDA_ALIAS_000738,IDA_000738,SOUTH TRIPURA(DISTRICT MAGISTRATE AND COLLECTOR SOUTH TRIPURA DISTRICT_IDA),south tripuradistrict magistrate and collector south tripura districtida,1.0,True
IDA_ALIAS_000739,IDA_000739,REASI(DC REASI_2),reasidc reasi2,1.0,True
IDA_ALIAS_000740,IDA_000740,KURUNG KUMEY(DEPUTY COMMISSIONER KURUNG KUMEY_IDA),kurung kumeydeputy commissioner kurung kumeyida,1.0,True
IDA_ALIAS_000741,IDA_000741,IMPHAL EAST(DEPUTY COMMISSIONER IMPHAL EAST_IDA),imphal eastdeputy commissioner imphal eastida,1.0,True
IDA_ALIAS_000742,IDA_000742,HINGOLI(DISTRICT COLLECTOR HINGOLI_IDA),hingolidistrict collector hingoliida,1.0,True
IDA_ALIAS_000743,IDA_000743,NICOBARS(DEPUTY COMMISSIONER NICOBAR_IDA),nicobarsdeputy commissioner nicobarida,1.0,True
IDA_ALIAS_000744,IDA_000744,SIANG(DEPUTY COMMISIONER SIANG_IDA),siangdeputy commisioner siangida,1.0,True
IDA_ALIAS_000745,IDA_000745,NOKLAK(DEPUTY COMMISSIONER NOKLAK_IDA),noklakdeputy commissioner noklakida,1.0,True
IDA_ALIAS_000746,IDA_000746,TONK(DISTRICT COLLECTOR TONK_IDA),tonkdistrict collector tonkida,1.0,True
IDA_ALIAS_000747,IDA_000747,GANDERBAL(DEPUTY COMMISSIONER GANDERBAL_IDA),ganderbaldeputy commissioner ganderbalida,1.0,True
IDA_ALIAS_000748,IDA_000748,LONGDING(DEPUTY COMMISIONER LONGDING_IDA),longdingdeputy commisioner longdingida,1.0,True
IDA_ALIAS_000749,IDA_000749,KARNAL(DEPUTY COMMISSIONER KARNAL),karnaldeputy commissioner karnal,1.0,True
IDA_ALIAS_000750,IDA_000750,KAKCHING(DEPUTY COMMISSIONER KAKCHING_IDA),kakchingdeputy commissioner kakchingida,1.0,True
IDA_ALIAS_000751,IDA_000751,LEPARADA(DEPUTY COMMISIONER LEPARADA_IDA),leparadadeputy commisioner leparadaida,1.0,True
IDA_ALIAS_000752,IDA_000752,LAKHISARAI(DISTRICT PLANNING OFFICER LAKHISARAI_IDA),lakhisaraidistrict planning officer lakhisaraiida,1.0,True
IDA_ALIAS_000753,IDA_000753,PEREN(DEPUTY COMMISSIONER PEREN_IDA),perendeputy commissioner perenida,1.0,True
IDA_ALIAS_000754,IDA_000754,KHAIRAGARH-CHHUIKHADAN-GANDAI(DISTRICT COLLECTOR KHAIRAGARH_IDA),khairagarhchhuikhadangandaidistrict collector khairagarhida,1.0,True
IDA_ALIAS_000755,IDA_000755,KRA DAADI(DC KRADAADI_IDA),kra daadidc kradaadiida,1.0,True
IDA_ALIAS_000756,IDA_000756,JIRIBAM(DEPUTY COMMISSIONER JIRIBAM MPLADS_IDA),jiribamdeputy commissioner jiribam mpladsida,1.0,True
IDA_ALIAS_000757,IDA_000757,UNAKOTI(DISTRICT MAGISTRATE AND COLLECTOR  UNOKOTI_IDA),unakotidistrict magistrate and collector unokotiida,1.0,True
IDA_ALIAS_000758,IDA_000758,HNAHTHIAL(DEPUTY COMMISSIONER HNAHTHIAL_IDA),hnahthialdeputy commissioner hnahthialida,1.0,True
IDA_ALIAS_000759,IDA_000759,"KHAWZAWL(OFFICE OF THE DEPUTY COMMISSIONER, KHAWZAWL)",khawzawloffice of the deputy commissioner khawzawl,1.0,True
IDA_ALIAS_000760,IDA_000760,MOHLA-MANPUR-AMBAGARH CHOUKI(COLLECTOR MMC_IDA),mohlamanpurambagarh choukicollector mmcida,1.0,True
IDA_ALIAS_000761,IDA_000761,TUENSANG(DEPUTY COMMISSIONER TUENSANG_IDA),tuensangdeputy commissioner tuensangida,1.0,True
IDA_ALIAS_000762,IDA_000762,ANJAW(DEPUTY COMMISIONER ANJAW_IDA),anjawdeputy commisioner anjawida,1.0,True
IDA_ALIAS_000763,IDA_000763,KIPHIRE(DEPUTY COMMISSIONER KIPHIRE_IDA),kiphiredeputy commissioner kiphireida,1.0,True
IDA_ALIAS_000764,IDA_000764,CHANGLANG(DEPUTY COMMISIONER CHANGLANG_IDA),changlangdeputy commisioner changlangida,1.0,True
IDA_ALIAS_000765,IDA_000765,GOMATI(DM OFFICE GOMATI MPLADS),gomatidm office gomati mplads,1.0,True
IDA_ALIAS_000766,IDA_000766,TAWANG(DEPUTY COMMISIONER TAWANG_IDA),tawangdeputy commisioner tawangida,1.0,True
IDA_ALIAS_000767,IDA_000767,KULGAM(DEPUTY COMMISSIONER KULGAM_IDA),kulgamdeputy commissioner kulgamida,1.0,True
IDA_ALIAS_000768,IDA_000768,SENAPATI(DEPUTY COMMISSIONER SENAPATI_IDA),senapatideputy commissioner senapatiida,1.0,True
IDA_ALIAS_000769,IDA_000769,KANGPOKPI(DEPUTY COMMISSIONER KANGPOKPI MPLADS_IDA),kangpokpideputy commissioner kangpokpi mpladsida,1.0,True
IDA_ALIAS_000770,IDA_000770,DADRA AND NAGAR HAVELI(DISTRICT COLLECTOR DADAR AND NAGAR HAVELI_IDA),dadra and nagar havelidistrict collector dadar and nagar haveliida,1.0,True
IDA_ALIAS_000771,IDA_000771,TENGNOUPAL(DEPUTY COMMISSIONER TENGNOUPAL MPLADS_IDA),tengnoupaldeputy commissioner tengnoupal mpladsida,1.0,True
IDA_ALIAS_000772,IDA_000772,SHAMATOR(DEPUTY COMMISSIONER SHAMATOR_IDA),shamatordeputy commissioner shamatorida,1.0,True
IDA_ALIAS_000773,IDA_000773,NUH(DEPUTY COMMISSIONER NUH),nuhdeputy commissioner nuh,1.0,True
IDA_ALIAS_000774,IDA_000774,ANOOPGARH(DISTRICT COLLECTOR ANOOPGARH_IDA),anoopgarhdistrict collector anoopgarhida,1.0,True
IDA_ALIAS_000775,IDA_000775,LONGLENG(DEPUTY COMMISSIONER LONGLENG_IDA),longlengdeputy commissioner longlengida,1.0,True
IDA_ALIAS_000776,IDA_000776,DIMA HASAO(DEPUTY COMMISSIONER DIMA HASAO_IDA),dima hasaodeputy commissioner dima hasaoida,1.0,True
