Sr. No.,State,Hon'ble Members of Parliaments,Constituency,Allocated AMOUNT ( ₹ )
9,Kerala,Adv Dean Kuriakose,IDUKKI,147000000
10,Maharashtra,ADV GOWAAL KAGADA PADAVI,NANDURBAR(ST),147816309.1
11,Kerala,ADV K FRANCIS GEORGE,KOTTAYAM,188722256.1
12,Uttar Pradesh,AFZAL ANSARI,GHAZIPUR,220500000
13,Jammu And Kashmir,AGA SYED RUHULLAH MEHDI,SRINAGAR,147000000
14,Uttarakhand,Ajay Bhatt,NAINITAL UDHAM SINGH NAG.,147000000
15,Bihar,Ajay Kumar Mandal,BHAGALPUR,147000000
16,Uttarakhand,Ajay Tamta,ALMORA(SC),147000000
17,Uttar Pradesh,AJENDRA SINGH LODHI,HAMIRPUR_UP,147000000
