Sr. No.,Work Category,Work,State,IDA,Work Description,Hon'ble Members of Parliament,Constituency,Image,Completion Date,Amount Disbursed ( ₹ ),work_id_raw,source_house,source_file,quarantine_reason
2207,Normal/Others,"WS/MP353/2024-2025/143935-Construction of roads, link roads, pathways or any other road with or without drainage system",Kerala,IDUKKI(DISTRICT COLLECTOR IDUKKI_IDA),"Concreting of Moolamattom- Cherady-Ashramam road in  Arakkulam Grama Panchayath, Idukki Block .(ST category )",Adv Dean Kuriakose,IDUKKI,Images,20-Jan-2025,,"WS/MP353/2024-2025/143935-Construction of roads, link roads, pathways or any other road with or without drainage system",lok_sabha,completed.csv,Missing required value in 'Amount Disbursed ( ₹ )'; 
2313,Normal/Others,WS/MP661/2024-2025/137791-Construction of community centers and community halls,Maharashtra,PUNE(DISTRICT COLLECTOR PUNE_IDA),Construction of community hall Near Maruti temple At Tokavade Tq. Khed Dist. Pune,Amol Ramsing Kolhe,SHIRUR,Images,23-Jan-2025,,WS/MP661/2024-2025/137791-Construction of community centers and community halls,lok_sabha,completed.csv,Missing required value in 'Amount Disbursed ( ₹ )'; 
2358,Normal/Others,WS/MP661/2024-2025/137790-Construction of community centers and community halls,Maharashtra,PUNE(DISTRICT COLLECTOR PUNE_IDA),Construction of community hall near kalbhairv mandir At. Mandoshi Tq. Khed Dist. Pune.,Amol Ramsing Kolhe,SHIRUR,Images,24-Jan-2025,,WS/MP661/2024-2025/137790-Construction of community centers and community halls,lok_sabha,completed.csv,Missing required value in 'Amount Disbursed ( ₹ )'; 
3505,Normal/Others,WS/MP18227/2024-2025/148775-Street lights,Uttar Pradesh,AZAMGARH(DISTRICT MAGISTRATE AZAMGARH_IDA),Gram rajjabpur me highmast light,DAROGA PRASAD SAROJ,LALGANJ (SC),Images,25-Mar-2026,,WS/MP18227/2024-2025/148775-Street lights,lok_sabha,completed.csv,Missing required value in 'Amount Disbursed ( ₹ )'; 
14660,Normal/Others,WS/MP18009/2024-2025/161404-Construction of community centers and community halls,Andhra Pradesh,Ananthapuramu(DISTRICT COLLECTOR ANANTAPUR_IDA),Construction of community hall in Sno.182 B.Yaleru village Atmakuru (M),B K PARTHASARATHI,HINDUPUR,Images,02-Sep-2025,,WS/MP18009/2024-2025/161404-Construction of community centers and community halls,lok_sabha,completed.csv,Missing required value in 'Amount Disbursed ( ₹ )'; 
15177,Normal/Others,"WS/MP574/2025-2026/181132-Construction of flood control embankments/ protection walls along riverbanks, hilltops, roadsides",Gujarat,PATAN(DISTRICT COLLECTOR PATAN_IDA),runi game thakor samajna makan na aagalana bhage flood protection wall work,Bharatsinhji Shankarji Dabhi,PATAN,Images,12-Jan-2026,,"WS/MP574/2025-2026/181132-Construction of flood control embankments/ protection walls along riverbanks, hilltops, roadsides",lok_sabha,completed.csv,Missing required value in 'Amount Disbursed ( ₹ )'; 
15997,Normal/Others,WS/MP18260/2025-2026/185398-Providing drains and gutters for public drainage,Jammu And Kashmir,SRINAGAR(DEPUTY COMMISSIONER SRINAGAR_IDA),Construction of drain from the house of farooq ahmad lone to late noor mohammad kumar opposite white house hawal srinagar,AGA SYED RUHULLAH MEHDI,SRINAGAR,Images,24-Sep-2025,,WS/MP18260/2025-2026/185398-Providing drains and gutters for public drainage,lok_sabha,completed.csv,Missing required value in 'Amount Disbursed ( ₹ )'; 
17241,Normal/Others,WS/MP18225/2025-2026/174424-Installing hand pumps,Uttar Pradesh,PRATAPGARH(DISTRICT MAGISTRAE PRATAPGARH_IDA),"Mo Arif son of Shri Sajjad Husain Add Lala Bajar Panigaun, Kala Kankar, Kunda ke ghar ke samne handpump ka karya",PUSHPENDRA SAROJ,KAUSHAMBI(SC),Images,12-Feb-2026,,WS/MP18225/2025-2026/174424-Installing hand pumps,lok_sabha,completed.csv,Missing required value in 'Amount Disbursed ( ₹ )'; 
17867,Normal/Others,WS/MP18236/2025-2026/207366-Lighting of public spaces,Uttar Pradesh,CHANDAULI(DISTRICT MAGISTRATE CHANDAULI_IDA),Village- Preetpur Solar street light near Jharma son Arjun house near Panchayat Bhawan in Block Chakiya,CHHOTELAL,ROBERTSGANJ(SC),Images,09-Jan-2026,,WS/MP18236/2025-2026/207366-Lighting of public spaces,lok_sabha,completed.csv,Missing required value in 'Amount Disbursed ( ₹ )'; 
18466,Normal/Others,WS/MP370/2024-2025/145385-Construction of community centers and community halls,Odisha,Sundaragada(DISTRICT COLLECTOR SUNDARGARH_IDA),Construction of CC Building at Bakulidihi,Shri Jual Oram,SUNDARGARH (ST),Images,15-Oct-2025,,WS/MP370/2024-2025/145385-Construction of community centers and community halls,lok_sabha,completed.csv,Missing required value in 'Amount Disbursed ( ₹ )'; 
18517,Normal/Others,WS/MP370/2024-2025/145557-Construction of community centers and community halls,Odisha,Sundaragada(DISTRICT COLLECTOR SUNDARGARH_IDA),Const. of CC Building at Chandarpur,Shri Jual Oram,SUNDARGARH (ST),Images,15-Oct-2025,,WS/MP370/2024-2025/145557-Construction of community centers and community halls,lok_sabha,completed.csv,Missing required value in 'Amount Disbursed ( ₹ )'; 
18520,Normal/Others,"WS/MP490/2025-2026/241033-Construction of roads, link roads, pathways or any other road with or without drainage system",Uttar Pradesh,VARANASI(DISTRICT MAGISTRAE VARANASI_IDA),Interlocking work from Mr Govind Kumar Pandey house No 546ASR to Mr Suresh Singh house in Singh Basti in Ramrepur Ward No 59 Length 54 m,Shri Narendra Modi,VARANASI,Images,15-Oct-2025,,"WS/MP490/2025-2026/241033-Construction of roads, link roads, pathways or any other road with or without drainage system",lok_sabha,completed.csv,Missing required value in 'Amount Disbursed ( ₹ )'; 
18719,Normal/Others,WS/MP384/2024-2025/145406-Construction of rooms and halls in school and colleges,Rajasthan,BIKANER(DISTRICT COLLECTOR BIKANER_IDA),"Construction of additional room at Govt Upper Primary School, GSS ke Pass, Chaudhary Colony, ward No 29, bikaner ; working agency : Nagar Nigam, Bikaner",Shri Arjun Ram Meghwal,BIKANER(SC),,06-Jan-2026,,WS/MP384/2024-2025/145406-Construction of rooms and halls in school and colleges,lok_sabha,completed.csv,Missing required value in 'Amount Disbursed ( ₹ )'; 
21746,Normal/Others,"WS/MP585/2025-2026/143794-Construction of rooms and facilities for hospitals, FWC , PHC Centers and ANM centers",Gujarat,Ahmedabad(DISTRICT COLLECTOR AHMADABAD_IDA),"Development of CDEIC centre ( Smart Class, RO with water purifier, Table, Chair, Benches and other Furniture) at Composite Regional Centre for Skill Development, Rehabilitation and Empowerment of persons with Disabilities (CRC) Ahmedabad under Dept. of persons with Disabilities, Ministry of Social Justice and Empowerment",Hasmukh Bhai Soma Bhai Patel,AHMEDABAD EAST,,12-May-2026,,"WS/MP585/2025-2026/143794-Construction of rooms and facilities for hospitals, FWC , PHC Centers and ANM centers",lok_sabha,completed.csv,Missing required value in 'Amount Disbursed ( ₹ )'; 
22850,Normal/Others,WS/MP18007/2025-2026/137088-Setting up of laboratories,Andhra Pradesh,Eluru(DISTRICT COLLECTOR ELURU_IDA),Providing Laboratory equipment to Physical Science/Biological Science/Mathematics and Social Studies.,Putta Mahesh Kumar,ELURU,Images,17-Dec-2025,,WS/MP18007/2025-2026/137088-Setting up of laboratories,lok_sabha,completed.csv,Missing required value in 'Amount Disbursed ( ₹ )'; 
24156,Normal/Others,WS/MP18191/2025-2026/192677-Lighting of public spaces,Telangana,MAHABUBNAGAR(DISTRICT COLLECTOR MAHABUBNAGAR_3),Erection of High Mast with LED Flood Lights near High School at  Pedda Adiryal (V),ARUNA. D. K,MAHABUBNAGAR,,02-Jan-2026,,WS/MP18191/2025-2026/192677-Lighting of public spaces,lok_sabha,completed.csv,Missing required value in 'Amount Disbursed ( ₹ )'; 
24160,Normal/Others,WS/MP18191/2025-2026/192682-Lighting of public spaces,Telangana,MAHABUBNAGAR(DISTRICT COLLECTOR MAHABUBNAGAR_3),Erection of High Mast with LED Flood Lights at SC Colony in Dasaripalle (V),ARUNA. D. K,MAHABUBNAGAR,,02-Jan-2026,,WS/MP18191/2025-2026/192682-Lighting of public spaces,lok_sabha,completed.csv,Missing required value in 'Amount Disbursed ( ₹ )'; 
24325,Normal/Others,WS/MP18193/2025-2026/149453-Providing drains and gutters for public drainage,Telangana,MEDCHAL MALKAJGIRI(DISTRICT COLLECTOR MEDCHAL MALKAJGIRI_IDA),"Laying of 300 mm dia SWG main line from H.No. 2-10-175/1 to 2-10-175/15, Hare Krishna Colony under Macha Bollaram Section.",EATALA RAJENDER,MALKAJGIRI,,05-Feb-2026,,WS/MP18193/2025-2026/149453-Providing drains and gutters for public drainage,lok_sabha,completed.csv,Missing required value in 'Amount Disbursed ( ₹ )'; 
24877,Normal/Others,WS/MP18007/2025-2026/137081-Setting up of laboratories,Andhra Pradesh,Eluru(DISTRICT COLLECTOR ELURU_IDA),Providing Laboratory equipment to Physical Science/Biological Science/Mathematics and Social Studies.,Putta Mahesh Kumar,ELURU,Images,09-Jan-2026,,WS/MP18007/2025-2026/137081-Setting up of laboratories,lok_sabha,completed.csv,Missing required value in 'Amount Disbursed ( ₹ )'; 
25328,Normal/Others,WS/MP18190/2025-2026/161775-Installing tube-wells and borewells,Telangana,WARANGAL(District Collector Warangal_IDA),Drilling of Bore well Near Maseed in Jhally(V),BALRAM NAIK PORIKA,MAHABUBABAD,Images,17-Jan-2026,,WS/MP18190/2025-2026/161775-Installing tube-wells and borewells,lok_sabha,completed.csv,Missing required value in 'Amount Disbursed ( ₹ )'; 
25633,Normal/Others,WS/MP18260/2025-2026/185387-Construction of culverts and bridges,Jammu And Kashmir,SRINAGAR(DEPUTY COMMISSIONER SRINAGAR_IDA),Construction of wooden culvert near AV traders and others near bab dawood bridge khanyar srinagar,AGA SYED RUHULLAH MEHDI,SRINAGAR,Images,21-Jan-2026,,WS/MP18260/2025-2026/185387-Construction of culverts and bridges,lok_sabha,completed.csv,Missing required value in 'Amount Disbursed ( ₹ )'; 
25775,Normal/Others,WS/MP18200/2025-2026/189884-Setting up public non-conventional energy plants,Uttar Pradesh,SULTANPUR(DISTRICT MAGISTRATE SULTANPUR_IDA),"Installation of 24 (Twenty Four) solar street lights, as per the list attached",KISHORI LAL,AMETHI,Images,23-Jan-2026,,WS/MP18200/2025-2026/189884-Setting up public non-conventional energy plants,lok_sabha,completed.csv,Missing required value in 'Amount Disbursed ( ₹ )'; 
26020,Normal/Others,WS/MP18162/2025-2026/251141-Construction of community centers and community halls,Rajasthan,BHILWARA(DISTRICT COLLECTOR BHILWARA_IDA),Devriya Balaji Sarvjanik Udhyan Me Visramalay ke nirman hetu Vill Devriya GP Devriya PS Shahpura,DAMODAR AGARWAL,BHILWARA,Images,10-Aug-2026,,WS/MP18162/2025-2026/251141-Construction of community centers and community halls,lok_sabha,completed.csv,Missing required value in 'Amount Disbursed ( ₹ )'; 
26328,Normal/Others,"WS/MP579/2025-2026/198106-Construction of roads, link roads, pathways or any other road with or without drainage system",Gujarat,ANAND(District Collector ANAND_IDA),Bhuvel game C.H.C. davakhana thi hanumanji mandir sudhi c.c. roadnu kam,Mitesh Rameshbhai Bakabhai Patel,ANAND,Images,06-Aug-2026,,"WS/MP579/2025-2026/198106-Construction of roads, link roads, pathways or any other road with or without drainage system",lok_sabha,completed.csv,Missing required value in 'Amount Disbursed ( ₹ )'; 
26335,Normal/Others,"WS/MP579/2025-2026/198121-Construction of roads, link roads, pathways or any other road with or without drainage system",Gujarat,ANAND(District Collector ANAND_IDA),Manekbhai Ishwarbhai Patel na Ghare thi Harshadbhai Maganbhai Patel Na Ghar sudhi C.C. Road nu Kam,Mitesh Rameshbhai Bakabhai Patel,ANAND,Images,06-Aug-2026,,"WS/MP579/2025-2026/198121-Construction of roads, link roads, pathways or any other road with or without drainage system",lok_sabha,completed.csv,Missing required value in 'Amount Disbursed ( ₹ )'; 
26643,Normal/Others,WS/MP719/2025-2026/234261-Construction of community centers and community halls,Rajasthan,AJMER(DISTRICT COLLECTOR AJMER_IDA),Construction of community building near Charbhuja Nath Temple in Bhagwantpura,Bhagirath Chaudhary,AJMER,,05-Feb-2026,,WS/MP719/2025-2026/234261-Construction of community centers and community halls,lok_sabha,completed.csv,Missing required value in 'Amount Disbursed ( ₹ )'; 
26903,Normal/Others,WS/MP18276/2025-2026/184953-Installing tube-wells and borewells,Gujarat,CHHOTAUDEPUR(DISTRICT COLLECTOR CHHOTA UDEPUR_IDA),Work of Bore motor,JASHUBHAI BHILUBHAI RATHVA,CHHOTA UDAIPUR(ST),Images,07-Feb-2026,,WS/MP18276/2025-2026/184953-Installing tube-wells and borewells,lok_sabha,completed.csv,Missing required value in 'Amount Disbursed ( ₹ )'; 
28337,Normal/Others,"WS/MP18089/2025-2026/191492-Purchase of prosthetics, wheel chairs, tricycles (manual or motorized), elect scooties, hearing aids",Karnataka,KOPPAL(DEPUTY COMMISSIONER KOPPAL_IDA),Supplying of electric three wheeler to Shivappa Lakshmappa Eleballi resident of Alwandi village under koppal parlimentary constituency.,K. RAJASHEKAR BASAVARAJ HITNAL,KOPPAL,Images,24-Feb-2026,,"WS/MP18089/2025-2026/191492-Purchase of prosthetics, wheel chairs, tricycles (manual or motorized), elect scooties, hearing aids",lok_sabha,completed.csv,Missing required value in 'Amount Disbursed ( ₹ )'; 
28550,Normal/Others,WS/MP18321/2025-2026/246261-Construction of bus-sheds or bus-stops,Gujarat,ARVALLI(DISTRICT COLLECTOR ARVALLI_IDA),meghraj taluka na nava gam ghodha faliya pase shed nu kam,SHOBHANABEN MAHENDRASINH BARAIYA,SABARKANTHA,,26-Feb-2026,,WS/MP18321/2025-2026/246261-Construction of bus-sheds or bus-stops,lok_sabha,completed.csv,Missing required value in 'Amount Disbursed ( ₹ )'; 
28920,Normal/Others,"WS/MP18188/2025-2026/222527-Construction of roads, link roads, pathways or any other road with or without drainage system",Telangana,RANGA REDDY(DISTRICT COLLECTOR RANGAREDDY_IDA),Laying of CC Road from Old Grampanchayat to Mosque at Debbadaguda (V) of Kandukur (M),KONDA VISHWESHWAR REDDY,CHELVELLA,Images,05-Mar-2026,,"WS/MP18188/2025-2026/222527-Construction of roads, link roads, pathways or any other road with or without drainage system",lok_sabha,completed.csv,Missing required value in 'Amount Disbursed ( ₹ )'; 
29065,Normal/Others,WS/MP18059/2025-2026/167529-Fitting of Sitting RCC Benches in Public Places,Gujarat,NAVSARI(DISTRICT COLLECTOR NAVSARI_IDA),PROVIDING BENCHES AT VARIOUS TOURIST PALCES OF NAVSARI DISTRICT,DHAVAL LAXMANBHAI PATEL,VALSAD(ST),Images,07-Mar-2026,,WS/MP18059/2025-2026/167529-Fitting of Sitting RCC Benches in Public Places,lok_sabha,completed.csv,Missing required value in 'Amount Disbursed ( ₹ )'; 
29071,Normal/Others,WS/MP18059/2025-2026/167519-Fitting of Sitting RCC Benches in Public Places,Gujarat,NAVSARI(DISTRICT COLLECTOR NAVSARI_IDA),PROVIDING BENCHES AT VARIOUS CRICKET GROUND IN NAVSARI DISTRICT,DHAVAL LAXMANBHAI PATEL,VALSAD(ST),Images,07-Mar-2026,,WS/MP18059/2025-2026/167519-Fitting of Sitting RCC Benches in Public Places,lok_sabha,completed.csv,Missing required value in 'Amount Disbursed ( ₹ )'; 
29284,Normal/Others,WS/MP18246/2025-2026/206597-Construction of public toilets and bathrooms,West Bengal,MURSHIDABAD(DISTRICT MAGISTRATE MURSHIDABAD_IDA),Proposal for mobile toilet unit mounted on trailer. The executive agency will be West Bengal Small Industries Development Corporation Ltd. Kolkata 700012,PATHAN YUSUF,BAHARAMPUR,Images,10-Mar-2026,,WS/MP18246/2025-2026/206597-Construction of public toilets and bathrooms,lok_sabha,completed.csv,Missing required value in 'Amount Disbursed ( ₹ )'; 
29285,Normal/Others,WS/MP18260/2025-2026/185386-Providing supply pipelines for drinking water,Jammu And Kashmir,SRINAGAR(DEPUTY COMMISSIONER SRINAGAR_IDA),Development of pipelines and drain near the house of rayees ahmad sheikh to gh qadir kara shopekeeper koolipora khanyar,AGA SYED RUHULLAH MEHDI,SRINAGAR,,12-Mar-2026,,WS/MP18260/2025-2026/185386-Providing supply pipelines for drinking water,lok_sabha,completed.csv,Missing required value in 'Amount Disbursed ( ₹ )'; 
29344,Normal/Others,"WS/MP18078/2025-2026/187219-Purchase of prosthetics, wheel chairs, tricycles (manual or motorized), elect scooties, hearing aids",Karnataka,Vijayanagara(DEPUTY COMMISSIONER VIJAYANAGARA_IDA),Purchasing a new 44 numbers  Three tyred bikes (125 cc) to special abled persons in Vijayangara,E. TUKARAM,BELLARY(ST),,14-May-2026,,"WS/MP18078/2025-2026/187219-Purchase of prosthetics, wheel chairs, tricycles (manual or motorized), elect scooties, hearing aids",lok_sabha,completed.csv,Missing required value in 'Amount Disbursed ( ₹ )'; 
29581,Normal/Others,WS/MP18189/2025-2026/182902-Installing hand pumps,Telangana,KHAMMAM(DISTRICT COLLECTOR KHAMMAM_IDA),"Digging of  bore well near  Kanakadurga temple near Gunti Bebamma house, Eswaramadharam",RAMASAHAYAM RAGHURAM REDDY,KHAMMAM,Images,13-Mar-2026,,WS/MP18189/2025-2026/182902-Installing hand pumps,lok_sabha,completed.csv,Missing required value in 'Amount Disbursed ( ₹ )'; 
29593,Normal/Others,WS/MP18189/2025-2026/182905-Installing hand pumps,Telangana,KHAMMAM(DISTRICT COLLECTOR KHAMMAM_IDA),"Digging of  bore well and installing hand pump at  Vangala Bhaskar house near Bodrayi, Mandati Narasayigudem, Eswaramadharam",RAMASAHAYAM RAGHURAM REDDY,KHAMMAM,Images,13-Mar-2026,,WS/MP18189/2025-2026/182905-Installing hand pumps,lok_sabha,completed.csv,Missing required value in 'Amount Disbursed ( ₹ )'; 
29597,Normal/Others,WS/MP18189/2025-2026/182889-Installing hand pumps,Telangana,KHAMMAM(DISTRICT COLLECTOR KHAMMAM_IDA),"Digging of Bore well and installing Handpump at Bhukya Dharma house, Bhagathveedu thanda",RAMASAHAYAM RAGHURAM REDDY,KHAMMAM,Images,13-Mar-2026,,WS/MP18189/2025-2026/182889-Installing hand pumps,lok_sabha,completed.csv,Missing required value in 'Amount Disbursed ( ₹ )'; 
29600,Normal/Others,WS/MP18189/2025-2026/182906-Installing hand pumps,Telangana,KHAMMAM(DISTRICT COLLECTOR KHAMMAM_IDA),"Digging of bore well and installing handpump at Cremitoria, Mangaligudem village, Khammam Rural",RAMASAHAYAM RAGHURAM REDDY,KHAMMAM,Images,13-Mar-2026,,WS/MP18189/2025-2026/182906-Installing hand pumps,lok_sabha,completed.csv,Missing required value in 'Amount Disbursed ( ₹ )'; 
30310,Normal/Others,"WS/MP18321/2025-2026/202022-Construction of roads, link roads, pathways or any other road with or without drainage system",Gujarat,ARVALLI(DISTRICT COLLECTOR ARVALLI_IDA),CHANDSAR GAME PATEL VAS MA PAWER BLOCK NU KAM,SHOBHANABEN MAHENDRASINH BARAIYA,SABARKANTHA,Images,23-Mar-2026,,"WS/MP18321/2025-2026/202022-Construction of roads, link roads, pathways or any other road with or without drainage system",lok_sabha,completed.csv,Missing required value in 'Amount Disbursed ( ₹ )'; 
30311,Normal/Others,WS/MP18118/2025-2026/188312-Crematoriums/energy efficient crematoriums or structures on burial/cremation ground,Maharashtra,NASHIK(DISTRICT COLLECTOR NASHIK_IDA),"Construction of a cemetery at Mauje Mahaje, Dindori Taluka. (ST) (M.No.321)",BHASKAR MURLIDHAR BHAGARE,DINDORI(ST),Images,26-Mar-2026,,WS/MP18118/2025-2026/188312-Crematoriums/energy efficient crematoriums or structures on burial/cremation ground,lok_sabha,completed.csv,Missing required value in 'Amount Disbursed ( ₹ )'; 
30376,Normal/Others,WS/MP18397/2025-2026/178694-Lighting of public spaces,Delhi,SOUTH(COMMISSIONER SOUTH),Provision of Two High Mast Lights,Bansuri Swaraj,NEW DELHI,Images,24-Mar-2026,,WS/MP18397/2025-2026/178694-Lighting of public spaces,lok_sabha,completed.csv,Missing required value in 'Amount Disbursed ( ₹ )'; 
30771,Normal/Others,WS/MP18193/2025-2026/150656-Providing CCTV camera system for security of public areas,Telangana,RANGA REDDY(DISTRICT COLLECTOR RANGAREDDY_IDA),"Installation of CCTV Cameras at Ward No. 16, Bimanagar Colony, ZP Road, Hasthinapuram Division, GHMC, LB Nagar, Ranga Reddy District.",EATALA RAJENDER,MALKAJGIRI,Images,31-Mar-2026,,WS/MP18193/2025-2026/150656-Providing CCTV camera system for security of public areas,lok_sabha,completed.csv,Missing required value in 'Amount Disbursed ( ₹ )'; 
30832,Normal/Others,WS/MP18055/2025-2026/184276-Construction of footpaths and pedestrian ways,Gujarat,Mahisagar(COLLECTOR MAHISAGAR_IDA),PEWER BLOCK WORK IN GARASIYA GHELABHAI KODARBHAI FALIYA,RAJPALSINH MAHENDRASINH JADAV,PANCHMAHAL,Images,01-Apr-2026,,WS/MP18055/2025-2026/184276-Construction of footpaths and pedestrian ways,lok_sabha,completed.csv,Missing required value in 'Amount Disbursed ( ₹ )'; 
30872,Normal/Others,"WS/MP18131/2026-2027/188627-Construction of roads, link roads, pathways or any other road with or without drainage system",Maharashtra,SINDHUDURG(DISTRICT COLLECTOR SINDHUDURG_IDA),Varad Shetyewadi to Shetyewadi and Madhliwadi Cemetery Road to be paved and asphalted. FY 2024-25,NARAYAN TATU RANE,RATNAGIRI-SINDHUDURG,Images,02-Apr-2026,,"WS/MP18131/2026-2027/188627-Construction of roads, link roads, pathways or any other road with or without drainage system",lok_sabha,completed.csv,Missing required value in 'Amount Disbursed ( ₹ )'; 
30945,Normal/Others,WS/MP524/2025-2026/196782-Providing supply pipelines for drinking water,Andhra Pradesh,CHITTOOR(DISTRICT COLLECTOR CHITTOOR_IDA),"Augumenatation of PWS Scheme at Matuku,Palamanda GP",Midhun Reddy,RAJAMPET,Images,02-Apr-2026,,WS/MP524/2025-2026/196782-Providing supply pipelines for drinking water,lok_sabha,completed.csv,Missing required value in 'Amount Disbursed ( ₹ )'; 
31092,Normal/Others,WS/MP600/2024-2025/159384-Installing hand pumps,Jammu And Kashmir,KATHUA(DISTRICT DEVELOPMENT COMMISSIONER KATHUA_IDA),"Installation of New hand pump near the house of Vijay Kumar, Tilak Raj, Ward no. 4, Pyt. Pansar , village - Chak Changa, Marheen, Kathua",Jitendra Singh,UDHAMPUR,Images,04-Apr-2026,,WS/MP600/2024-2025/159384-Installing hand pumps,lok_sabha,completed.csv,Missing required value in 'Amount Disbursed ( ₹ )'; 
31526,Normal/Others,"WS/MP577/2025-2026/220870-Construction of roads, link roads, pathways or any other road with or without drainage system",Gujarat,Dahod(DISTRICT COLLECTOR DOHAD_IDA),NISARTA GAMDI GAME BARIYA FALIYA MA MADIYABHAINA KUVAATHI RAJENDRBHAI PUNAMBHAINA FALIYANE JODTA RASTA PAR C.C.ROAD NU KAM,Jaswantsinh Sumanbhai Bhabhor,DAHOD(ST),Images,13-Apr-2026,,"WS/MP577/2025-2026/220870-Construction of roads, link roads, pathways or any other road with or without drainage system",lok_sabha,completed.csv,Missing required value in 'Amount Disbursed ( ₹ )'; 
31613,Normal/Others,WS/MP673/2026-2027/182071-Construction of community centers and community halls,Maharashtra,Dharashiv(DISTRICT COLLECTOR OSMANABAD_IDA),Construction of community hall on open space (property no. 341) at Deolali Tq. And dist. Dharashiv,Omprakash Bhupalsinh Alias Pawan Rajenimbalkar,OSMANABAD,Images,17-Apr-2026,,WS/MP673/2026-2027/182071-Construction of community centers and community halls,lok_sabha,completed.csv,Missing required value in 'Amount Disbursed ( ₹ )'; 
31639,Normal/Others,WS/MP18321/2025-2026/182751-Construction of building for artificial insemination and breeding centers,Gujarat,ARVALLI(DISTRICT COLLECTOR ARVALLI_IDA),laljina pahadiya game vikas mahila dudh mandali na navin makan nu kam,SHOBHANABEN MAHENDRASINH BARAIYA,SABARKANTHA,Images,17-Apr-2026,,WS/MP18321/2025-2026/182751-Construction of building for artificial insemination and breeding centers,lok_sabha,completed.csv,Missing required value in 'Amount Disbursed ( ₹ )'; 
31670,Normal/Others,"WS/MP323/2025-2026/194797-Construction of roads, link roads, pathways or any other road with or without drainage system",Gujarat,JUNAGADH(DISTRICT COLLECTOR JUNAGADH_IDA),"Junagadh District,Bhesan Taluka,parabvavdi  Village, CC road work from Vinubhai Keshubhai Gondaliya house to the road in Parbavavdi village",Rajeshbhai Naranbhai Chudasama,JUNAGADH,Images,18-Apr-2026,,"WS/MP323/2025-2026/194797-Construction of roads, link roads, pathways or any other road with or without drainage system",lok_sabha,completed.csv,Missing required value in 'Amount Disbursed ( ₹ )'; 
31673,Normal/Others,"WS/MP18070/2025-2026/175372-Construction of flood control embankments/ protection walls along riverbanks, hilltops, roadsides",Jammu And Kashmir,ANANTNAG(DEPUTY COMMISSIONER ANANTNAG_IDA),"Constructiion of protection wall and Drain near the land of Abas Majid wani, mohd Ayoub bhat and others at Gungbutan wozpan",MIAN ALTAF AHMAD,ANANTNAG,Images,18-Apr-2026,,"WS/MP18070/2025-2026/175372-Construction of flood control embankments/ protection walls along riverbanks, hilltops, roadsides",lok_sabha,completed.csv,Missing required value in 'Amount Disbursed ( ₹ )'; 
31709,Normal/Others,WS/MP577/2024-2025/146154-Setting up of kitchen and pantries,Gujarat,Dahod(DISTRICT COLLECTOR DOHAD_IDA),dhavadiya game main primary school ma kitchen shed(rasoi ghar) nu kam,Jaswantsinh Sumanbhai Bhabhor,DAHOD(ST),Images,19-Apr-2026,,WS/MP577/2024-2025/146154-Setting up of kitchen and pantries,lok_sabha,completed.csv,Missing required value in 'Amount Disbursed ( ₹ )'; 
31747,Normal/Others,WS/MP18082/2025-2026/208156-Construction of bus-sheds or bus-stops,Karnataka,CHITRADURGA(DEPUTY COMMISSIONER CHITRADURGA_IDA),Construction of Bus Shed or Bus Stop at Hire Upparahatti village of Somaguddu Grama Panchayath,GOVIND MAKTHAPPA KARJOL,CHITRADURGA(SC),Images,21-Apr-2026,,WS/MP18082/2025-2026/208156-Construction of bus-sheds or bus-stops,lok_sabha,completed.csv,Missing required value in 'Amount Disbursed ( ₹ )'; 
31962,Normal/Others,WS/MP18165/2025-2026/206102-Purchase of hospital equipment,Rajasthan,JAIPUR(DISTRICT COLLECTOR JAIPUR_IDA),"Regarding providing X-ray machine and other equipment (Reader, Printer, CR, Cassette 2 Computer set-Up) at Urban Community Health Center, Vatika Jaipur of Bagru Assembly. Regarding providing X-ray machine and other equipment (Reader, Printer, CR, Cassette 2 Computer set-Up) at Urban Community Health Center, Vatika Jaipur of Bagru Assembly.",MANJU SHARMA,JAIPUR,Images,14-Jul-2026,,WS/MP18165/2025-2026/206102-Purchase of hospital equipment,lok_sabha,completed.csv,Missing required value in 'Amount Disbursed ( ₹ )'; 
32185,Normal/Others,WS/MP719/2025-2026/210900-Construction of community centers and community halls,Rajasthan,Kekri(DISTRICT COLLECTOR Kekri_IDA),Construction of Open Tibara at crematorium near Balaji temple in village Manoharpura,Bhagirath Chaudhary,AJMER,,06-May-2026,,WS/MP719/2025-2026/210900-Construction of community centers and community halls,lok_sabha,completed.csv,Missing required value in 'Amount Disbursed ( ₹ )'; 
32422,Normal/Others,"WS/MP577/2025-2026/133564-Construction of roads, link roads, pathways or any other road with or without drainage system",Gujarat,Dahod(DISTRICT COLLECTOR DOHAD_IDA),DHAVADIYA GAME BORVA FALIYAMA C.C.ROADNU KAM,Jaswantsinh Sumanbhai Bhabhor,DAHOD(ST),Images,12-May-2026,,"WS/MP577/2025-2026/133564-Construction of roads, link roads, pathways or any other road with or without drainage system",lok_sabha,completed.csv,Missing required value in 'Amount Disbursed ( ₹ )'; 
32744,Normal/Others,"WS/MP490/2025-2026/241161-Construction of roads, link roads, pathways or any other road with or without drainage system",Uttar Pradesh,VARANASI(DISTRICT MAGISTRAE VARANASI_IDA),Interlocking work from Chaura Mata Mandir link road to Mangala Vishwakarma house in Sarhari Block Kashi Vidyapeeth village Length 170 m,Shri Narendra Modi,VARANASI,Images,21-Jul-2026,,"WS/MP490/2025-2026/241161-Construction of roads, link roads, pathways or any other road with or without drainage system",lok_sabha,completed.csv,Missing required value in 'Amount Disbursed ( ₹ )'; 
32799,Normal/Others,WS/MP578/2025-2026/248561-Construction of common work sheds/ common covered sitting area,Gujarat,BHARUCH(DISTRICT COLLECTOR BROACH_IDA),vankol gaame navi vasahat maa bhathiji maharaj mandir najik patrana shed nu kaam (Majuro mate artisans shed).,Mansukhbhai Dhanjibhai Vasava,BHARUCH,Images,18-Jul-2026,,WS/MP578/2025-2026/248561-Construction of common work sheds/ common covered sitting area,lok_sabha,completed.csv,Missing required value in 'Amount Disbursed ( ₹ )'; 
32800,Normal/Others,WS/MP578/2025-2026/248553-Construction of common work sheds/ common covered sitting area,Gujarat,BHARUCH(DISTRICT COLLECTOR BROACH_IDA),umarkharda gaame bhatuji mandir naa thariya maa patra no shed (Majuro mate artisans shed),Mansukhbhai Dhanjibhai Vasava,BHARUCH,Images,18-Jul-2026,,WS/MP578/2025-2026/248553-Construction of common work sheds/ common covered sitting area,lok_sabha,completed.csv,Missing required value in 'Amount Disbursed ( ₹ )'; 
33064,Normal/Others,"WS/MP18210/2026-2027/277920-Construction of roads, link roads, pathways or any other road with or without drainage system",Uttar Pradesh,VARANASI(DISTRICT MAGISTRAE VARANASI_IDA),Construction of an interlocking pavement from Dharmendra Yadav landholding to the vicinity of the Chiurapur Pond in Gram Sabha Chiurapur Pindra Development Block,VIRENDRA SINGH,CHANDAULI,Images,21-Aug-2026,,"WS/MP18210/2026-2027/277920-Construction of roads, link roads, pathways or any other road with or without drainage system",lok_sabha,completed.csv,Missing required value in 'Amount Disbursed ( ₹ )'; 
33089,Normal/Others,WS/MP18276/2026-2027/280711-Construction of culverts and bridges,Gujarat,PANCH MAHALS(DISTRICT COLLECTOR PANCHMAHALS_IDA),DEEP-BRIDGE WORK,JASHUBHAI BHILUBHAI RATHVA,CHHOTA UDAIPUR(ST),Images,24-Jul-2026,,WS/MP18276/2026-2027/280711-Construction of culverts and bridges,lok_sabha,completed.csv,Missing required value in 'Amount Disbursed ( ₹ )'; 
33090,Normal/Others,WS/MP18276/2026-2027/280712-Construction of culverts and bridges,Gujarat,PANCH MAHALS(DISTRICT COLLECTOR PANCHMAHALS_IDA),DEEP-BRIDGE WORK,JASHUBHAI BHILUBHAI RATHVA,CHHOTA UDAIPUR(ST),Images,22-Jul-2026,,WS/MP18276/2026-2027/280712-Construction of culverts and bridges,lok_sabha,completed.csv,Missing required value in 'Amount Disbursed ( ₹ )'; 
33092,Normal/Others,WS/MP18276/2026-2027/280713-Construction of footpaths and pedestrian ways,Gujarat,PANCH MAHALS(DISTRICT COLLECTOR PANCHMAHALS_IDA),PAVER BLOCK WORK,JASHUBHAI BHILUBHAI RATHVA,CHHOTA UDAIPUR(ST),Images,24-Jul-2026,,WS/MP18276/2026-2027/280713-Construction of footpaths and pedestrian ways,lok_sabha,completed.csv,Missing required value in 'Amount Disbursed ( ₹ )'; 
33093,Normal/Others,WS/MP18276/2026-2027/280708-Construction of culverts and bridges,Gujarat,PANCH MAHALS(DISTRICT COLLECTOR PANCHMAHALS_IDA),DEEP-BRIDGE WORK,JASHUBHAI BHILUBHAI RATHVA,CHHOTA UDAIPUR(ST),Images,22-Jul-2026,,WS/MP18276/2026-2027/280708-Construction of culverts and bridges,lok_sabha,completed.csv,Missing required value in 'Amount Disbursed ( ₹ )'; 
33506,Normal/Others,"WS/MP578/2025-2026/195559-Construction of roads, link roads, pathways or any other road with or without drainage system",Gujarat,BHARUCH(DISTRICT COLLECTOR BROACH_IDA),debar gam khate samshan ma adhuri rahe pevar block ni kamgiri,Mansukhbhai Dhanjibhai Vasava,BHARUCH,Images,18-Jul-2026,,"WS/MP578/2025-2026/195559-Construction of roads, link roads, pathways or any other road with or without drainage system",lok_sabha,completed.csv,Missing required value in 'Amount Disbursed ( ₹ )'; 
33580,Normal/Others,WS/MP18165/2025-2026/241668-Setting up public non-conventional energy plants,Rajasthan,JAIPUR(DISTRICT COLLECTOR JAIPUR_IDA),"Installing a solar plant for the Community Center in Sector 12, Ward No. 75, Sanganer, Jaipur,",MANJU SHARMA,JAIPUR,Images,25-Jul-2026,,WS/MP18165/2025-2026/241668-Setting up public non-conventional energy plants,lok_sabha,completed.csv,Missing required value in 'Amount Disbursed ( ₹ )'; 
33736,Normal/Others,WS/MP578/2025-2026/196753-Construction of common work sheds/ common covered sitting area,Gujarat,BHARUCH(DISTRICT COLLECTOR BROACH_IDA),maktampur kasak smashan ma shri meldi mataji na mandir same shed ni kamgiri,Mansukhbhai Dhanjibhai Vasava,BHARUCH,Images,18-Aug-2026,,WS/MP578/2025-2026/196753-Construction of common work sheds/ common covered sitting area,lok_sabha,completed.csv,Missing required value in 'Amount Disbursed ( ₹ )'; 
33776,Normal/Others,WS/MP719/2026-2027/277889-Street lights,Rajasthan,AJMER(DISTRICT COLLECTOR AJMER_IDA),"Road light work in village Sarasdi of Gram Panchayat Kalesara, Panchayat Samiti Pisangan",Bhagirath Chaudhary,AJMER,Images,31-Aug-2026,,WS/MP719/2026-2027/277889-Street lights,lok_sabha,completed.csv,Missing required value in 'Amount Disbursed ( ₹ )'; 
33781,Normal/Others,"WS/MP18160/2025-2026/230967-Purchase of smart boards, visual display units and projectors",Rajasthan,BARMER(DISTRICT COLLECTOR BARMER_IDA),As Per Attechment,UMMEDA RAM BENIWAL,BARMER,Images,13-Aug-2026,,"WS/MP18160/2025-2026/230967-Purchase of smart boards, visual display units and projectors",lok_sabha,completed.csv,Missing required value in 'Amount Disbursed ( ₹ )'; 
33833,Normal/Others,"WS/MP347/2026-2027/196522-Purchase of IT systems, including hardware and software for educational purposes",Kerala,ALAPPUZHA(DISTRICT COLLECTOR ALAPPUZHA_IDA),Provide Laptop or Computer to Govt.UPS Kavalam,Shri Suresh Kodikunnil,MAVELIKKARA(SC),Images,18-Aug-2026,,"WS/MP347/2026-2027/196522-Purchase of IT systems, including hardware and software for educational purposes",lok_sabha,completed.csv,Missing required value in 'Amount Disbursed ( ₹ )'; 
33853,Normal/Others,"WS/MP347/2026-2027/196523-Purchase of IT systems, including hardware and software for educational purposes",Kerala,ALAPPUZHA(DISTRICT COLLECTOR ALAPPUZHA_IDA),"Provide Computer or Laptop for AJ John Memorial HSS, Kainady, Neelamperoor GP",Shri Suresh Kodikunnil,MAVELIKKARA(SC),Images,18-Aug-2026,,"WS/MP347/2026-2027/196523-Purchase of IT systems, including hardware and software for educational purposes",lok_sabha,completed.csv,Missing required value in 'Amount Disbursed ( ₹ )'; 
33854,Normal/Others,"WS/MP347/2026-2027/196524-Purchase of IT systems, including hardware and software for educational purposes",Kerala,ALAPPUZHA(DISTRICT COLLECTOR ALAPPUZHA_IDA),"Laptop for Govt.UPS, Narakathara, Neelamperoor GP",Shri Suresh Kodikunnil,MAVELIKKARA(SC),Images,18-Aug-2026,,"WS/MP347/2026-2027/196524-Purchase of IT systems, including hardware and software for educational purposes",lok_sabha,completed.csv,Missing required value in 'Amount Disbursed ( ₹ )'; 
33871,Normal/Others,"WS/MP18306/2025-2026/185855-Construction of roads, link roads, pathways or any other road with or without drainage system",Kerala,MALAPPURAM(DISTRICT COLLECTOR MALAPPURAM_IDA),"Construction of MP Askerali road, Ward -16, Ponamala GP",DR. M.P ABDUSSAMAD SAMADANI,PONNANI,Images,11-Aug-2026,,"WS/MP18306/2025-2026/185855-Construction of roads, link roads, pathways or any other road with or without drainage system",lok_sabha,completed.csv,Missing required value in 'Amount Disbursed ( ₹ )'; 
33959,Normal/Others,"WS/MP18117/2025-2026/164385-Construction of roads, link roads, pathways or any other road with or without drainage system",Maharashtra,DHULE(DISTRICT COLLECTOR DHULE_IDA),Concrete road Ward no.18 at Lokre Nagar tel dist dhule,BACHHAV SHOBHA DINESH,DHULE,Images,25-Aug-2026,,"WS/MP18117/2025-2026/164385-Construction of roads, link roads, pathways or any other road with or without drainage system",lok_sabha,completed.csv,Missing required value in 'Amount Disbursed ( ₹ )'; 
33960,Normal/Others,WS/MP18117/2025-2026/164393-Construction of community centers and community halls,Maharashtra,DHULE(DISTRICT COLLECTOR DHULE_IDA),"Construction of Assembly hall at Ekta Nagar, Biladi Road Devpur. Tel dist dhule",BACHHAV SHOBHA DINESH,DHULE,Images,25-Aug-2026,,WS/MP18117/2025-2026/164393-Construction of community centers and community halls,lok_sabha,completed.csv,Missing required value in 'Amount Disbursed ( ₹ )'; 
33967,Normal/Others,WS/MP18056/2025-2026/263031-Fitting of Sitting RCC Benches in Public Places,Gujarat,RAJKOT(DISTRICT COLLECTOR RAJKOT_IDA),"BANCHES FOR SEATING IN WARD 1 TO 18 EACH WARD 50,000 RS",PARSHOTTAMBHAI RUPALA,RAJKOT,Images,24-Aug-2026,,WS/MP18056/2025-2026/263031-Fitting of Sitting RCC Benches in Public Places,lok_sabha,completed.csv,Missing required value in 'Amount Disbursed ( ₹ )'; 
33975,Normal/Others,WS/MP18179/2025-2026/245334-Construction of community centers and community halls,Tamil Nadu,THANJAVUR(DISTRICT COLLECTOR THANJAVUR_IDA),Construction of Public Distribution shop at Manalur Panchayat,SUDHA R,MAYILADUTHURAI,Images,31-Aug-2026,,WS/MP18179/2025-2026/245334-Construction of community centers and community halls,lok_sabha,completed.csv,Missing required value in 'Amount Disbursed ( ₹ )'; 
Grand Total, , , , , , , , , ,"16,33,06,27,860.4", ,lok_sabha,completed.csv,Missing required value in 'Work'; Missing required value in 'Completion Date'; 
