feature_name,feature_group,data_type,aggregation_level,missing_percentage,unique_count,min,max,mean,std,leakage_status
canonical_work_id,entity_identifier,object,work_level,0.0,59653,,,,,AVAILABLE_AT_PREDICTION
official_work_id,entity_identifier,object,work_level,100.0,0,,,,,AVAILABLE_AT_PREDICTION
parliament,entity_identifier,object,work_level,0.0,1,,,,,AVAILABLE_AT_PREDICTION
state,general,object,work_level,0.0,37,,,,,AVAILABLE_AT_PREDICTION
constituency,general,object,work_level,0.0,539,,,,,AVAILABLE_AT_PREDICTION
mp_name,aggregation_historical,object,work_level,0.0,539,,,,,AVAILABLE_AT_PREDICTION
work_category,general,object,work_level,0.0,5,,,,,AVAILABLE_AT_PREDICTION
work_description,general,object,work_level,0.0,58988,,,,,AVAILABLE_AT_PREDICTION
recommended_date,temporal_lifecycle,object,work_level,0.69,758,,,,,AVAILABLE_AT_PREDICTION
recommended_amount,financial,float64,work_level,0.69,10828,1.0,99965000.0,626321.34,1082973.94,AVAILABLE_AT_PREDICTION
sanction_date,temporal_lifecycle,object,work_level,23.03,650,,,,,AVAILABLE_AT_PREDICTION
sanctioned_amount,financial,float64,work_level,23.11,10307,2.46,49740000.0,600659.92,986137.95,AVAILABLE_AT_PREDICTION
completion_date,temporal_lifecycle,object,work_level,66.58,581,,,,,POST_PREDICTION
completion_amount,financial,float64,work_level,66.67,9268,8448.0,16330627860.4,1372532.26,115807773.3,POST_PREDICTION
expenditure_amount,financial,float64,work_level,0.0,3,0.0,1443979.0,26.72,5943.94,AVAILABLE_AT_PREDICTION
expenditure_transaction_count,financial,int64,work_level,0.0,3,0.0,6.0,0.0,0.02,AVAILABLE_AT_PREDICTION
first_expenditure_date,financial,object,work_level,100.0,0,,,,,AVAILABLE_AT_PREDICTION
last_expenditure_date,financial,object,work_level,100.0,0,,,,,POST_PREDICTION
vendor_name,aggregation_historical,object,work_level,100.0,2,,,,,AVAILABLE_AT_PREDICTION
ida_agency,entity_identifier,object,work_level,23.11,749,,,,,AVAILABLE_AT_PREDICTION
work_status,general,object,work_level,23.11,7,,,,,AVAILABLE_AT_PREDICTION
er_match_score,general,float64,work_level,97.72,1,100.0,100.0,100.0,0.0,AVAILABLE_AT_PREDICTION
er_confidence,entity_identifier,object,work_level,0.0,2,,,,,AVAILABLE_AT_PREDICTION
er_method,general,object,work_level,0.0,2,,,,,AVAILABLE_AT_PREDICTION
has_recommendation,general,int64,work_level,0.0,2,0.0,1.0,0.99,0.08,AVAILABLE_AT_PREDICTION
has_sanction,general,int64,work_level,0.0,2,0.0,1.0,0.77,0.42,AVAILABLE_AT_PREDICTION
has_expenditure,financial,int64,work_level,0.0,2,0.0,1.0,0.0,0.01,AVAILABLE_AT_PREDICTION
has_completion,general,int64,work_level,0.0,2,0.0,1.0,0.33,0.47,POST_PREDICTION
has_official_work_id,entity_identifier,int64,work_level,0.0,1,0.0,0.0,0.0,0.0,AVAILABLE_AT_PREDICTION
has_canonical_work_id,entity_identifier,int64,work_level,0.0,1,1.0,1.0,1.0,0.0,AVAILABLE_AT_PREDICTION
entity_resolution_score,general,float64,work_level,0.0,1,100.0,100.0,100.0,0.0,AVAILABLE_AT_PREDICTION
entity_resolution_confidence,entity_identifier,object,work_level,0.0,2,,,,,AVAILABLE_AT_PREDICTION
entity_resolution_method,general,object,work_level,0.0,2,,,,,AVAILABLE_AT_PREDICTION
entity_resolution_uncertain,general,int64,work_level,0.0,2,0.0,1.0,0.98,0.15,AVAILABLE_AT_PREDICTION
entity_resolution_review_required,general,int64,work_level,0.0,1,0.0,0.0,0.0,0.0,AVAILABLE_AT_PREDICTION
recommendation_sanction_amount_difference,financial,float64,work_level,23.11,429,-4900000.0,14924800.0,348.49,123787.63,AVAILABLE_AT_PREDICTION
sanction_expenditure_amount_difference,financial,float64,work_level,23.11,10308,-1203146.0,49740000.0,600625.17,986174.22,AVAILABLE_AT_PREDICTION
sanction_completion_amount_difference,financial,float64,work_level,67.37,2812,-13823660.0,10500192.0,5891.82,194962.29,POST_PREDICTION
recommended_expenditure_difference,financial,float64,work_level,0.69,10829,-1203146.0,99965000.0,626294.43,1083000.15,AVAILABLE_AT_PREDICTION
recommendation_to_sanction_amount_change_pct,financial,float64,work_level,0.0,466,-100.0,9900.0,0.8,47.46,AVAILABLE_AT_PREDICTION
sanction_to_expenditure_amount_change_pct,financial,float64,work_level,0.0,3,-100.0,499.58,-76.88,42.22,AVAILABLE_AT_PREDICTION
sanction_to_completion_amount_change_pct,financial,float64,work_level,0.0,3101,-95.46,1029.56,0.16,15.03,POST_PREDICTION
expenditure_to_sanction_ratio,financial,float64,work_level,0.0,3,0.0,6.0,0.0,0.02,AVAILABLE_AT_PREDICTION
expenditure_utilization_percentage,financial,float64,work_level,0.0,3,0.0,599.58,0.01,2.49,AVAILABLE_AT_PREDICTION
completion_to_sanction_ratio,financial,float64,work_level,0.0,3102,0.0,11.3,0.33,0.49,POST_PREDICTION
completion_amount_percentage,financial,float64,work_level,0.0,3102,0.0,1129.56,32.79,49.45,POST_PREDICTION
recommended_to_sanction_ratio,financial,float64,work_level,0.0,467,0.0,89430.89,2.27,366.16,AVAILABLE_AT_PREDICTION
unspent_amount,financial,float64,work_level,23.11,10307,0.0,49740000.0,600651.4,986142.25,POST_PREDICTION
remaining_sanctioned_amount,financial,float64,work_level,23.11,10308,-1203146.0,49740000.0,600625.17,986174.22,AVAILABLE_AT_PREDICTION
expenditure_gap,financial,float64,work_level,23.11,10307,0.0,49740000.0,600651.4,986142.25,AVAILABLE_AT_PREDICTION
completion_financial_gap,general,float64,work_level,67.37,2333,0.0,10500192.0,14764.28,142553.42,POST_PREDICTION
expenditure_exceeds_sanction_flag,financial,int64,work_level,0.0,2,0.0,1.0,0.0,0.0,AVAILABLE_AT_PREDICTION
negative_expenditure_flag,financial,int64,work_level,0.0,1,0.0,0.0,0.0,0.0,AVAILABLE_AT_PREDICTION
negative_sanction_flag,general,int64,work_level,0.0,1,0.0,0.0,0.0,0.0,AVAILABLE_AT_PREDICTION
zero_sanction_flag,general,int64,work_level,0.0,1,0.0,0.0,0.0,0.0,AVAILABLE_AT_PREDICTION
zero_expenditure_flag,financial,int64,work_level,0.0,2,0.0,1.0,1.0,0.01,AVAILABLE_AT_PREDICTION
large_amount_change_flag,financial,int64,work_level,0.0,2,0.0,1.0,0.01,0.1,AVAILABLE_AT_PREDICTION
unusually_high_expenditure_ratio,financial,int64,work_level,0.0,2,0.0,1.0,0.0,0.0,AVAILABLE_AT_PREDICTION
sanction_year,temporal_lifecycle,float64,work_level,23.03,3,2024.0,2026.0,2025.31,0.59,AVAILABLE_AT_PREDICTION
sanction_month,temporal_lifecycle,float64,work_level,23.03,12,1.0,12.0,6.27,3.42,AVAILABLE_AT_PREDICTION
sanction_quarter,temporal_lifecycle,float64,work_level,23.03,4,1.0,4.0,2.43,1.1,AVAILABLE_AT_PREDICTION
sanction_financial_year,temporal_lifecycle,object,work_level,23.03,3,,,,,AVAILABLE_AT_PREDICTION
sanction_day_of_week,general,float64,work_level,23.03,7,0.0,6.0,2.3,1.58,AVAILABLE_AT_PREDICTION
recommendation_year,temporal_lifecycle,float64,work_level,0.69,3,2024.0,2026.0,2025.18,0.67,AVAILABLE_AT_PREDICTION
recommendation_month,temporal_lifecycle,float64,work_level,0.69,12,1.0,12.0,6.39,3.31,AVAILABLE_AT_PREDICTION
recommendation_quarter,temporal_lifecycle,float64,work_level,0.69,4,1.0,4.0,2.46,1.09,AVAILABLE_AT_PREDICTION
completion_year,temporal_lifecycle,float64,work_level,66.58,3,2024.0,2026.0,2025.56,0.53,POST_PREDICTION
completion_month,temporal_lifecycle,float64,work_level,66.58,12,1.0,12.0,5.72,3.5,POST_PREDICTION
completion_quarter,temporal_lifecycle,float64,work_level,66.58,4,1.0,4.0,2.28,1.13,POST_PREDICTION
recommendation_to_sanction_days,temporal_lifecycle,float64,work_level,23.03,941,-671.0,732.0,102.75,102.77,AVAILABLE_AT_PREDICTION
sanction_to_first_expenditure_days,financial,float64,work_level,100.0,0,,,,,AVAILABLE_AT_PREDICTION
sanction_to_last_expenditure_days,financial,float64,work_level,100.0,0,,,,,POST_PREDICTION
sanction_to_completion_days,temporal_lifecycle,float64,work_level,67.28,845,-492.0,697.0,177.03,144.2,POST_PREDICTION
first_expenditure_to_completion_days,financial,float64,work_level,100.0,0,,,,,POST_PREDICTION
recommendation_to_completion_days,temporal_lifecycle,float64,work_level,67.27,942,-594.0,721.0,259.61,155.79,POST_PREDICTION
expenditure_span_days,financial,float64,work_level,0.0,1,0.0,0.0,0.0,0.0,AVAILABLE_AT_PREDICTION
total_execution_days,temporal_lifecycle,float64,work_level,67.28,845,-492.0,697.0,177.03,144.2,AVAILABLE_AT_PREDICTION
recommendation_before_sanction,general,int64,work_level,0.0,2,0.0,1.0,0.76,0.43,AVAILABLE_AT_PREDICTION
sanction_before_expenditure,financial,int64,work_level,0.0,1,0.0,0.0,0.0,0.0,AVAILABLE_AT_PREDICTION
expenditure_before_completion,financial,int64,work_level,0.0,1,0.0,0.0,0.0,0.0,POST_PREDICTION
sanction_before_completion,general,int64,work_level,0.0,2,0.0,1.0,0.32,0.47,POST_PREDICTION
recommendation_sanction_chronology_issue,general,int64,work_level,0.0,2,0.0,1.0,0.01,0.11,AVAILABLE_AT_PREDICTION
sanction_expenditure_chronology_issue,financial,int64,work_level,0.0,1,0.0,0.0,0.0,0.0,AVAILABLE_AT_PREDICTION
sanction_completion_chronology_issue,general,int64,work_level,0.0,2,0.0,1.0,0.01,0.1,POST_PREDICTION
expenditure_completion_chronology_issue,financial,int64,work_level,0.0,1,0.0,0.0,0.0,0.0,POST_PREDICTION
valid_lifecycle_sequence,entity_identifier,int64,work_level,0.0,2,0.0,1.0,0.98,0.14,AVAILABLE_AT_PREDICTION
lifecycle_stage_count,general,int64,work_level,0.0,4,1.0,4.0,2.1,0.74,AVAILABLE_AT_PREDICTION
lifecycle_completion_percentage,general,float64,work_level,0.0,4,25.0,100.0,52.41,18.52,POST_PREDICTION
lifecycle_missing_stage_count,general,int64,work_level,0.0,4,0.0,3.0,1.9,0.74,AVAILABLE_AT_PREDICTION
lifecycle_status,general,object,work_level,0.0,3,,,,,AVAILABLE_AT_PREDICTION
work_description_length,general,int64,work_level,0.0,427,1.0,500.0,85.38,44.33,AVAILABLE_AT_PREDICTION
work_description_word_count,text_complexity,int64,work_level,0.0,89,1.0,101.0,13.52,7.14,AVAILABLE_AT_PREDICTION
has_work_description,general,int64,work_level,0.0,1,1.0,1.0,1.0,0.0,AVAILABLE_AT_PREDICTION
work_description_missing,general,int64,work_level,0.0,1,0.0,0.0,0.0,0.0,AVAILABLE_AT_PREDICTION
unique_word_count,text_complexity,int64,work_level,0.0,71,1.0,76.0,12.74,6.13,AVAILABLE_AT_PREDICTION
average_word_length,text_complexity,float64,work_level,0.0,629,1.0,25.33,5.5,1.02,AVAILABLE_AT_PREDICTION
uppercase_ratio,financial,float64,work_level,0.0,759,0.0,1.0,0.19,0.26,AVAILABLE_AT_PREDICTION
digit_ratio,financial,float64,work_level,0.0,225,0.0,0.62,0.01,0.03,AVAILABLE_AT_PREDICTION
punctuation_ratio,financial,float64,work_level,0.0,183,0.0,0.88,0.02,0.03,AVAILABLE_AT_PREDICTION
very_short_text_flag,general,int64,work_level,0.0,2,0.0,1.0,0.02,0.13,AVAILABLE_AT_PREDICTION
very_long_text_flag,general,int64,work_level,0.0,2,0.0,1.0,0.01,0.08,AVAILABLE_AT_PREDICTION
mp_historical_work_count,aggregation_historical,int64,work_level,0.0,1348,0.0,1347.0,108.97,143.68,AVAILABLE_AT_PREDICTION
mp_historical_completed_count,aggregation_historical,float64,work_level,0.0,706,0.0,705.0,47.58,101.61,AVAILABLE_AT_PREDICTION
mp_historical_completion_rate,aggregation_historical,float64,work_level,0.0,991,0.0,1.0,0.31,0.29,POST_PREDICTION
state_historical_work_count,aggregation_historical,int64,work_level,0.0,12139,0.0,12138.0,2349.6,2667.27,AVAILABLE_AT_PREDICTION
state_historical_completion_rate,aggregation_historical,float64,work_level,0.0,748,0.0,1.0,0.28,0.2,POST_PREDICTION
constituency_historical_work_count,aggregation_historical,int64,work_level,0.0,1348,0.0,1347.0,108.97,143.68,AVAILABLE_AT_PREDICTION
constituency_historical_completion_rate,aggregation_historical,float64,work_level,0.0,991,0.0,1.0,0.31,0.29,POST_PREDICTION
vendor_historical_work_count,aggregation_historical,int64,work_level,0.0,59651,0.0,59650.0,29824.0,17220.48,AVAILABLE_AT_PREDICTION
vendor_historical_completion_rate,aggregation_historical,float64,work_level,0.0,412,0.0,1.0,0.26,0.16,POST_PREDICTION
log_sanctioned_amount,financial,float64,work_level,0.0,10308,0.0,17.72,9.82,5.47,AVAILABLE_AT_PREDICTION
log_execution_days,temporal_lifecycle,float64,work_level,0.0,588,0.0,6.55,1.51,2.33,AVAILABLE_AT_PREDICTION
amount_percentile,financial,float64,work_level,23.11,527,0.0,100.0,50.0,28.84,AVAILABLE_AT_PREDICTION
amount_z_score,financial,float64,work_level,23.11,575,-0.61,49.83,-0.0,1.0,AVAILABLE_AT_PREDICTION
amount_iqr_outlier_flag,financial,int64,work_level,0.0,2,0.0,1.0,0.06,0.24,AVAILABLE_AT_PREDICTION
execution_duration_percentile,financial,float64,work_level,67.28,471,0.0,100.0,50.0,28.87,AVAILABLE_AT_PREDICTION
duration_z_score,financial,float64,work_level,67.28,618,-4.64,3.61,-0.0,1.0,AVAILABLE_AT_PREDICTION
duration_iqr_outlier_flag,financial,int64,work_level,0.0,2,0.0,1.0,0.0,0.03,AVAILABLE_AT_PREDICTION
