parliament,state,mp_name,work_count,sanctioned_work_count,completed_work_count,total_sanctioned_amount,total_expenditure,avg_sanctioned_amount,completion_rate,utilization_rate
lok_sabha,Andaman and Nicobar Islands,Bishnu Pada Ray,27,13,0,36232528.0,0.0,2787117.5384615385,0.0,0.0
lok_sabha,Andhra Pradesh,Ambica G Lakshminarayana Valmiki,107,107,35,78430434.0,0.0,732994.7102803738,0.327,0.0
lok_sabha,Andhra Pradesh,Appalanaidu Kalisetti,82,67,26,36452251.0,0.0,544063.4477611941,0.317,0.0
lok_sabha,Andhra Pradesh,B K Parthasarathi,63,59,40,44123960.0,0.0,747863.7288135593,0.635,0.0
lok_sabha,Andhra Pradesh,Balashowry Vallabbhaneni,48,41,7,26120859.0,0.0,637094.1219512195,0.146,0.0
lok_sabha,Andhra Pradesh,Bastipati Nagaraju Panchalingala,25,23,18,19241704.0,0.0,836595.8260869565,0.72,0.0
lok_sabha,Andhra Pradesh,Bhupathiraju Srinivasa Varma,1,1,0,12000000.0,0.0,12000000.0,0.0,0.0
lok_sabha,Andhra Pradesh,Byreddy Shabari,106,103,39,53620493.0,0.0,520587.31067961163,0.368,0.0
lok_sabha,Andhra Pradesh,C.M.Ramesh,39,39,14,43734763.0,0.0,1121404.1794871795,0.359,0.0
lok_sabha,Andhra Pradesh,Chandra Sekhar Pemmasani,58,56,6,70349906.0,0.0,1256248.3214285714,0.103,0.0
lok_sabha,Andhra Pradesh,Daggubati Purandeshwari,20,15,3,43000000.0,0.0,2866666.6666666665,0.15,0.0
lok_sabha,Andhra Pradesh,Daggumalla Prasada Rao,187,113,87,79906420.0,0.0,707136.4601769912,0.465,0.0
lok_sabha,Andhra Pradesh,Gm Harish Balayogi,71,70,35,66655023.0,0.0,952214.6142857143,0.493,0.0
lok_sabha,Andhra Pradesh,Gumma Thanuja Rani,105,98,24,72200615.0,0.0,736740.9693877551,0.229,0.0
lok_sabha,Andhra Pradesh,Kinjarapu Ram Mohan Naidu,100,92,34,60962462.0,0.0,662635.4565217391,0.34,0.0
lok_sabha,Andhra Pradesh,Krishna Prasad Tenneti,60,51,6,54182500.0,0.0,1062401.9607843137,0.1,0.0
lok_sabha,Andhra Pradesh,Lavu Sri Krishna Devarayalu,62,7,1,6638128.0,0.0,948304.0,0.016,0.0
lok_sabha,Andhra Pradesh,Maddila Gurumoorthy,131,103,70,54942716.0,0.0,533424.427184466,0.534,0.0
lok_sabha,Andhra Pradesh,Magunta Sreenivasulu Reddy,12,11,1,15460400.0,0.0,1405490.9090909092,0.083,0.0
lok_sabha,Andhra Pradesh,Midhun Reddy,376,356,136,109304588.0,0.0,307035.3595505618,0.362,0.0
lok_sabha,Andhra Pradesh,Prabhakar Reddy Vemireddy,96,96,76,68226987.0,0.0,710697.78125,0.792,0.0
lok_sabha,Andhra Pradesh,Putta Mahesh Kumar,100,72,7,73231616.0,0.0,1017105.7777777778,0.07,0.0
lok_sabha,Andhra Pradesh,Sivanath Kesineni,24,12,1,33642032.0,0.0,2803502.6666666665,0.042,0.0
lok_sabha,Andhra Pradesh,Sribharat Mathukumli,28,25,0,52015000.0,0.0,2080600.0,0.0,0.0
lok_sabha,Andhra Pradesh,Tangella Uday Srinivas,15,15,5,32589800.0,0.0,2172653.3333333335,0.333,0.0
lok_sabha,Andhra Pradesh,Y S Avinash Reddy,226,158,49,68730351.0,0.0,435002.2215189873,0.217,0.0
lok_sabha,Arunachal Pradesh,Kiren Rijiju,93,92,85,67482837.0,0.0,733509.0978260869,0.914,0.0
lok_sabha,Arunachal Pradesh,Tapir Gao,152,105,98,93493352.0,0.0,890412.8761904762,0.645,0.0
lok_sabha,Assam,Amarsing Tisso,66,56,32,64683742.0,0.0,1155066.8214285714,0.485,0.0
lok_sabha,Assam,Bijuli Kalita Medhi,88,61,5,61900000.0,0.0,1014754.0983606557,0.057,0.0
lok_sabha,Assam,Dilip Saikia,117,79,5,26050000.0,0.0,329746.83544303797,0.043,0.0
lok_sabha,Assam,Gaurav Gogoi,383,279,31,61745782.0,0.0,221311.04659498206,0.081,0.0
lok_sabha,Assam,Joyanta Basumatary,81,44,12,47174156.0,0.0,1072139.9090909092,0.148,0.0
lok_sabha,Assam,Kamakhya Prasad Tasa,75,57,0,60574000.0,0.0,1062701.754385965,0.0,0.0
lok_sabha,Assam,Kripanath Mallah,31,12,0,18650000.0,0.0,1554166.6666666667,0.0,0.0
lok_sabha,Assam,Parimal Suklabaidya,82,30,0,21600000.0,0.0,720000.0,0.0,0.0
lok_sabha,Assam,Phani Bhusan Choudhury,61,45,3,42808000.0,0.0,951288.8888888889,0.049,0.0
lok_sabha,Assam,Pradan Baruah,62,48,16,36399800.0,0.0,758329.1666666666,0.258,0.0
lok_sabha,Assam,Pradyut Bordoloi,110,96,13,42774000.0,0.0,445562.5,0.118,0.0
lok_sabha,Assam,Rakibul Hussain,76,60,7,30547919.0,0.0,509131.98333333334,0.092,0.0
lok_sabha,Assam,Ranjit Dutta,98,89,18,80029518.0,0.0,899208.0674157303,0.184,0.0
lok_sabha,Assam,Sarbananda Sonowal (18Ls),66,49,2,52900000.0,0.0,1079591.836734694,0.03,0.0
lok_sabha,Bihar,Abhay Kumar Sinha,75,59,21,35019273.0,0.0,593547.0,0.28,0.0
lok_sabha,Bihar,Ajay Kumar Mandal,20,19,12,21504101.0,0.0,1131794.7894736843,0.6,0.0
lok_sabha,Bihar,Alok Kumar Suman,31,26,9,19477571.0,0.0,749137.3461538461,0.29,0.0
lok_sabha,Bihar,Arun Bharti,36,36,30,25598044.0,0.0,711056.7777777778,0.833,0.0
lok_sabha,Bihar,Ashok Kumar Yadav,152,127,52,69633602.0,0.0,548296.0787401575,0.342,0.0
lok_sabha,Bihar,Chirag Paswan,79,65,40,63927324.0,0.0,983497.2923076923,0.506,0.0
lok_sabha,Bihar,Devesh Chandra Thakur,71,50,33,29721476.0,0.0,594429.52,0.465,0.0
lok_sabha,Bihar,Dileshwar Kamait,31,22,15,34500530.0,0.0,1568205.9090909092,0.484,0.0
lok_sabha,Bihar,Dinesh Chandra Yadav,95,90,61,74969440.0,0.0,832993.7777777778,0.642,0.0
lok_sabha,Bihar,Giridhari Yadav,57,48,41,59930111.0,0.0,1248543.9791666667,0.719,0.0
lok_sabha,Bihar,Giriraj Singh,46,36,16,47915360.0,0.0,1330982.2222222222,0.348,0.0
lok_sabha,Bihar,Gopal Jee Thakur,76,74,33,35604372.0,0.0,481140.1621621622,0.434,0.0
lok_sabha,Bihar,Janardan Singh Sigriwal,66,61,17,73262951.0,0.0,1201031.9836065574,0.258,0.0
lok_sabha,Bihar,Jitan Ram Manjhi,68,65,43,43981660.0,0.0,676640.9230769231,0.632,0.0
lok_sabha,Bihar,Kaushalendra Kumar,164,138,88,59475927.0,0.0,430984.97826086957,0.537,0.0
lok_sabha,Bihar,Lovely Anand,57,32,15,37633653.0,0.0,1176051.65625,0.263,0.0
lok_sabha,Bihar,Manoj Kumar,159,131,80,114170545.0,0.0,871530.8778625954,0.503,0.0
lok_sabha,Bihar,Mohammad Jawed,121,97,62,62566800.0,0.0,645018.5567010309,0.512,0.0
lok_sabha,Bihar,Nityanand Rai,36,28,17,16266056.0,0.0,580930.5714285715,0.472,0.0
lok_sabha,Bihar,Pradeep Kumar Singh,49,49,2,41036427.0,0.0,837478.1020408163,0.041,0.0
lok_sabha,Bihar,Radha Mohan Singh,103,72,52,66375830.0,0.0,921886.5277777778,0.505,0.0
lok_sabha,Bihar,Raj Bhushan Choudhary,45,33,23,38679800.0,0.0,1172115.1515151516,0.511,0.0
lok_sabha,Bihar,Raja Ram Singh,227,196,90,87153871.0,0.0,444662.60714285716,0.396,0.0
lok_sabha,Bihar,Rajesh Ranjan Alias Pappu Yadav,44,36,6,33237118.0,0.0,923253.2777777778,0.136,0.0
lok_sabha,Bihar,Rajesh Verma,52,52,43,58126888.0,0.0,1117824.7692307692,0.827,0.0
lok_sabha,Bihar,Rajiv Pratap Rudy,6,5,0,7200000.0,0.0,1440000.0,0.0,0.0
lok_sabha,Bihar,Rajiv Ranjan (Lalan) Singh,1,0,0,0.0,0.0,,0.0,0.0
lok_sabha,Bihar,Ramprit Mandal,183,117,85,120451146.0,0.0,1029496.9743589744,0.464,0.0
lok_sabha,Bihar,Ravi Shankar Prasad,60,48,41,42686666.0,0.0,889305.5416666666,0.683,0.0
lok_sabha,Bihar,Shambhavi,38,31,7,24362885.0,0.0,785899.5161290322,0.184,0.0
lok_sabha,Bihar,Sudama Prasad,188,95,63,66865411.0,0.0,703846.4315789473,0.335,0.0
lok_sabha,Bihar,Sudhakar Singh,169,109,70,96968125.0,0.0,889615.8256880734,0.414,0.0
lok_sabha,Bihar,Sunil Kumar,253,95,77,76482873.0,0.0,805082.8736842105,0.304,0.0
lok_sabha,Bihar,Surendra Prasad Yadav,127,100,44,53583182.0,0.0,535831.82,0.346,0.0
lok_sabha,Bihar,Tariq Anwar,6,6,2,5815000.0,0.0,969166.6666666666,0.333,0.0
lok_sabha,Bihar,Veena Devi,39,33,13,81611689.0,0.0,2473081.484848485,0.333,0.0
lok_sabha,Bihar,Vijaylakshmi Devi,24,15,14,15823631.0,0.0,1054908.7333333334,0.583,0.0
lok_sabha,Bihar,Vivek Thakur,71,33,1,33796909.0,0.0,1024148.7575757576,0.014,0.0
lok_sabha,Chandigarh,Manish Tewari,63,54,16,41324398.0,0.0,765266.6296296297,0.254,0.0
lok_sabha,Chhattisgarh,Bhojraj Nag,73,60,22,42788933.0,0.0,713148.8833333333,0.301,0.0
lok_sabha,Chhattisgarh,Brijmohan Agrawal,147,115,34,83291167.0,0.0,724271.0173913044,0.231,0.0
lok_sabha,Chhattisgarh,Chintamani Maharaj,273,267,65,77703043.0,0.0,291022.6329588015,0.238,0.0
lok_sabha,Chhattisgarh,Jyotsna Charandas Mahant,214,204,101,79962195.0,0.0,391971.54411764705,0.472,0.0
lok_sabha,Chhattisgarh,Kamlesh Jangde,226,217,198,78659202.0,0.0,362484.801843318,0.876,0.0
lok_sabha,Chhattisgarh,Mahesh Kashyap,172,156,38,97246668.0,0.0,623376.0769230769,0.221,0.0
lok_sabha,Chhattisgarh,Radhe Shyam Rathiya,86,85,47,64698438.0,0.0,761158.094117647,0.547,0.0
lok_sabha,Chhattisgarh,Roop Kumari Choudhary,108,100,49,68144882.0,0.0,681448.82,0.454,0.0
lok_sabha,Chhattisgarh,Santosh Pandey,157,152,62,72124587.0,0.0,474503.8618421053,0.395,0.0
lok_sabha,Chhattisgarh,Tokhan Sahu,118,115,40,86556819.0,0.0,752667.9913043479,0.339,0.0
lok_sabha,Chhattisgarh,Vijay Baghel,82,65,21,41831727.0,0.0,643565.0307692308,0.256,0.0
lok_sabha,Delhi,Bansuri Swaraj,51,36,24,21805847.0,0.0,605717.9722222222,0.471,0.0
lok_sabha,Delhi,Harsh Malhotra,29,27,6,29657497.0,0.0,1098425.8148148148,0.207,0.0
lok_sabha,Delhi,Kamaljeet Sehrawat,36,29,18,38243392.0,0.0,1318737.6551724137,0.5,0.0
lok_sabha,Delhi,Manoj Tiwari,18,13,6,41979890.0,0.0,3229222.3076923075,0.333,0.0
lok_sabha,Delhi,Praveen Khandelwal,37,31,18,27804687.0,0.0,896925.3870967742,0.486,0.0
lok_sabha,Delhi,Ramvir Singh Bidhuri,64,43,15,44693009.0,0.0,1039372.3023255814,0.234,0.0
lok_sabha,Delhi,Yogendra Chandoliya,31,27,8,18415744.0,0.0,682064.5925925926,0.258,0.0
lok_sabha,Goa,Captain Viriato Fernandes,94,36,31,31253731.0,0.0,868159.1944444445,0.33,0.0
lok_sabha,Goa,Shripad Yesso Naik,112,25,1,16573355.3,0.0,662934.212,0.009,0.0
lok_sabha,Gujarat,Amit Shah,81,42,8,29578204.0,0.0,704242.9523809524,0.099,0.0
lok_sabha,Gujarat,Bharatbhai Manubhai Sutariya,284,261,138,94111654.0,0.0,360581.04980842915,0.486,0.0
lok_sabha,Gujarat,Bharatsinhji Shankarji Dabhi,325,267,156,98545538.0,0.0,369084.4119850187,0.48,0.0
lok_sabha,Gujarat,C R Patil,232,205,124,86799800.0,0.0,423413.65853658534,0.534,0.0
lok_sabha,Gujarat,Chandubhai Chhaganbhai Shihora,200,190,96,81030752.0,0.0,426477.64210526313,0.48,0.0
lok_sabha,Gujarat,Devusinh Jesingbhai Chauhan,328,159,68,36903485.0,0.0,232097.38993710693,0.207,0.0
lok_sabha,Gujarat,Dhaval Laxmanbhai Patel,142,118,42,48194875.0,0.0,408431.1440677966,0.296,0.0
lok_sabha,Gujarat,Dineshbhai Makwana,179,118,2,71352198.0,0.0,604679.6440677966,0.011,0.0
lok_sabha,Gujarat,Geniben Nagaji Thakor,146,110,37,48416737.0,0.0,440152.15454545454,0.253,0.0
lok_sabha,Gujarat,Haribhai Patel,283,245,114,51527971.0,0.0,210318.24897959182,0.403,0.0
lok_sabha,Gujarat,Hasmukh Bhai Soma Bhai Patel,176,97,19,62121371.0,0.0,640426.5051546391,0.108,0.0
lok_sabha,Gujarat,Hemang Joshi,204,166,71,101237489.0,0.0,609864.391566265,0.348,0.0
lok_sabha,Gujarat,Jashubhai Bhilubhai Rathva,116,83,23,33311565.0,0.0,401344.156626506,0.198,0.0
lok_sabha,Gujarat,Jaswantsinh Sumanbhai Bhabhor,428,274,71,87499259.0,0.0,319340.3613138686,0.166,0.0
lok_sabha,Gujarat,Mansukh Mandaviya,189,130,63,51002353.0,0.0,392325.7923076923,0.333,0.0
lok_sabha,Gujarat,Mansukhbhai Dhanjibhai Vasava,396,353,208,95979284.0,0.0,271895.9886685552,0.525,0.0
lok_sabha,Gujarat,Mitesh Rameshbhai Bakabhai Patel,525,494,248,107187313.0,0.0,216978.36639676112,0.472,0.0
lok_sabha,Gujarat,Mukeshkumar Chandrakaant Dalal,94,59,40,29087728.0,0.0,493012.33898305084,0.426,0.0
lok_sabha,Gujarat,Nimuben Jayantibhai Bambhaniya,49,32,21,53769166.0,0.0,1680286.4375,0.429,0.0
lok_sabha,Gujarat,Parshottambhai Rupala,262,165,82,78423535.0,0.0,475294.1515151515,0.313,0.0
lok_sabha,Gujarat,Poonamben Hematbhai Maadam,113,75,35,34071882.0,0.0,454291.76,0.31,0.0
lok_sabha,Gujarat,Prabhubhai Nagarbhai Vasava,137,119,38,47548927.0,0.0,399570.81512605044,0.277,0.0
lok_sabha,Gujarat,Rajeshbhai Naranbhai Chudasama,16,15,14,5524417.0,0.0,368294.4666666667,0.875,0.0
lok_sabha,Gujarat,Rajpalsinh Mahendrasinh Jadav,508,373,88,77267478.0,0.0,207151.41554959785,0.173,0.0
lok_sabha,Gujarat,Shobhanaben Mahendrasinh Baraiya,253,233,124,87526464.0,0.0,375650.0600858369,0.49,0.0
lok_sabha,Gujarat,Vinod Chavda,347,213,91,85891240.0,0.0,403245.25821596244,0.262,0.0
lok_sabha,Haryana,Deepender Singh Hooda,188,134,68,90593825.0,0.0,676073.3208955224,0.362,0.0
lok_sabha,Haryana,Dharambir Singh,116,103,45,52053960.0,0.0,505378.2524271845,0.388,0.0
lok_sabha,Haryana,Jai Parkash,216,161,19,73273173.0,0.0,455112.87577639753,0.088,0.0
lok_sabha,Haryana,Krishan Pal Gurjar,74,55,6,42775608.0,0.0,777738.3272727273,0.081,0.0
lok_sabha,Haryana,Manohar Lal,17,17,1,29171470.0,0.0,1715968.8235294118,0.059,0.0
lok_sabha,Haryana,Naveen Jindal,151,145,82,65593837.0,0.0,452371.28965517244,0.543,0.0
lok_sabha,Haryana,Rao Inderjit Singh,46,44,14,45329028.0,0.0,1030205.1818181818,0.304,0.0
lok_sabha,Haryana,Satpal Brahamchari,169,115,19,76916878.0,0.0,668842.4173913044,0.112,0.0
lok_sabha,Haryana,Selja,143,109,12,47853332.0,0.0,439021.3944954128,0.084,0.0
lok_sabha,Haryana,Varun Chaudhry,79,64,3,51770091.0,0.0,808907.671875,0.038,0.0
lok_sabha,Himachal Pradesh,Anurag Singh Thakur,112,107,32,17714880.0,0.0,165559.6261682243,0.286,0.0
lok_sabha,Himachal Pradesh,Kangana Ranaut,245,241,58,72233349.0,0.0,299723.4398340249,0.237,0.0
lok_sabha,Himachal Pradesh,Rajeev Bhardwaj,506,398,175,103361994.0,0.0,259703.50251256282,0.346,0.0
lok_sabha,Himachal Pradesh,Suresh Kumar Kashyap,373,357,71,71965358.0,0.0,201583.63585434173,0.19,0.0
lok_sabha,Jammu and Kashmir,Abdul Rashid Sheikh,119,95,30,42928837.46,0.0,451882.4995789474,0.252,0.0
lok_sabha,Jammu and Kashmir,Aga Syed Ruhullah Mehdi,148,119,49,52250064.1,0.0,439076.168907563,0.331,0.0
lok_sabha,Jammu and Kashmir,Jitendra Singh,106,99,69,40711180.0,0.0,411224.0404040404,0.651,0.0
lok_sabha,Jammu and Kashmir,Jugal Kishore Sharma,118,108,38,57881673.0,0.0,535941.4166666666,0.322,0.0
lok_sabha,Jammu and Kashmir,Mian Altaf Ahmad,92,74,14,98026276.0,0.0,1324679.4054054054,0.152,0.0
lok_sabha,Jharkhand,Annpurna Devi,137,103,32,32828198.0,0.0,318720.36893203884,0.234,0.0
lok_sabha,Jharkhand,Bidyut Baran Mahato,92,88,2,48656197.0,0.0,552911.3295454546,0.022,0.0
lok_sabha,Jharkhand,Chandra Prakash Choudhary,170,141,25,39445095.0,0.0,279752.44680851063,0.147,0.0
lok_sabha,Jharkhand,Dulu Mahato,256,157,13,52820645.0,0.0,336437.22929936304,0.051,0.0
lok_sabha,Jharkhand,Joba Majhi,49,48,0,33741715.0,0.0,702952.3958333334,0.0,0.0
lok_sabha,Jharkhand,Kali Charan Munda,95,72,24,41316000.0,0.0,573833.3333333334,0.253,0.0
lok_sabha,Jharkhand,Kali Charan Singh,335,298,46,62796212.0,0.0,210725.54362416107,0.137,0.0
lok_sabha,Jharkhand,Manish Jaiswal,98,72,0,35627500.0,0.0,494826.3888888889,0.0,0.0
lok_sabha,Jharkhand,Nalin Soren,87,79,43,26450000.0,0.0,334810.12658227846,0.494,0.0
lok_sabha,Jharkhand,Nishikant Dubey,1,1,0,1785510.0,0.0,1785510.0,0.0,0.0
lok_sabha,Jharkhand,Sanjay Seth,77,77,27,53923440.0,0.0,700304.4155844155,0.351,0.0
lok_sabha,Jharkhand,Sukhdeo Bhagat,99,98,36,62084673.0,0.0,633517.0714285715,0.364,0.0
lok_sabha,Jharkhand,Vijay Kumar Hansdak,117,90,0,17660000.0,0.0,196222.22222222222,0.0,0.0
lok_sabha,Jharkhand,Vishnu Dayal Ram,62,58,35,34007411.0,0.0,586334.6724137932,0.565,0.0
lok_sabha,Karnataka,B Y Raghavendra,195,152,41,68921505.0,0.0,453430.9539473684,0.21,0.0
lok_sabha,Karnataka,Basavaraj Bommai,148,116,19,70650000.0,0.0,609051.724137931,0.128,0.0
lok_sabha,Karnataka,C N Manjunath,126,76,42,38798995.0,0.0,510513.09210526315,0.333,0.0
lok_sabha,Karnataka,Captain Brijesh Chowta,199,162,74,75629203.0,0.0,466846.93209876545,0.372,0.0
lok_sabha,Karnataka,E. Tukaram,68,17,3,20400000.0,0.0,1200000.0,0.044,0.0
lok_sabha,Karnataka,G. Kumar Naik,89,45,7,33995820.0,0.0,755462.6666666666,0.079,0.0
lok_sabha,Karnataka,Govind Makthappa Karjol,82,58,10,33900000.0,0.0,584482.7586206896,0.122,0.0
lok_sabha,Karnataka,H.D. Kumaraswamy,112,75,7,48700000.0,0.0,649333.3333333334,0.062,0.0
lok_sabha,Karnataka,Jagadish Shettar,20,4,1,2000000.0,0.0,500000.0,0.05,0.0
lok_sabha,Karnataka,K. Rajashekar Basavaraj Hitnal,109,79,49,51820139.0,0.0,655951.1265822785,0.45,0.0
lok_sabha,Karnataka,K.Sudhakar,50,36,8,25196804.0,0.0,699911.2222222222,0.16,0.0
lok_sabha,Karnataka,Kota Srinivas Poojary,184,88,36,32165003.0,0.0,365511.3977272727,0.196,0.0
lok_sabha,Karnataka,Ls Tejasvi Surya,75,48,24,53879400.0,0.0,1122487.5,0.32,0.0
lok_sabha,Karnataka,M. Mallesh Babu,52,50,3,35871000.0,0.0,717420.0,0.058,0.0
lok_sabha,Karnataka,P C Mohan,10,4,2,7039505.0,0.0,1759876.25,0.2,0.0
lok_sabha,Karnataka,Parvatagouda Chandanagouda Gaddigoudar,14,10,5,7500000.0,0.0,750000.0,0.357,0.0
lok_sabha,Karnataka,Prabha Mallikarjun,77,59,5,63500000.0,0.0,1076271.186440678,0.065,0.0
lok_sabha,Karnataka,Pralhad Venkatesh Joshi,44,36,11,18063307.0,0.0,501758.52777777775,0.25,0.0
lok_sabha,Karnataka,Priyanka Satish Jarkiholi,96,24,16,17310772.0,0.0,721282.1666666666,0.167,0.0
lok_sabha,Karnataka,Radhakrishna,13,7,0,31900000.0,0.0,4557142.857142857,0.0,0.0
lok_sabha,Karnataka,Ramesh Chandappa Jigajinagi,33,16,0,5975000.0,0.0,373437.5,0.0,0.0
lok_sabha,Karnataka,Sagar Eshwar Khandre,67,31,2,16010000.0,0.0,516451.6129032258,0.03,0.0
lok_sabha,Karnataka,Shobha Karandlaje,73,48,19,56471317.0,0.0,1176485.7708333333,0.26,0.0
lok_sabha,Karnataka,Shreyas. M. Patel,136,103,24,54034709.0,0.0,524608.8252427184,0.176,0.0
lok_sabha,Karnataka,Sunil Bose,92,61,19,49350000.0,0.0,809016.393442623,0.207,0.0
lok_sabha,Karnataka,V. Somanna,41,16,4,29130000.0,0.0,1820625.0,0.098,0.0
lok_sabha,Karnataka,Vishweshwar Hegde Kageri,129,53,30,36700000.0,0.0,692452.8301886793,0.233,0.0
lok_sabha,Karnataka,Yaduveer Krishnadatta Chamaraja Wadiyar,160,105,33,62625000.0,0.0,596428.5714285715,0.206,0.0
lok_sabha,Kerala,Adoor Prakash,412,350,107,90866484.0,0.0,259618.5257142857,0.26,0.0
lok_sabha,Kerala,Anto Antony,112,70,17,34609768.0,0.0,494425.2571428571,0.152,0.0
lok_sabha,Kerala,Benny Behanan,142,69,12,51016598.0,0.0,739370.9855072463,0.085,0.0
lok_sabha,Kerala,Dean Kuriakose,74,52,23,56139599.0,0.0,1079607.673076923,0.311,0.0
lok_sabha,Kerala,E.T. Mohammed Basheer,138,106,36,67265546.0,0.0,634580.6226415094,0.261,0.0
lok_sabha,Kerala,Hibi Eden,70,44,16,60348844.0,0.0,1371564.6363636365,0.229,0.0
lok_sabha,Kerala,K Francis George,267,152,52,71066138.0,0.0,467540.38157894736,0.195,0.0
lok_sabha,Kerala,K Radhakrishnan,72,43,15,72353135.0,0.0,1682631.046511628,0.208,0.0
lok_sabha,Kerala,K. C Venugopal,53,40,19,51727533.0,0.0,1293188.325,0.358,0.0
lok_sabha,Kerala,Kumbakudi Sudhakaran,87,54,21,33234906.0,0.0,615461.2222222222,0.241,0.0
lok_sabha,Kerala,M K Raghavan,240,77,14,31750837.0,0.0,412348.5324675325,0.058,0.0
lok_sabha,Kerala,M.P Abdussamad Samadani,286,141,31,71241853.0,0.0,505261.36879432626,0.108,0.0
lok_sabha,Kerala,Nk Premachandran,143,131,42,107077179.34,0.0,817383.0483969466,0.294,0.0
lok_sabha,Kerala,Priyanka Gandhi Vadra,77,43,9,58738026.0,0.0,1366000.6046511629,0.117,0.0
lok_sabha,Kerala,Rajmohan Unnithan,92,84,35,40585092.0,0.0,483155.85714285716,0.38,0.0
lok_sabha,Kerala,Shafi Parambil,86,42,2,28218000.0,0.0,671857.1428571428,0.023,0.0
lok_sabha,Kerala,Shashi Tharoor,79,78,37,76888056.0,0.0,985744.3076923077,0.468,0.0
lok_sabha,Kerala,Suresh Gopi,77,54,14,67214066.0,0.0,1244704.9259259258,0.182,0.0
lok_sabha,Kerala,Suresh Kodikunnil,175,130,57,85350982.0,0.0,656546.0153846154,0.326,0.0
lok_sabha,Kerala,Vellalath Kochukrishnan Nair Sreekandan,197,161,98,63717747.0,0.0,395762.4037267081,0.497,0.0
lok_sabha,Ladakh,Mohamed Haneefa,54,18,0,15128000.0,0.0,840444.4444444445,0.0,0.0
lok_sabha,Lakshadweep,Muhammed Hamdullah Sayeed,28,26,2,59447173.0,0.0,2286429.730769231,0.071,0.0
lok_sabha,Madhya Pradesh,Alok Sharma,64,56,9,93094028.0,0.0,1662393.357142857,0.141,0.0
lok_sabha,Madhya Pradesh,Anil Firojiya,179,175,88,80769524.0,0.0,461540.13714285713,0.492,0.0
lok_sabha,Madhya Pradesh,Anita Nagarsingh Chouhan,120,119,41,57276172.0,0.0,481312.3697478992,0.342,0.0
lok_sabha,Madhya Pradesh,Ashish Dubey,110,58,12,18373328.0,0.0,316781.5172413793,0.109,0.0
lok_sabha,Madhya Pradesh,Bharat Singh Kushwah,115,53,4,40840458.0,0.0,770574.679245283,0.035,0.0
lok_sabha,Madhya Pradesh,Bharti Pardhi,112,102,24,82863935.0,0.0,812391.5196078431,0.214,0.0
lok_sabha,Madhya Pradesh,Bunty Vivek Sahu,295,234,84,55999130.0,0.0,239312.52136752137,0.285,0.0
lok_sabha,Madhya Pradesh,Darshan Singh Choudhary,338,250,48,40484611.0,0.0,161938.444,0.142,0.0
lok_sabha,Madhya Pradesh,Durga Das Uikey,92,73,27,30657557.0,0.0,419966.5342465753,0.293,0.0
lok_sabha,Madhya Pradesh,Faggan Singh Kulaste,215,193,30,67078040.0,0.0,347554.6113989637,0.14,0.0
lok_sabha,Madhya Pradesh,Gajendra Singh Patel,42,39,11,19043266.0,0.0,488288.8717948718,0.262,0.0
lok_sabha,Madhya Pradesh,Ganesh Singh,231,214,14,43773640.0,0.0,204549.71962616823,0.061,0.0
lok_sabha,Madhya Pradesh,Gyaneshwar Patil,156,127,41,48742923.0,0.0,383802.5433070866,0.263,0.0
lok_sabha,Madhya Pradesh,Himadri Singh,54,38,16,40622835.0,0.0,1069021.9736842106,0.296,0.0
lok_sabha,Madhya Pradesh,Janardan Mishra,48,33,1,32442993.0,0.0,983121.0,0.021,0.0
lok_sabha,Madhya Pradesh,Jyotiraditya M. Scindia,24,23,15,25653163.0,0.0,1115354.9130434783,0.625,0.0
lok_sabha,Madhya Pradesh,Lata Wankhede,204,145,87,71666133.0,0.0,494249.19310344825,0.426,0.0
lok_sabha,Madhya Pradesh,Mahendra Singh Solanky,140,88,9,67206613.0,0.0,763711.5113636364,0.064,0.0
lok_sabha,Madhya Pradesh,Rahul Singh Lodhi,281,262,171,79984486.0,0.0,305284.29770992365,0.609,0.0
lok_sabha,Madhya Pradesh,Rajesh Mishra,263,185,105,125431595.0,0.0,678008.6216216217,0.399,0.0
lok_sabha,Madhya Pradesh,Rodmal Nagar,41,29,7,18743430.0,0.0,646325.1724137932,0.171,0.0
lok_sabha,Madhya Pradesh,Sandhya Ray,7,5,4,1570706.0,0.0,314141.2,0.571,0.0
lok_sabha,Madhya Pradesh,Savitri Thakur,175,141,88,76633629.0,0.0,543500.914893617,0.503,0.0
lok_sabha,Madhya Pradesh,Shankar Lalwani,36,35,15,21798777.0,0.0,622822.2,0.417,0.0
lok_sabha,Madhya Pradesh,Shivmangal Singh Tomar,65,53,28,25472294.0,0.0,480609.320754717,0.431,0.0
lok_sabha,Madhya Pradesh,Shivraj Singh Chouhan,57,29,6,20743125.0,0.0,715280.1724137932,0.105,0.0
lok_sabha,Madhya Pradesh,Sudheer Gupta,83,59,39,13644092.0,0.0,231255.7966101695,0.47,0.0
lok_sabha,Madhya Pradesh,Virendra Kumar,98,47,8,27599315.0,0.0,587219.4680851063,0.082,0.0
lok_sabha,Madhya Pradesh,Vishnu Dutt Sharma,104,34,3,29342762.0,0.0,863022.4117647059,0.029,0.0
lok_sabha,Maharashtra,Aashtikar Patil Nagesh Bapurao,32,20,12,37244860.0,0.0,1862243.0,0.375,0.0
lok_sabha,Maharashtra,Amar Sharadrao Kale,65,37,23,31627416.0,0.0,854795.027027027,0.354,0.0
lok_sabha,Maharashtra,Amol Ramsing Kolhe,81,25,15,21880568.0,0.0,875222.72,0.185,0.0
lok_sabha,Maharashtra,Anil Yeshwant Desai,29,20,0,51300000.0,0.0,2565000.0,0.0,0.0
lok_sabha,Maharashtra,Anup Sanjay Dhotre,22,20,11,18682932.0,0.0,934146.6,0.5,0.0
lok_sabha,Maharashtra,Arvind Ganpat Sawant,43,18,14,28874739.0,0.0,1604152.1666666667,0.326,0.0
lok_sabha,Maharashtra,Bachhav Shobha Dinesh,68,47,13,49830794.0,0.0,1060229.6595744682,0.191,0.0
lok_sabha,Maharashtra,Bajrang Manohar Sonwane,10,6,3,5794718.0,0.0,965786.3333333334,0.3,0.0
lok_sabha,Maharashtra,Balwant Baswant Wankhade,120,94,40,81805000.0,0.0,870265.9574468085,0.333,0.0
lok_sabha,Maharashtra,Balya Mama Suresh Gopinath Mhatre,144,90,9,78595506.0,0.0,873283.4,0.062,0.0
lok_sabha,Maharashtra,Bhaskar Murlidhar Bhagare,71,52,14,48417900.0,0.0,931113.4615384615,0.197,0.0
lok_sabha,Maharashtra,Bhausaheb Rajaram Wakchaure,81,63,11,45372904.0,0.0,720204.8253968254,0.136,0.0
lok_sabha,Maharashtra,Bhumare Sandipanrao Asaram,81,36,27,50879317.0,0.0,1413314.361111111,0.333,0.0
lok_sabha,Maharashtra,Chhatrapati Shahu Shahaji,70,27,20,28324291.0,0.0,1049047.8148148148,0.286,0.0
lok_sabha,Maharashtra,Dhairyasheel Sambhajirao Mane,17,9,4,12901717.0,0.0,1433524.111111111,0.235,0.0
lok_sabha,Maharashtra,Dhanorkar Pratibha Suresh Alias Balubhau,46,8,7,10115160.0,0.0,1264395.0,0.152,0.0
lok_sabha,Maharashtra,Gaikwad Varsha Eknath,21,21,0,33050000.0,0.0,1573809.5238095238,0.0,0.0
lok_sabha,Maharashtra,Gowaal Kagada Padavi,23,18,7,10586000.0,0.0,588111.1111111111,0.304,0.0
lok_sabha,Maharashtra,Hemant Vishnu Savara,45,12,1,10999000.0,0.0,916583.3333333334,0.022,0.0
lok_sabha,Maharashtra,Kalge Shivaji Bandappa,56,17,12,15295325.0,0.0,899725.0,0.214,0.0
lok_sabha,Maharashtra,Kalyan Vaijinathrao Kale,43,28,9,26181187.0,0.0,935042.3928571428,0.209,0.0
lok_sabha,Maharashtra,Kirsan Namdeo,74,36,15,31643977.0,0.0,878999.3611111111,0.203,0.0
lok_sabha,Maharashtra,Mohite Patil Dhairyasheel Rajsinh,40,18,6,7700000.0,0.0,427777.77777777775,0.15,0.0
lok_sabha,Maharashtra,Murlidhar Mohol,74,16,10,15997473.0,0.0,999842.0625,0.135,0.0
lok_sabha,Maharashtra,Narayan Tatu Rane,90,63,25,62682293.0,0.0,994957.0317460317,0.278,0.0
lok_sabha,Maharashtra,Nilesh Dnyandev Lanke,24,13,6,13465280.0,0.0,1035790.7692307692,0.25,0.0
lok_sabha,Maharashtra,Nitin Jairam Gadkari,56,28,18,48203843.0,0.0,1721565.8214285714,0.321,0.0
lok_sabha,Maharashtra,Omprakash Bhupalsinh Alias Pawan Rajenimbalkar,81,28,19,19022319.0,0.0,679368.5357142857,0.235,0.0
lok_sabha,Maharashtra,Piyush Vedprakash Goyal,42,42,0,85900000.0,0.0,2045238.0952380951,0.0,0.0
lok_sabha,Maharashtra,Praniti Sushilkumar Shinde,84,9,2,8498955.0,0.0,944328.3333333334,0.024,0.0
lok_sabha,Maharashtra,Prashant Yadaorao Padole,50,19,7,14789658.0,0.0,778403.052631579,0.14,0.0
lok_sabha,Maharashtra,Prataprao Jadhav,11,2,0,1500000.0,0.0,750000.0,0.0,0.0
lok_sabha,Maharashtra,Rajabhau,75,51,17,46036364.0,0.0,902673.8039215687,0.227,0.0
lok_sabha,Maharashtra,Raksha Nikhil Khadse,8,7,3,12044664.0,0.0,1720666.2857142857,0.375,0.0
lok_sabha,Maharashtra,Ravindra Dattaram Waikar,58,42,0,84500000.0,0.0,2011904.761904762,0.0,0.0
lok_sabha,Maharashtra,Ravindra Vasantrao Chavan,91,44,24,34100947.0,0.0,775021.5227272727,0.264,0.0
lok_sabha,Maharashtra,Sanjay Dina Patil,31,22,0,40100000.0,0.0,1822727.2727272727,0.0,0.0
lok_sabha,Maharashtra,Sanjay Haribhau Jadhav,58,46,12,43976457.0,0.0,956009.9347826086,0.207,0.0
lok_sabha,Maharashtra,Sanjay Uttamrao Deshmukh,124,46,23,27331444.87,0.0,594161.845,0.185,0.0
lok_sabha,Maharashtra,Shrikant Eknath Shinde,2,1,0,325000.0,0.0,325000.0,0.0,0.0
lok_sabha,Maharashtra,Shrimant Chh Udayanraje Pratapsinhamaharaj Bhonsle,74,69,14,48699000.0,0.0,705782.6086956522,0.189,0.0
lok_sabha,Maharashtra,Shrirang Appa Barne,89,41,23,36446842.0,0.0,888947.3658536585,0.258,0.0
lok_sabha,Maharashtra,Shyamkumar,23,6,1,5200000.0,0.0,866666.6666666666,0.043,0.0
lok_sabha,Maharashtra,Smita Uday Wagh,9,9,8,15332266.0,0.0,1703585.111111111,0.889,0.0
lok_sabha,Maharashtra,Sunil Dattatray Tatkare,22,19,7,28489820.0,0.0,1499464.2105263157,0.318,0.0
lok_sabha,Maharashtra,Supriya Sadanand Sule,72,27,10,21071177.0,0.0,780413.9629629629,0.139,0.0
lok_sabha,Maharashtra,Vishal,21,19,7,20664869.0,0.0,1087624.6842105263,0.333,0.0
lok_sabha,Manipur,Alfred Kanngam S Arthur,29,26,14,87892943.0,0.0,3380497.8076923075,0.483,0.0
lok_sabha,Manipur,Angomcha Bimol Akoijam,43,41,17,92847302.0,0.0,2264568.3414634145,0.395,0.0
lok_sabha,Meghalaya,Andrew J. Syngkon,153,148,67,62901000.0,0.0,425006.75675675675,0.438,0.0
lok_sabha,Meghalaya,Saleng A Sangma,150,121,63,67920000.0,0.0,561322.3140495868,0.42,0.0
lok_sabha,Mizoram,Richard Vanlalhmangaiha,212,121,92,78665672.0,0.0,650129.520661157,0.434,0.0
lok_sabha,Nagaland,S Supongmeren Jamir,42,40,25,122137620.0,0.0,3053440.5,0.595,0.0
lok_sabha,Odisha,Ananta Nayak,163,124,16,42750000.0,0.0,344758.06451612903,0.098,0.0
lok_sabha,Odisha,Anita Subhadarshini,83,83,15,31700000.0,0.0,381927.7108433735,0.181,0.0
lok_sabha,Odisha,Aparajita Sarangi,58,49,16,23500000.0,0.0,479591.8367346939,0.276,0.0
lok_sabha,Odisha,Avimanyu Sethi,121,94,23,39026000.0,0.0,415170.21276595746,0.19,0.0
lok_sabha,Odisha,Baijayant Panda,26,18,3,32420000.0,0.0,1801111.111111111,0.115,0.0
lok_sabha,Odisha,Balabhadra Majhi,48,43,10,19700000.0,0.0,458139.5348837209,0.208,0.0
lok_sabha,Odisha,Bhartruhari Mahtab,172,102,46,36317999.0,0.0,356058.8137254902,0.267,0.0
lok_sabha,Odisha,Bibhu Prasad Tarai,120,69,13,28240000.0,0.0,409275.3623188406,0.108,0.0
lok_sabha,Odisha,Dharmendra Pradhan,63,61,1,49076500.0,0.0,804532.7868852459,0.016,0.0
lok_sabha,Odisha,Jual Oram,101,85,33,51898256.0,0.0,610567.7176470588,0.327,0.0
lok_sabha,Odisha,Malvika Devi,156,142,72,53005500.0,0.0,373278.1690140845,0.462,0.0
lok_sabha,Odisha,Naba Charan Majhi,182,100,26,61200000.0,0.0,612000.0,0.143,0.0
lok_sabha,Odisha,Pradeep Kumar Panigrahy,89,15,0,6000000.0,0.0,400000.0,0.0,0.0
lok_sabha,Odisha,Pradeep Purohit,198,193,40,76871100.0,0.0,398295.8549222798,0.202,0.0
lok_sabha,Odisha,Pratap Chandra Sarangi,106,8,3,3365000.0,0.0,420625.0,0.028,0.0
lok_sabha,Odisha,Rabindra Narayan Behera,161,64,3,27900000.0,0.0,435937.5,0.019,0.0
lok_sabha,Odisha,Rudra Narayan Pany,54,23,0,19927000.0,0.0,866391.304347826,0.0,0.0
lok_sabha,Odisha,Sambit Patra,113,95,24,44248525.0,0.0,465773.94736842107,0.212,0.0
lok_sabha,Odisha,Sangeeta Kumari Singh Deo,125,100,3,35550000.0,0.0,355500.0,0.024,0.0
lok_sabha,Odisha,Saptagiri Sankar Ulaka,346,225,100,69390548.0,0.0,308402.43555555557,0.289,0.0
lok_sabha,Odisha,Sukanta Kumar Panigrahi,133,104,41,34529569.0,0.0,332015.08653846156,0.308,0.0
lok_sabha,Puducherry,Vaithilingam Ve,63,24,11,50086900.0,0.0,2086954.1666666667,0.175,0.0
lok_sabha,Punjab,Amar Singh,176,129,43,51491145.0,0.0,399156.16279069765,0.244,0.0
lok_sabha,Punjab,Amrinder Singh Raja Warring,133,125,33,42103588.0,0.0,336828.704,0.248,0.0
lok_sabha,Punjab,Charanjit Singh Channi,152,102,38,30271899.0,0.0,296783.32352941175,0.25,0.0
lok_sabha,Punjab,Dharamvira Gandhi,230,188,48,57315118.0,0.0,304867.6489361702,0.209,0.0
lok_sabha,Punjab,Gurjeet Singh Aujla,168,155,73,60748967.0,0.0,391928.8193548387,0.435,0.0
lok_sabha,Punjab,Gurmeet Singh Meet Hayer,139,102,51,34678770.0,0.0,339987.9411764706,0.367,0.0
lok_sabha,Punjab,Harsimrat Kaur Badal,231,214,90,78831807.0,0.0,368372.92990654206,0.39,0.0
lok_sabha,Punjab,Malvinder Singh Kang,130,123,54,49468541.0,0.0,402183.26016260165,0.415,0.0
lok_sabha,Punjab,Raj Kumar Chabbewal,153,142,55,68025900.0,0.0,479055.6338028169,0.359,0.0
lok_sabha,Punjab,Sarabjeet Singh Khalsa,207,165,115,49841382.0,150000.0,302068.9818181818,0.556,0.003
lok_sabha,Punjab,Sher Singh Ghubaya,104,87,70,25311720.0,1443979.0,290939.3103448276,0.673,0.057
lok_sabha,Punjab,Sukhjinder Singh Randhawa,162,149,39,71018216.0,0.0,476632.322147651,0.241,0.0
lok_sabha,Rajasthan,Amraram,129,114,43,59594305.0,0.0,522757.06140350876,0.333,0.0
lok_sabha,Rajasthan,Arjun Ram Meghwal,73,55,18,67211888.0,0.0,1222034.3272727274,0.247,0.0
lok_sabha,Rajasthan,Bhagirath Chaudhary,124,97,56,58001994.0,0.0,597958.7010309278,0.452,0.0
lok_sabha,Rajasthan,Bhajan Lal Jatav,46,26,11,18119027.0,0.0,696885.6538461539,0.239,0.0
lok_sabha,Rajasthan,Bhupender Yadav,55,49,20,73037965.0,0.0,1490570.7142857143,0.364,0.0
lok_sabha,Rajasthan,Brijendra Singh Ola,110,106,62,51962937.0,0.0,490216.38679245283,0.564,0.0
lok_sabha,Rajasthan,Chandra Prakash Joshi,192,17,10,10077214.0,0.0,592777.2941176471,0.052,0.0
lok_sabha,Rajasthan,Damodar Agarwal,171,157,71,77776128.0,0.0,495389.3503184713,0.415,0.0
lok_sabha,Rajasthan,Dushyant Singh,40,5,0,8076880.0,0.0,1615376.0,0.0,0.0
lok_sabha,Rajasthan,Gajendra Singh Shekhawat,19,3,0,6440000.0,0.0,2146666.6666666665,0.0,0.0
lok_sabha,Rajasthan,Hanuman Beniwal,191,182,137,60287384.0,0.0,331249.3626373626,0.717,0.0
lok_sabha,Rajasthan,Kuldeep Indora,80,61,2,45545330.0,0.0,746644.7540983607,0.025,0.0
lok_sabha,Rajasthan,Lumbaram,121,101,48,53062487.0,0.0,525371.1584158416,0.397,0.0
lok_sabha,Rajasthan,Mahima Kumari Mewar,105,70,25,62235559.0,0.0,889079.4142857143,0.238,0.0
lok_sabha,Rajasthan,Manju Sharma,63,35,15,49617769.0,0.0,1417650.5428571429,0.238,0.0
lok_sabha,Rajasthan,Manna Lal Rawat,201,130,24,55914895.0,0.0,430114.57692307694,0.119,0.0
lok_sabha,Rajasthan,Murari Lal Meena,96,56,15,41291319.0,0.0,737344.9821428572,0.156,0.0
lok_sabha,Rajasthan,Om Birla,60,46,15,38763952.0,0.0,842694.6086956522,0.25,0.0
lok_sabha,Rajasthan,Pp Chaudhary,19,16,5,15254289.0,0.0,953393.0625,0.263,0.0
lok_sabha,Rajasthan,Rahul Kaswan,141,73,28,62751795.0,0.0,859613.6301369863,0.199,0.0
lok_sabha,Rajasthan,Raj Kumar Roat,111,91,23,99758417.0,0.0,1096246.3406593406,0.207,0.0
lok_sabha,Rajasthan,Rao Rajendra Singh,49,26,8,21736174.0,0.0,836006.6923076923,0.163,0.0
lok_sabha,Rajasthan,Sanjna Jatav,194,128,52,69260639.1,0.0,541098.74296875,0.268,0.0
lok_sabha,Rajasthan,Ummeda Ram Beniwal,68,64,40,38887782.0,0.0,607621.59375,0.588,0.0
lok_sabha,Sikkim,Indra Hang Subba,46,28,23,45764618.0,0.0,1634450.642857143,0.5,0.0
lok_sabha,Tamil Nadu,Andimuthu Raja,71,56,50,47541597.0,0.0,848957.0892857143,0.704,0.0
lok_sabha,Tamil Nadu,Arun Nehru,59,41,37,53759659.0,0.0,1311211.1951219512,0.627,0.0
lok_sabha,Tamil Nadu,Cn Annadurai,149,143,121,69945931.0,0.0,489132.3846153846,0.812,0.0
lok_sabha,Tamil Nadu,D M Kathir Anand,15,12,3,12664000.0,0.0,1055333.3333333333,0.2,0.0
lok_sabha,Tamil Nadu,D Ravikumar,114,96,74,81634830.0,0.0,850362.8125,0.649,0.0
lok_sabha,Tamil Nadu,Durai Vaiko,62,54,39,60719352.0,0.0,1124432.4444444445,0.629,0.0
lok_sabha,Tamil Nadu,Eswarasamy K,43,37,31,45660992.0,0.0,1234080.8648648649,0.721,0.0
lok_sabha,Tamil Nadu,Ganapathy Rajkumar P,44,28,6,51121965.0,0.0,1825784.4642857143,0.136,0.0
lok_sabha,Tamil Nadu,Ganesan Selvam,174,136,130,43837417.0,0.0,322333.94852941175,0.747,0.0
lok_sabha,Tamil Nadu,Gopinath K,66,64,29,65995542.0,0.0,1031180.34375,0.439,0.0
lok_sabha,Tamil Nadu,K E Prakash,139,92,82,69516067.0,0.0,755609.4239130435,0.59,0.0
lok_sabha,Tamil Nadu,K Subbarayan,80,59,48,75252492.0,0.0,1275465.9661016949,0.6,0.0
lok_sabha,Tamil Nadu,Kalanidhi Veeraswamy,46,34,20,81003404.0,0.0,2382453.0588235296,0.435,0.0
lok_sabha,Tamil Nadu,Kani K Navas,38,31,20,23332718.0,0.0,752668.3225806452,0.526,0.0
lok_sabha,Tamil Nadu,Kanimozhi Karunanidhi,24,14,9,33783541.0,0.0,2413110.0714285714,0.375,0.0
lok_sabha,Tamil Nadu,Karti P Chidambaram,77,68,62,52969519.0,0.0,778963.5147058824,0.805,0.0
lok_sabha,Tamil Nadu,M.K. Vishnuprasad,73,67,55,65642106.0,0.0,979732.9253731343,0.753,0.0
lok_sabha,Tamil Nadu,Malaiyarasan D,94,47,45,31584460.0,0.0,672009.7872340425,0.479,0.0
lok_sabha,Tamil Nadu,Mani. A.,35,31,20,27304602.0,0.0,880793.6129032258,0.571,0.0
lok_sabha,Tamil Nadu,Manickam Tagore B,63,56,46,65710281.0,0.0,1173397.875,0.73,0.0
lok_sabha,Tamil Nadu,Murasoli S,49,43,28,71580197.0,0.0,1664655.7441860465,0.571,0.0
lok_sabha,Tamil Nadu,Rani Sri Kumar,43,38,32,39689733.0,0.0,1044466.6578947369,0.744,0.0
lok_sabha,Tamil Nadu,Robert Bruce C,74,41,30,43416751.0,0.0,1058945.1463414633,0.405,0.0
lok_sabha,Tamil Nadu,S Jothimani,98,59,42,50852918.0,0.0,861913.8644067796,0.429,0.0
lok_sabha,Tamil Nadu,S Venkatesan,85,75,42,50965740.0,0.0,679543.2,0.494,0.0
lok_sabha,Tamil Nadu,S. Jagathrakshakan,94,51,32,49786710.0,0.0,976210.0,0.34,0.0
lok_sabha,Tamil Nadu,Sachithanantham R,130,78,49,96363339.0,0.0,1235427.423076923,0.377,0.0
lok_sabha,Tamil Nadu,Sasikanth Senthil,117,101,61,76454585.0,0.0,756976.0891089109,0.521,0.0
lok_sabha,Tamil Nadu,Selvaganapathi T M,13,2,0,4300000.0,0.0,2150000.0,0.0,0.0
lok_sabha,Tamil Nadu,Selvaraj V,50,44,32,47095221.0,0.0,1070345.9318181819,0.64,0.0
lok_sabha,Tamil Nadu,Sudha R,30,20,9,14675000.0,0.0,733750.0,0.3,0.0
lok_sabha,Tamil Nadu,T Sumathy (A) Thamizhachi Thangapandian,20,13,5,47365616.0,0.0,3643508.923076923,0.25,0.0
lok_sabha,Tamil Nadu,Thalikkottai Rajuthevar Baalu,39,28,13,57516222.0,0.0,2054150.7857142857,0.333,0.0
lok_sabha,Tamil Nadu,Thanga Tamilselvan,55,36,19,38150000.0,0.0,1059722.2222222222,0.345,0.0
lok_sabha,Tamil Nadu,Tharaniventhan M S,102,76,46,51127845.0,0.0,672734.802631579,0.451,0.0
lok_sabha,Tamil Nadu,Thiru Dayanidhi Maran,12,5,4,31000000.0,0.0,6200000.0,0.333,0.0
lok_sabha,Tamil Nadu,Thirumaa Valavan Thol,48,46,35,54282702.0,0.0,1180058.7391304348,0.729,0.0
lok_sabha,Tamil Nadu,V S Matheswaran,108,106,75,88820641.0,0.0,837930.5754716981,0.694,0.0
lok_sabha,Tamil Nadu,Vijayakumar Vasanth,103,61,39,64392266.0,0.0,1055610.9180327868,0.379,0.0
lok_sabha,Telangana,Aruna. D. K,43,38,18,19725433.0,0.0,519090.34210526315,0.419,0.0
lok_sabha,Telangana,Arvind Dharmapuri,179,123,115,45148786.0,0.0,367063.30081300816,0.642,0.0
lok_sabha,Telangana,Asaduddin Owaisi,14,8,1,19285072.0,0.0,2410634.0,0.071,0.0
lok_sabha,Telangana,Balram Naik Porika,132,112,99,33781899.0,0.0,301624.09821428574,0.75,0.0
lok_sabha,Telangana,Chamala Kiran Kumar Reddy,111,89,54,29260077.0,0.0,328764.91011235956,0.486,0.0
lok_sabha,Telangana,Eatala Rajender,109,67,20,61832233.0,0.0,922869.1492537314,0.183,0.0
lok_sabha,Telangana,Godam Nagesh,220,99,29,28730000.0,0.0,290202.0202020202,0.132,0.0
lok_sabha,Telangana,Kadiyam Kavya,100,70,41,28954452.0,0.0,413635.02857142856,0.41,0.0
lok_sabha,Telangana,Kishan Reddy Gangapuram,20,12,0,27620000.0,0.0,2301666.6666666665,0.0,0.0
lok_sabha,Telangana,Konda Vishweshwar Reddy,295,284,144,95211618.0,0.0,335252.176056338,0.488,0.0
lok_sabha,Telangana,Kunduru Raghuveer,26,24,6,19168401.0,0.0,798683.375,0.231,0.0
lok_sabha,Telangana,Madhavaneni Raghunandan Rao,123,51,34,36197616.0,0.0,709757.1764705882,0.276,0.0
lok_sabha,Telangana,Mallu Ravi,104,85,61,49201642.0,0.0,578842.8470588236,0.587,0.0
lok_sabha,Telangana,Ramasahayam Raghuram Reddy,125,120,19,38449146.0,0.0,320409.55,0.152,0.0
lok_sabha,Telangana,Sanjay Kumar Bandi,195,108,44,35542182.0,0.0,329094.27777777775,0.226,0.0
lok_sabha,Telangana,Suresh Kumar Shetkar,196,93,32,26694939.0,0.0,287042.3548387097,0.163,0.0
lok_sabha,Telangana,Vamsi Krishna Gaddam,58,34,9,25209997.0,0.0,741470.5,0.155,0.0
lok_sabha,The Dadra And Nagar Haveli And Daman And Diu,Kalaben Mohanbhai Delkar,1,0,0,0.0,0.0,,0.0,0.0
lok_sabha,The Dadra And Nagar Haveli And Daman And Diu,Patel Umeshbhai Babubhai,54,1,0,1000000.0,0.0,1000000.0,0.0,0.0
lok_sabha,Tripura,Biplab Kumar Deb,30,19,7,81343545.0,0.0,4281239.2105263155,0.233,0.0
lok_sabha,Tripura,Kriti Devi Debbarman,14,10,3,23979250.0,0.0,2397925.0,0.214,0.0
lok_sabha,Uttar Pradesh,Aditya Yadav,133,99,41,96732339.0,0.0,977094.3333333334,0.308,0.0
lok_sabha,Uttar Pradesh,Afzal Ansari,91,64,9,42196125.0,0.0,659314.453125,0.099,0.0
lok_sabha,Uttar Pradesh,Ajendra Singh Lodhi,200,106,18,78438000.0,0.0,739981.1320754717,0.09,0.0
lok_sabha,Uttar Pradesh,Akhilesh Yadav,157,87,27,79434648.0,0.0,913041.9310344828,0.172,0.0
lok_sabha,Uttar Pradesh,Akshaya Yadav,43,42,37,96154158.0,0.0,2289384.714285714,0.86,0.0
lok_sabha,Uttar Pradesh,Anand Bhadauriya,71,69,31,68082964.0,0.0,986709.6231884058,0.437,0.0
lok_sabha,Uttar Pradesh,Anand Kumar,81,54,26,73141677.0,0.0,1354475.5,0.321,0.0
lok_sabha,Uttar Pradesh,Anoop Pradhan Balmiki,102,102,66,142527022.0,0.0,1397323.7450980393,0.647,0.0
lok_sabha,Uttar Pradesh,Anupriya Patel,6,6,0,56690200.0,0.0,9448366.666666666,0.0,0.0
lok_sabha,Uttar Pradesh,Anurag Sharma,54,53,30,41625431.0,0.0,785385.4905660377,0.556,0.0
lok_sabha,Uttar Pradesh,Arun Govil,229,114,33,82962350.0,0.0,727739.9122807018,0.144,0.0
lok_sabha,Uttar Pradesh,Arun Kumar Sagar,7,7,4,145876200.0,0.0,20839457.14285714,0.571,0.0
lok_sabha,Uttar Pradesh,Ashok Kumar Rawat,4,3,1,117516085.0,0.0,39172028.333333336,0.25,0.0
lok_sabha,Uttar Pradesh,Atul Garg,69,63,35,59710189.0,0.0,947780.7777777778,0.507,0.0
lok_sabha,Uttar Pradesh,Awadhesh Prasad,201,156,108,104159313.0,0.0,667687.9038461539,0.537,0.0
lok_sabha,Uttar Pradesh,Babu Singh Kushwaha,665,658,507,93473025.0,0.0,142056.26899696048,0.762,0.0
lok_sabha,Uttar Pradesh,Bhola Singh,249,248,114,93301259.0,0.0,376214.75403225806,0.458,0.0
lok_sabha,Uttar Pradesh,Chandan Chauhan,33,27,9,21499316.0,0.0,796270.9629629629,0.273,0.0
lok_sabha,Uttar Pradesh,Chandra Shekhar,107,106,102,37663620.0,0.0,355317.1698113208,0.953,0.0
lok_sabha,Uttar Pradesh,Chhatra Pal Singh Gangwar,99,96,93,72487119.0,0.0,755074.15625,0.939,0.0
lok_sabha,Uttar Pradesh,Chhotelal,176,163,76,61338093.0,0.0,376307.31901840493,0.432,0.0
lok_sabha,Uttar Pradesh,Daroga Prasad Saroj,288,283,58,90903399.0,0.0,321213.42402826855,0.201,0.0
lok_sabha,Uttar Pradesh,Devendra Alias Bhole Singh,23,23,12,36837193.0,0.0,1601617.0869565217,0.522,0.0
lok_sabha,Uttar Pradesh,Devesh Shakya,334,302,217,87928460.0,0.0,291153.8410596026,0.65,0.0
lok_sabha,Uttar Pradesh,Dharmendra Yadav,63,62,15,86253239.0,0.0,1391181.2741935484,0.238,0.0
lok_sabha,Uttar Pradesh,Dimple Yadav,102,95,40,83207634.0,0.0,875869.8315789474,0.392,0.0
lok_sabha,Uttar Pradesh,Harendra Singh Malik,217,117,31,74188226.0,0.0,634087.4017094017,0.143,0.0
lok_sabha,Uttar Pradesh,Hema Malini,60,43,17,45515779.0,0.0,1058506.488372093,0.283,0.0
lok_sabha,Uttar Pradesh,Imran Masood,114,101,51,85785107.0,0.0,849357.4950495049,0.447,0.0
lok_sabha,Uttar Pradesh,Iqra Choudhary,92,64,45,52683632.0,0.0,823181.75,0.489,0.0
lok_sabha,Uttar Pradesh,Jagdambika Pal,75,68,0,93108500.0,0.0,1369242.6470588236,0.0,0.0
lok_sabha,Uttar Pradesh,Jai Prakash,14,13,3,41366203.0,0.0,3182015.6153846155,0.214,0.0
lok_sabha,Uttar Pradesh,Jitendra Kumar Dohare,514,470,192,154592005.0,0.0,328919.1595744681,0.374,0.0
lok_sabha,Uttar Pradesh,Jitin Prasada,15,15,1,23751490.0,0.0,1583432.6666666667,0.067,0.0
lok_sabha,Uttar Pradesh,Kamlesh Paswan,77,74,0,70752414.0,0.0,956113.7027027027,0.0,0.0
lok_sabha,Uttar Pradesh,Kanwar Singh Tanwar,99,85,55,98770305.0,0.0,1162003.5882352942,0.556,0.0
lok_sabha,Uttar Pradesh,Karan Bhushan Singh,88,63,33,81376675.0,0.0,1291693.253968254,0.375,0.0
lok_sabha,Uttar Pradesh,Kirti Vardhan Singh,138,138,35,94077413.0,0.0,681720.3840579711,0.254,0.0
lok_sabha,Uttar Pradesh,Kishori Lal,39,37,16,78553613.0,0.0,2123070.621621622,0.41,0.0
lok_sabha,Uttar Pradesh,Krishna Devi Shivshanker Patel,146,126,109,35562240.12,0.0,282240.00095238094,0.747,0.0
lok_sabha,Uttar Pradesh,Lalji Verma,292,231,61,120052344.0,0.0,519707.1168831169,0.209,0.0
lok_sabha,Uttar Pradesh,Laxmikant Pappu Nishad,414,279,1,35694600.0,0.0,127937.63440860216,0.002,0.0
lok_sabha,Uttar Pradesh,Mahesh Sharma,172,111,68,96545121.28,0.0,869775.8673873874,0.395,0.0
lok_sabha,Uttar Pradesh,Mohibbullah,9,8,6,5933093.0,0.0,741636.625,0.667,0.0
lok_sabha,Uttar Pradesh,Mukesh Rajput,49,48,44,26958998.0,0.0,561645.7916666666,0.898,0.0
lok_sabha,Uttar Pradesh,Narayan Das Ahirwar,18,15,2,10213471.64,0.0,680898.1093333333,0.111,0.0
lok_sabha,Uttar Pradesh,Narendra Modi,169,169,155,81692804.0,0.0,483389.37278106506,0.917,0.0
lok_sabha,Uttar Pradesh,Naresh Chandra Uttam Patel,79,72,13,69528995.0,0.0,965680.4861111111,0.165,0.0
lok_sabha,Uttar Pradesh,Neeraj Maurya,27,15,13,44988238.0,0.0,2999215.8666666667,0.481,0.0
lok_sabha,Uttar Pradesh,Pankaj Chowdhary,49,49,35,97560284.0,0.0,1991026.2040816327,0.714,0.0
lok_sabha,Uttar Pradesh,Praveen Patel,24,24,14,98136533.0,0.0,4089022.2083333335,0.583,0.0
lok_sabha,Uttar Pradesh,Priya Saroj,1348,1317,705,83537532.0,0.0,63430.16856492027,0.523,0.0
lok_sabha,Uttar Pradesh,Pushpendra Saroj,747,715,608,69456045.0,0.0,97141.32167832168,0.814,0.0
lok_sabha,Uttar Pradesh,R.K. Chaudhary,92,76,14,57677630.0,0.0,758916.1842105263,0.152,0.0
lok_sabha,Uttar Pradesh,Rahul Gandhi,55,50,7,42992942.0,0.0,859858.84,0.127,0.0
lok_sabha,Uttar Pradesh,Rajeev Rai,205,191,105,76964325.0,0.0,402954.5811518325,0.512,0.0
lok_sabha,Uttar Pradesh,Rajkumar Chahar,38,38,34,77104078.0,0.0,2029054.6842105263,0.895,0.0
lok_sabha,Uttar Pradesh,Rajkumar Sangwan,90,47,5,43924898.0,0.0,934572.2978723404,0.056,0.0
lok_sabha,Uttar Pradesh,Rajnath Singh,102,100,31,102408976.0,0.0,1024089.76,0.304,0.0
lok_sabha,Uttar Pradesh,Rakesh Rathor,68,50,21,106826349.0,0.0,2136526.98,0.309,0.0
lok_sabha,Uttar Pradesh,Ram Prasad Chaudhary,90,76,22,92608280.0,0.0,1218530.0,0.244,0.0
lok_sabha,Uttar Pradesh,Ram Shiromani,246,193,0,24701850.0,0.0,127988.86010362694,0.0,0.0
lok_sabha,Uttar Pradesh,Ramashankar Rajbhar,161,129,58,67648807.0,0.0,524409.3565891472,0.36,0.0
lok_sabha,Uttar Pradesh,Rambhual Nishad,18,14,5,78704831.0,0.0,5621773.642857143,0.278,0.0
lok_sabha,Uttar Pradesh,Ramesh Awasthi,63,63,42,48385838.0,0.0,768029.1746031746,0.667,0.0
lok_sabha,Uttar Pradesh,Ravindra Shyamnarayan Alias Ravi Kishan Shukla,9,9,0,21318500.0,0.0,2368722.222222222,0.0,0.0
lok_sabha,Uttar Pradesh,Ruchi Vira,175,174,117,42715367.0,0.0,245490.61494252874,0.669,0.0
lok_sabha,Uttar Pradesh,S P Singh,391,289,72,55238181.0,0.0,191135.57439446368,0.184,0.0
lok_sabha,Uttar Pradesh,Sanatan Pandey,40,34,16,23908959.0,0.0,703204.6764705882,0.4,0.0
lok_sabha,Uttar Pradesh,Satish Kumar Gautam,76,76,21,97816769.0,0.0,1287062.75,0.276,0.0
lok_sabha,Uttar Pradesh,Shashank Mani,113,70,41,75518656.0,0.0,1078837.9428571428,0.363,0.0
lok_sabha,Uttar Pradesh,Sp Singh Baghel,81,63,55,91740438.0,0.0,1456197.4285714286,0.679,0.0
lok_sabha,Uttar Pradesh,Swami Sachchidanandhari Sakshi Ji Maharaj,81,68,12,79585036.0,0.0,1170368.1764705882,0.148,0.0
lok_sabha,Uttar Pradesh,Tanuj Punia,23,18,11,73877908.0,0.0,4104328.222222222,0.478,0.0
lok_sabha,Uttar Pradesh,Ujjwal Raman Singh,25,25,3,91488733.0,0.0,3659549.32,0.12,0.0
lok_sabha,Uttar Pradesh,Utkarsh Verma Madhur,91,84,79,32518398.0,0.0,387123.78571428574,0.868,0.0
lok_sabha,Uttar Pradesh,Vijay Kumar Dubey,270,179,129,88589109.0,0.0,494911.2234636872,0.478,0.0
lok_sabha,Uttar Pradesh,Vinod Kumar Bind,542,541,405,90213597.0,0.0,166753.41404805914,0.747,0.0
lok_sabha,Uttar Pradesh,Virendra Singh,26,23,9,78343139.0,0.0,3406223.434782609,0.346,0.0
lok_sabha,Uttar Pradesh,Zia Ur Rehman,296,288,0,81937800.0,0.0,284506.25,0.0,0.0
lok_sabha,Uttarakhand,Ajay Bhatt,88,74,22,20268185.0,0.0,273894.3918918919,0.25,0.0
lok_sabha,Uttarakhand,Ajay Tamta,143,85,3,17421406.0,0.0,204957.71764705883,0.021,0.0
lok_sabha,Uttarakhand,Anil Baluni,11,9,1,10195000.0,0.0,1132777.7777777778,0.091,0.0
lok_sabha,Uttarakhand,Mala Rajya Laxmi Shah,212,191,79,78908541.0,0.0,413133.722513089,0.373,0.0
lok_sabha,Uttarakhand,Trivendra Singh Rawat,43,28,3,19374910.0,0.0,691961.0714285715,0.07,0.0
lok_sabha,West Bengal,Abhijit Gangopadhyay,56,41,13,15331987.0,0.0,373950.9024390244,0.232,0.0
lok_sabha,West Bengal,Abhishek Banerjee,168,147,94,47986591.0,0.0,326439.39455782314,0.56,0.0
lok_sabha,West Bengal,Abu Taher Khan,72,65,23,46378883.0,0.0,713521.276923077,0.319,0.0
lok_sabha,West Bengal,Adhikari Soumendu,21,19,13,28885084.0,0.0,1520267.5789473683,0.619,0.0
lok_sabha,West Bengal,Arup Chakraborty,50,50,27,83496667.0,0.0,1669933.34,0.54,0.0
lok_sabha,West Bengal,Asit Kumar Mal,172,146,105,193767254.0,0.0,1327172.9726027397,0.61,0.0
lok_sabha,West Bengal,Azad Kirti Jha,68,55,6,65043112.0,0.0,1182602.0363636364,0.088,0.0
lok_sabha,West Bengal,Bag Mitali,43,42,29,32103666.0,0.0,764373.0,0.674,0.0
lok_sabha,West Bengal,Bapi Haldar,105,85,57,36503383.0,0.0,429451.56470588234,0.543,0.0
lok_sabha,West Bengal,Deepak (Dev) Adhikari,26,16,14,33956704.0,0.0,2122294.0,0.538,0.0
lok_sabha,West Bengal,Isha Khan Choudhury,61,55,12,33026511.0,0.0,600482.0181818182,0.197,0.0
lok_sabha,West Bengal,Jagadish Chandra Barma Basunia,63,40,1,36933495.0,0.0,923337.375,0.016,0.0
lok_sabha,West Bengal,Jagannath Sarkar,160,115,56,57417589.0,0.0,499283.38260869565,0.35,0.0
lok_sabha,West Bengal,Jayanta Kumar Roy,15,14,1,22204482.0,0.0,1586034.4285714286,0.067,0.0
lok_sabha,West Bengal,June Maliah,22,18,6,63783694.0,0.0,3543538.5555555555,0.273,0.0
lok_sabha,West Bengal,Jyotirmay Singh Mahato,38,17,5,10218085.0,0.0,601063.8235294118,0.132,0.0
lok_sabha,West Bengal,Kakoli Ghosh Dastidar,93,53,33,60172753.0,0.0,1135334.9622641508,0.355,0.0
lok_sabha,West Bengal,Kalipada Saren,39,29,25,58546605.0,0.0,2018848.448275862,0.641,0.0
lok_sabha,West Bengal,Kalyan Banerjee,76,74,46,67797647.0,0.0,916184.4189189189,0.605,0.0
lok_sabha,West Bengal,Kartick Chandra Paul,29,24,5,26078137.0,0.0,1086589.0416666667,0.172,0.0
lok_sabha,West Bengal,Khagen Murmu,31,11,6,10982755.0,0.0,998432.2727272727,0.194,0.0
lok_sabha,West Bengal,Khalilur Rahaman,41,29,11,38411791.0,0.0,1324544.5172413792,0.268,0.0
lok_sabha,West Bengal,Mahua Moitra,52,44,20,96526606.0,0.0,2193786.5,0.385,0.0
lok_sabha,West Bengal,Mala Roy,51,50,18,74370386.0,0.0,1487407.72,0.353,0.0
lok_sabha,West Bengal,Manoj Tigga,26,14,0,26597456.7,0.0,1899818.3357142857,0.0,0.0
lok_sabha,West Bengal,Partha Bhowmick,29,10,4,57015000.0,0.0,5701500.0,0.138,0.0
lok_sabha,West Bengal,Pathan Yusuf,43,33,2,39363677.0,0.0,1192838.696969697,0.047,0.0
lok_sabha,West Bengal,Prasun Banerjee,48,47,25,48090168.0,0.0,1023195.0638297872,0.521,0.0
lok_sabha,West Bengal,Pratima Mondal,143,130,70,63576927.0,0.0,489053.2846153846,0.49,0.0
lok_sabha,West Bengal,Rachna Banerjee,39,27,10,49733134.0,0.0,1841967.9259259258,0.256,0.0
lok_sabha,West Bengal,Raju Bista,171,113,42,62207467.0,0.0,550508.5575221239,0.246,0.0
lok_sabha,West Bengal,Sajda Ahmed,112,88,61,55947695.0,0.0,635769.2613636364,0.545,0.0
lok_sabha,West Bengal,Satabdi Roy (Banerjee),79,71,48,63579304.0,0.0,895483.1549295775,0.608,0.0
lok_sabha,West Bengal,Saumitra Khan,46,42,14,50205584.0,0.0,1195371.0476190476,0.304,0.0
lok_sabha,West Bengal,Sayani Ghosh,68,65,32,37577280.0,0.0,578112.0,0.471,0.0
lok_sabha,West Bengal,Shantanu Thakur,22,3,3,2056249.0,0.0,685416.3333333334,0.136,0.0
lok_sabha,West Bengal,Sharmila Sarkar,110,54,17,45895695.0,0.0,849920.2777777778,0.155,0.0
lok_sabha,West Bengal,Shatrughan Sinha,25,21,5,71037025.0,0.0,3382715.476190476,0.2,0.0
lok_sabha,West Bengal,Sk Nurul Islam,26,13,7,24693148.0,0.0,1899472.923076923,0.269,0.0
lok_sabha,West Bengal,Sougata Ray,49,20,10,22535682.0,0.0,1126784.1,0.204,0.0
lok_sabha,West Bengal,Sudip Bandyopadhyay,33,31,9,62627830.0,0.0,2020252.5806451612,0.273,0.0
lok_sabha,West Bengal,Sukanta Majumdar,124,117,22,63599877.9,0.0,543588.7,0.177,0.0
lok_sabha,nan,nan,1,1,1,0.0,0.0,,1.0,0.0
