work_id,sanctioned_amount,sanction_date
1,496400000,2025-05-31
2,325700000,2024-08-28
3,346200000,2025-01-28
4,348800000,2025-07-26
5,229900000,2023-12-15
6,222800000,2025-01-30
7,164300000,2024-09-02
8,175200000,2025-03-25
9,143800000,2024-04-26
10,265700000,2024-10-30
11,356300000,2025-02-05
12,246100000,2025-04-08
13,439300000,2023-11-03
14,473900000,2025-02-19
15,237500000,2025-05-01
16,437200000,2025-05-21
17,94300000,2024-10-24
18,489300000,2024-02-15
19,126400000,2025-01-26
20,267200000,2024-09-28
21,494100000,2024-05-29
22,105600000,2025-07-15
23,263600000,2024-08-10
24,110000000,2025-02-14
25,495000000,2024-10-09
26,160000000,2024-05-11
27,464000000,2025-05-06
28,264500000,2025-07-27
29,352400000,2024-08-04
30,254400000,2024-11-21
31,387200000,2025-01-23
32,336400000,2024-03-01
33,337600000,2025-10-04
34,81300000,2025-09-10
35,407200000,2023-11-06
36,307100000,2025-04-03
37,360500000,2024-12-20
38,430900000,2023-12-24
39,304200000,2024-09-04
40,423000000,2024-10-14
41,398200000,2025-04-24
42,412500000,2025-07-22
43,477000000,2024-04-15
44,587318707,2024-07-18
45,101000000,2025-05-31
46,393200000,2024-05-20
47,73700000,2025-09-30
48,72200000,2025-07-08
49,360500000,2025-04-22
50,233600000,2025-08-24
51,245400000,2024-12-08
52,184100000,2024-05-27
53,133400000,2024-10-11
54,106400000,2025-03-31
55,490800000,2024-04-25
56,249700000,2024-06-26
57,340600000,2024-08-13
58,450200000,2023-11-08
59,300800000,2025-01-16
60,238800000,2025-07-28
61,132300000,2024-11-15
62,289300000,2025-05-12
63,256800000,2025-07-22
64,119700000,2024-10-27
65,300100000,2025-01-13
66,192300000,2025-07-29
67,421900000,2024-07-18
68,166500000,2025-08-07
69,459900000,2025-02-09
70,237500000,2025-02-18
71,277800000,2025-05-23
72,320100000,2024-01-07
73,471500000,2024-02-16
74,92200000,2023-11-03
75,126300000,2024-05-02
76,436800000,2024-09-03
77,328400000,2024-10-27
78,423000000,2024-03-05
79,362300000,2025-02-06
80,132200000,2024-11-03
81,327300000,2024-03-14
82,106000000,2024-09-19
83,413400000,2025-08-10
84,169200000,2025-04-02
85,247200000,2023-11-21
86,110500000,2025-01-16
87,137300000,2025-04-05
88,456900000,2025-08-16
89,129500000,2024-07-24
90,214400000,2024-04-05
91,320954471,2025-01-12
92,422500000,2023-10-14
93,231300000,2023-10-16
94,299300000,2025-09-02
95,176500000,2025-07-19
96,350900000,2025-01-16
97,422500000,2025-02-26
98,106200000,2025-03-27
99,156400000,2025-08-19
100,315200000,2025-05-23
101,420200000,2024-12-06
102,451600000,2023-11-25
103,362000000,2025-05-12
104,376600000,2024-03-04
105,126300000,2025-08-14
106,386500000,2024-11-21
107,176700000,2024-04-03
108,71500000,2025-05-26
109,55000000,2024-10-20
110,329200000,2025-05-08
111,116800000,2025-07-29
112,140800000,2023-12-21
113,223000000,2024-04-21
114,459800000,2024-09-20
115,113700000,2025-01-13
116,190700000,2024-01-17
117,479200000,2023-11-16
118,484600000,2025-09-12
119,192100000,2025-03-08
120,314700000,2025-08-26
121,304200000,2023-12-28
122,418400000,2023-10-21
123,119000000,2023-12-25
124,92800000,2025-08-04
125,323000000,2024-07-30
126,154600000,2025-03-31
127,225400000,2024-12-22
128,465800000,2025-03-05
129,176300000,2025-02-19
130,283400000,2023-10-20
131,428200000,2024-09-21
132,354000000,2025-08-08
133,273400000,2025-03-23
134,93600000,2023-11-21
135,131100000,2024-03-26
136,163600000,2023-12-30
137,172400000,2023-11-22
138,393900000,2023-12-21
139,167600000,2023-11-18
140,369800000,2025-01-01
141,159200000,2024-07-03
142,145610784,2024-04-15
143,284300000,2024-12-14
144,327700000,2024-01-05
145,496800000,2023-10-12
146,337900000,2025-01-02
147,166900000,2024-02-21
148,346600000,2024-01-25
149,376000000,2023-12-15
150,264400000,2024-09-06
151,420300000,2024-12-20
152,346100000,2024-10-18
153,432800000,2025-05-06
154,110400000,2024-09-04
155,155700000,2024-09-20
156,182600000,2025-03-18
157,487000000,2025-04-23
158,116500000,2025-09-14
159,445600000,2025-01-20
160,446600000,2023-12-27
161,471800000,2024-07-31
162,364600000,2024-05-07
163,457400000,2025-01-25
164,711578668,2025-06-15
165,209400000,2024-09-03
166,349500000,2024-08-29
167,438000000,2024-08-17
168,325500000,2024-06-10
169,71800000,2025-03-21
170,171000000,2024-02-12
171,393000000,2023-12-16
172,307000000,2024-09-14
173,294500000,2025-06-21
174,285700000,2025-01-02
175,333700000,2025-03-31
176,246000000,2024-07-14
177,436900000,2024-04-21
178,649411152,2024-07-21
179,375200000,2024-04-10
180,283100000,2024-04-05
181,320800000,2025-07-14
182,193700000,2024-01-03
183,315000000,2025-06-13
184,243500000,2025-01-15
185,291600000,2024-02-06
186,252700000,2025-10-15
187,100500000,2023-09-27
188,450400000,2024-11-26
189,67800000,2024-02-15
190,106500000,2025-04-30
191,357700000,2024-08-02
192,483200000,2024-06-01
193,238100000,2024-05-27
194,247100000,2025-07-30
195,164700000,2024-02-26
196,296100000,2025-03-24
197,479600000,2024-08-29
198,429300000,2025-01-20
199,114700000,2024-04-15
200,204100000,2024-01-19
201,223500000,2023-12-13
202,302600000,2024-11-24
203,169500000,2024-04-06
204,459000000,2023-10-07
205,188600000,2024-03-04
206,89700000,2024-06-01
207,355700000,2023-10-26
208,488800000,2024-03-08
209,481200000,2024-12-17
210,75900000,2024-12-22
211,128100000,2024-07-29
212,279600000,2023-09-27
213,113000000,2025-08-16
214,93900000,2024-12-03
215,357500000,2024-06-03
216,361200000,2023-11-13
217,414300000,2025-06-02
218,134600000,2025-06-23
219,476800000,2024-08-23
220,406000000,2024-10-03
221,456100000,2024-10-27
222,319900000,2025-08-28
223,195500000,2024-03-19
224,496900000,2023-11-10
225,298000000,2024-12-11
226,495300000,2025-09-27
227,86200000,2025-05-08
228,468300000,2024-01-12
229,332500000,2024-02-29
230,335300000,2025-06-06
231,139500000,2025-06-19
232,239900000,2025-04-29
233,218500000,2025-04-12
234,211400000,2025-08-13
235,119400000,2024-09-01
236,364300000,2024-09-22
237,93900000,2025-01-13
238,452800000,2024-11-09
239,289200000,2024-09-21
240,143500000,2023-11-17
241,293800000,2023-12-01
242,221900000,2024-07-27
243,491300000,2024-09-12
244,98500000,2024-05-25
245,450900000,2024-11-13
246,422400000,2024-08-25
247,487800000,2025-03-31
248,331500000,2025-01-26
249,411500000,2024-04-17
250,126400000,2024-11-14
251,124700000,2024-06-23
252,148700000,2024-07-15
253,295100000,2025-04-08
254,410500000,2025-07-02
255,150800000,2024-06-20
256,71900000,2024-05-07
257,292100000,2024-07-15
258,108100000,2025-09-15
259,109700000,2025-02-14
260,396900000,2025-01-19
261,177200000,2024-12-28
262,405900000,2025-06-06
263,334000000,2024-01-07
264,74000000,2024-07-21
265,422800000,2024-05-17
266,366552220,2024-06-17
267,233900000,2024-04-19
268,196900000,2023-11-11
269,214300000,2024-11-25
270,497700000,2023-10-10
271,51100000,2025-02-02
272,318715263,2024-02-17
273,101000000,2025-04-08
274,241300000,2024-09-13
275,431700000,2024-09-12
276,83000000,2025-04-26
277,263100000,2024-11-23
278,232000000,2025-06-23
279,211900000,2024-06-30
280,91400000,2024-10-19
281,203300000,2024-10-14
282,99900000,2024-02-09
283,344100000,2025-08-11
284,74000000,2025-01-24
285,268300000,2024-12-31
286,194200000,2025-08-19
287,494100000,2023-11-20
288,321700000,2024-09-01
289,140800000,2025-06-21
290,449100000,2025-09-22
291,51400000,2025-08-23
292,456400000,2024-08-13
293,415800000,2024-11-17
294,51000000,2024-08-01
295,442700000,2024-04-20
296,291500000,2025-09-08
297,181800000,2025-05-22
298,178600000,2023-10-22
299,90600000,2025-04-04
300,291200000,2024-09-23
301,117100000,2025-10-03
302,352600000,2024-04-25
303,120200000,2024-12-06
304,243000000,2024-08-06
305,223500000,2024-04-09
306,261200000,2023-10-22
307,475700000,2025-03-10
308,136500000,2023-11-16
309,191000000,2025-01-24
310,270000000,2025-02-01
311,312800000,2025-05-02
312,96000000,2024-08-28
313,97200000,2024-04-07
314,75000000,2024-03-02
315,124000000,2024-06-27
316,57200000,2024-11-17
317,275500000,2024-12-06
318,56000000,2025-08-12
319,316300000,2025-03-02
320,311800000,2024-05-06
321,331100000,2025-06-18
322,435600000,2024-04-20
323,301500000,2024-01-15
324,436800000,2024-12-21
325,330700000,2025-07-15
326,306700000,2025-01-26
327,401700000,2023-11-23
328,485000000,2024-06-04
329,186800000,2025-06-15
330,185000000,2024-06-07
331,223000000,2024-07-26
332,488000000,2024-03-28
333,391400000,2024-05-06
334,162300000,2025-08-15
335,457700000,2024-01-01
336,499000000,2025-08-31
337,172100000,2025-08-09
338,626403825,2024-02-05
339,57900000,2024-07-02
340,199800000,2025-06-23
341,180500000,2023-12-11
342,142500000,2024-11-11
343,327100000,2024-01-07
344,171700000,2025-03-16
345,456100000,2024-09-11
346,360100000,2024-02-16
347,134000000,2024-08-23
348,423700000,2025-01-03
349,420700000,2025-02-02
350,498600000,2025-02-15
351,203600000,2024-10-26
352,419000000,2024-01-31
353,445600000,2023-10-19
354,462900000,2024-04-19
355,163100000,2024-08-20
356,332800000,2025-02-06
357,443500000,2024-08-09
358,96300000,2025-05-05
359,343800000,2024-12-08
360,88400000,2024-07-01
361,234700000,2024-01-18
362,111000000,2024-11-03
363,266400000,2025-09-05
364,91600000,2024-05-13
365,480400000,2024-02-28
366,321800000,2025-04-20
367,82600000,2024-02-03
368,70200000,2024-09-19
369,490700000,2023-12-01
370,109000000,2025-04-13
371,107700000,2025-08-19
372,101800000,2025-04-29
373,120800000,2024-11-03
374,497000000,2024-03-04
375,54100000,2025-06-20
376,223400000,2024-07-19
377,209100000,2024-10-14
378,255300000,2025-01-29
379,208500000,2024-06-16
380,53900000,2024-12-07
381,448900000,2025-07-19
382,265600000,2024-02-01
383,224200000,2024-09-28
384,159600000,2024-06-29
385,415500000,2025-06-04
386,239800000,2024-10-07
387,315400000,2024-11-26
388,473200000,2024-01-30
389,410300000,2025-09-23
390,238600000,2024-10-25
391,154700000,2024-05-02
392,197400000,2024-01-22
393,444500000,2023-12-30
394,421400000,2025-01-06
395,172500000,2024-02-29
396,491700000,2025-08-14
397,362300000,2025-07-30
398,240400000,2023-11-19
399,357200000,2025-02-17
400,349500000,2025-01-28
401,257800000,2025-09-19
402,327200000,2025-03-05
403,169000000,2024-03-24
404,80900000,2024-09-22
405,209500000,2024-02-13
406,121100000,2024-10-13
407,335100000,2024-06-15
408,109200000,2024-05-17
409,328200000,2024-08-14
410,363400000,2024-11-26
411,253300000,2024-07-01
412,199700000,2023-12-27
413,254500000,2024-05-09
414,55400000,2023-10-22
415,155000000,2025-08-12
416,148600000,2024-05-04
417,346200000,2025-10-10
418,397200000,2024-02-28
419,237200000,2024-10-29
420,160100000,2025-08-26
421,183800000,2023-10-29
422,331900000,2024-11-19
423,416100000,2024-03-14
424,114800000,2023-11-07
425,389100000,2024-10-07
426,134300000,2024-05-19
427,135100000,2025-08-10
428,73400000,2024-01-13
429,406300000,2025-05-15
430,262800000,2023-12-03
431,440800000,2024-12-14
432,373300000,2024-07-29
433,283200000,2023-11-24
434,420900000,2024-09-06
435,281100000,2025-07-29
436,454300000,2024-02-07
437,95900000,2024-07-30
438,365200000,2025-06-05
439,437300000,2025-01-10
440,212700000,2024-10-16
441,187100000,2023-11-05
442,354200000,2025-06-27
443,176000000,2024-09-07
444,359400000,2023-12-30
445,315100000,2024-02-22
446,265700000,2025-02-02
447,205500000,2025-07-20
448,85800000,2024-09-27
449,368300000,2024-10-27
450,452500000,2024-06-23
451,267700000,2024-12-26
452,485500000,2025-01-28
453,425700000,2025-02-07
454,338600000,2025-04-13
455,258100000,2024-02-15
456,297200000,2024-01-16
457,127200000,2024-12-06
458,125200000,2023-10-08
459,296000000,2024-08-25
460,391200000,2025-04-18
461,311500000,2024-11-05
462,231900000,2025-07-28
463,119600000,2024-11-30
464,479400000,2025-02-26
465,312700000,2024-08-17
466,213500000,2024-10-18
467,285600000,2024-11-15
468,499500000,2025-01-05
469,189500000,2024-05-03
470,345000000,2024-03-27
471,447000000,2025-03-22
472,323200000,2024-05-15
473,100700000,2024-11-20
474,476500000,2024-01-23
475,417900000,2025-08-14
476,168900000,2025-05-13
477,74100000,2023-11-08
478,268600000,2024-07-14
479,461500000,2025-05-24
480,384700000,2024-03-11
481,451300000,2025-09-19
482,476500000,2023-12-28
483,205500000,2024-04-05
484,473500000,2024-04-14
485,388700000,2024-01-03
486,151200000,2025-04-30
487,743990066,2025-03-14
488,393700000,2024-12-09
489,60000000,2025-03-05
490,421700000,2025-01-28
491,90000000,2024-05-19
492,196000000,2025-09-27
493,351900000,2024-12-17
494,319600000,2024-09-13
495,446200000,2025-08-10
496,456600000,2024-03-04
497,146600000,2023-10-27
498,280700000,2025-10-03
499,193800000,2024-10-10
500,489800000,2024-10-24
501,488900000,2024-09-29
502,369100000,2025-07-20
503,420200000,2024-02-17
504,464500000,2025-04-23
505,167300000,2025-05-18
506,53300000,2024-11-30
507,68400000,2025-01-10
508,411300000,2024-10-25
509,272000000,2024-08-05
510,156500000,2024-01-01
511,371000000,2025-10-13
512,431400000,2024-04-29
513,435400000,2024-09-30
514,833606123,2024-05-24
515,137600000,2024-05-21
516,445100000,2023-12-12
517,448600000,2024-05-26
518,107000000,2025-04-03
519,50100000,2025-03-28
520,295500000,2024-07-11
521,352400000,2024-02-28
522,310600000,2024-02-03
523,345100000,2024-09-09
524,167900000,2025-05-18
525,197200000,2025-05-22
526,461000000,2024-11-28
527,115500000,2025-04-27
528,113900000,2025-09-29
529,321500000,2023-11-15
530,188500000,2024-03-04
531,256400000,2024-01-21
532,352900000,2025-08-18
533,168800000,2024-01-10
534,94500000,2023-11-27
535,361100000,2025-06-16
536,362900000,2024-02-03
537,273300000,2024-09-05
538,298309986,2024-11-22
539,337900000,2025-04-06
540,149700000,2024-05-03
541,257500000,2024-12-07
542,277100000,2024-08-26
543,452800000,2024-11-29
544,228900000,2025-10-03
545,415200000,2024-05-31
546,370500000,2025-06-18
547,149200000,2024-07-19
548,115900000,2025-08-04
549,206400000,2023-11-18
550,245300000,2025-03-12
551,327900000,2024-01-29
552,109000000,2024-12-05
553,61700000,2025-08-09
554,143500000,2024-05-13
555,497100000,2024-12-17
556,187600000,2024-04-18
557,179200000,2024-01-09
558,390900000,2025-10-08
559,385778324,2025-07-15
560,146200000,2024-04-23
561,93400000,2024-01-10
562,283500000,2024-09-30
563,869918385,2024-05-04
564,317100000,2024-09-11
565,94500000,2024-04-05
566,215600000,2024-10-09
567,230100000,2025-07-25
568,227300000,2024-12-19
569,232100000,2024-03-22
570,398700000,2025-03-20
571,383100000,2024-08-15
572,69900000,2023-11-05
573,484900000,2025-01-26
574,92200000,2023-11-25
575,217700000,2025-06-16
576,234600000,2025-04-05
577,435100000,2024-02-07
578,121500000,2024-02-18
579,171200000,2024-04-18
580,438200000,2025-08-18
581,240300000,2025-09-11
582,301000000,2024-08-29
583,488500000,2024-02-07
584,153600000,2024-04-09
585,487100000,2025-02-19
586,292100000,2025-08-16
587,164200000,2024-11-01
588,277600000,2024-05-19
589,469000000,2025-08-12
590,415000000,2025-06-24
591,120500000,2024-10-20
592,389500000,2024-06-08
593,297300000,2025-10-12
594,151700000,2025-05-09
595,453900000,2025-03-27
596,469800000,2024-07-25
597,93300000,2025-05-27
598,470900000,2024-10-25
599,272300000,2024-05-13
600,328700000,2024-10-26
601,775575242,2023-11-27
602,311084465,2025-09-04
603,114300000,2024-05-18
604,76800000,2024-11-23
605,218200000,2023-11-04
606,338500000,2024-06-12
607,483200000,2024-06-11
608,350200000,2025-01-08
609,383800000,2024-11-18
610,117300000,2025-05-13
611,439600000,2024-09-02
612,378100000,2024-03-07
613,150500000,2024-03-02
614,468900000,2024-10-27
615,161833382,2025-07-08
616,112600000,2024-08-27
617,75800000,2023-11-09
618,184400000,2024-04-12
619,465000000,2024-08-02
620,155000000,2025-03-23
621,387400000,2023-10-01
622,326500000,2023-09-22
623,68200000,2025-04-17
624,186500000,2024-05-17
625,88900000,2025-06-17
626,399800000,2024-01-13
627,255800000,2024-02-21
628,269400000,2025-02-12
629,406600000,2025-06-09
630,382400000,2025-05-21
631,215400000,2024-07-12
632,118700000,2024-11-26
633,477500000,2024-06-18
634,243200000,2023-11-28
635,451700000,2024-07-06
636,347300000,2023-11-12
637,246300000,2023-12-24
638,259300000,2025-03-12
639,382800000,2025-08-11
640,464700000,2024-04-22
641,52500000,2024-04-28
642,386100000,2025-03-25
643,119100000,2024-02-21
644,122800000,2024-04-02
645,351400000,2025-04-17
646,285800000,2024-05-27
647,169500000,2024-12-09
648,314800000,2024-06-07
649,435700000,2025-06-27
650,297800000,2025-04-20
651,327800000,2023-12-15
652,458900000,2025-08-09
653,185100000,2025-02-10
654,94700000,2025-05-13
655,453800000,2025-01-24
656,197900000,2024-10-13
657,251600000,2024-12-04
658,136800000,2024-02-07
659,316100000,2023-12-22
660,107900000,2025-05-27
661,183400000,2023-12-24
662,157500000,2024-08-03
663,123900000,2024-06-21
664,429700000,2024-01-05
665,408200000,2024-09-09
666,112600000,2023-12-31
667,143300000,2024-03-24
668,307100000,2024-12-28
669,137100000,2024-07-30
670,298000000,2023-12-12
671,63000000,2024-12-18
672,120500000,2025-08-11
673,66000000,2024-05-06
674,390500000,2025-06-15
675,239900000,2024-12-25
676,455300000,2025-03-24
677,327800000,2024-02-10
678,436900000,2024-05-15
679,453100000,2023-11-30
680,343900000,2024-04-22
681,148800000,2024-10-12
682,91300000,2024-04-22
683,84300000,2024-12-22
684,131300000,2024-09-08
685,250900000,2024-05-22
686,174100000,2024-07-15
687,74300000,2025-07-11
688,405500000,2024-07-08
689,306900000,2024-06-03
690,332800000,2024-10-12
691,369400000,2024-07-24
692,69100000,2025-05-10
693,262700000,2024-05-24
694,421200000,2025-07-23
695,359300000,2023-12-28
696,664478955,2025-01-12
697,266000000,2025-03-21
698,155900000,2025-04-30
699,147200000,2024-08-23
700,299700000,2025-07-09
701,89800000,2024-01-15
702,105300000,2024-04-30
703,163400000,2025-06-12
704,412900000,2024-09-03
705,207600000,2025-01-23
706,461700000,2024-11-11
707,119300000,2025-06-11
708,389900000,2025-01-08
709,123400000,2025-06-12
710,294100000,2024-02-13
711,243700000,2024-12-15
712,383400000,2025-06-04
713,251700000,2023-09-27
714,166600000,2024-04-20
715,430600000,2024-12-28
716,361400000,2024-09-04
717,164400000,2024-10-01
718,273600000,2024-01-27
719,86354458,2024-11-01
720,339100000,2024-09-06
721,208000000,2025-06-18
722,241900000,2024-05-12
723,140800000,2025-06-12
724,103500000,2024-09-28
725,486500000,2023-12-24
726,404300000,2024-05-22
727,768917306,2023-11-05
728,211200000,2025-08-10
729,255100000,2025-03-10
730,128300000,2024-10-20
731,100700000,2024-06-13
732,379000000,2024-09-17
733,328200000,2025-01-13
734,208600000,2025-02-21
735,86100000,2023-10-30
736,330900000,2024-09-27
737,331600000,2024-07-21
738,432800000,2024-03-25
739,84500000,2025-01-11
740,357900000,2024-02-03
741,166600000,2024-03-19
742,229300000,2024-04-22
743,132800000,2025-02-12
744,355000000,2025-02-05
745,310400000,2024-06-22
746,252400000,2025-01-10
747,467100000,2025-09-04
748,79900000,2025-03-14
749,258500000,2023-12-16
750,431100000,2024-01-07
751,565738718,2025-03-20
752,81300000,2024-08-20
753,494900000,2024-12-18
754,375600000,2024-02-15
755,306400000,2025-04-15
756,155100000,2024-10-26
757,317100000,2024-02-05
758,362300000,2025-02-07
759,126300000,2023-09-29
760,106900000,2024-02-22
761,351900000,2025-02-25
762,156400000,2025-04-09
763,166800000,2025-04-22
764,124600000,2024-02-16
765,425000000,2025-07-04
766,274200000,2023-11-17
767,352000000,2024-12-20
768,428600000,2025-06-21
769,317900000,2024-12-09
770,164800000,2024-12-08
771,487900000,2025-06-16
772,195700000,2024-12-09
773,369900000,2024-12-16
774,450828424,2023-11-29
775,186800000,2025-08-10
776,240300000,2024-04-13
777,230300000,2024-09-27
778,489200000,2024-03-28
779,322000000,2025-08-23
780,363200000,2024-02-18
781,303000000,2025-05-27
782,292900000,2025-07-08
783,319200000,2024-12-17
784,69400000,2024-02-09
785,232200000,2024-05-12
786,174422695,2025-07-21
787,399100000,2024-02-09
788,298300000,2024-05-23
789,376200000,2024-04-18
790,490000000,2025-07-01
791,161900000,2024-10-07
792,373200000,2025-02-10
793,209100000,2024-10-15
794,252100000,2024-08-28
795,170700000,2025-04-14
796,375700000,2024-09-29
797,302200000,2025-08-31
798,221600000,2025-02-04
799,480000000,2025-06-17
800,212200000,2024-03-05
801,207100000,2024-10-25
802,549303277,2025-07-15
803,84200000,2024-11-09
804,331000000,2024-12-16
805,163700000,2025-09-07
806,203900000,2023-12-17
807,446900000,2023-12-21
808,476000000,2024-10-14
809,187600000,2024-03-16
810,136400000,2024-01-22
811,161200000,2025-03-03
812,331100000,2023-12-31
813,121800000,2023-11-27
814,735666938,2025-05-03
815,373800000,2025-02-21
816,169400000,2023-10-25
817,226700000,2023-12-04
818,521878756,2024-11-18
819,370600000,2023-10-05
820,94300000,2025-08-08
821,228600000,2024-10-27
822,358400000,2024-07-14
823,146100000,2024-01-06
824,450200000,2025-08-06
825,145500000,2024-08-15
826,198300000,2023-12-17
827,382000000,2025-01-31
828,198000000,2024-06-09
829,78600000,2025-09-13
830,87800000,2025-08-28
831,490900000,2025-09-18
832,295500000,2025-04-25
833,110900000,2024-07-21
834,398400000,2025-05-30
835,468900000,2024-04-22
836,485300000,2024-11-17
837,274100000,2025-05-22
838,128200000,2024-03-06
839,440600000,2024-03-18
840,254000000,2025-02-22
841,476400000,2024-10-13
842,246600000,2024-03-19
843,397300000,2024-11-02
844,398100000,2025-09-20
845,193200000,2024-08-08
846,254600000,2024-06-27
847,372400000,2025-06-05
848,427100000,2023-09-23
849,453000000,2023-09-30
850,356600000,2023-10-22
851,405500000,2024-11-22
852,373200000,2025-04-30
853,455900000,2025-03-29
854,459600000,2025-01-23
855,252900000,2025-01-12
856,212500000,2023-11-20
857,378700000,2024-10-21
858,231600000,2024-12-02
859,312000000,2024-12-09
860,279500000,2025-03-17
861,321300000,2023-12-11
862,148500000,2025-10-09
863,296900000,2024-09-09
864,334500000,2024-06-22
865,479000000,2023-09-21
866,205800000,2024-02-28
867,378300000,2024-10-21
868,298500000,2024-02-04
869,289000000,2025-05-02
870,487900000,2025-06-11
871,384500000,2025-06-01
872,194700000,2024-12-09
873,412200000,2025-04-23
874,426300000,2024-10-12
875,372900000,2024-06-25
876,132100000,2025-08-26
877,85800000,2024-07-09
878,119600000,2025-06-08
879,495200000,2024-03-13
880,134000000,2023-10-24
881,365700000,2023-10-30
882,342700000,2024-07-27
883,198500000,2025-10-15
884,352300000,2024-04-17
885,312300000,2024-09-18
886,154400000,2025-07-03
887,363900000,2024-01-15
888,481600000,2024-03-15
889,346800000,2023-10-23
890,394900000,2025-07-26
891,354400000,2025-06-09
892,165700000,2023-12-13
893,435100000,2023-11-06
894,76300000,2024-05-04
895,261300000,2025-05-22
896,477200000,2024-10-22
897,113200000,2025-05-23
898,113700000,2024-01-26
899,103500000,2023-10-11
900,446300000,2025-02-04
901,370000000,2023-10-26
902,69400000,2024-01-06
903,114500000,2024-03-27
904,416500000,2023-11-19
905,457500000,2023-12-27
906,189000000,2025-08-24
907,261300000,2025-04-25
908,411100000,2025-05-03
909,250500000,2024-10-16
910,232700000,2023-11-13
911,138700000,2024-10-01
912,236295781,2024-05-24
913,101100000,2025-09-26
914,194200000,2024-05-20
915,200700000,2024-03-31
916,407800000,2024-01-18
917,315200000,2024-02-24
918,382900000,2024-09-22
919,394200000,2024-08-29
920,348000000,2024-07-17
921,338500000,2024-06-24
922,494600000,2025-08-15
923,386900000,2024-02-19
924,223500000,2024-03-20
925,388200000,2024-01-09
926,301800000,2024-08-09
927,175600000,2025-03-22
928,207800000,2025-06-11
929,131500000,2024-07-28
930,71000000,2023-12-30
931,156900000,2025-07-15
932,359700000,2023-10-07
933,140800000,2023-12-27
934,220300000,2024-06-27
935,376040751,2025-10-04
936,179700000,2023-11-07
937,227100000,2025-06-13
938,153600000,2025-08-18
939,208100000,2023-11-28
940,449600000,2024-02-26
941,418100000,2025-06-26
942,314300000,2023-10-18
943,150100000,2024-03-08
944,282300000,2025-08-22
945,454600000,2024-05-11
946,243600000,2023-11-17
947,80300000,2025-01-27
948,296500000,2024-08-21
949,294400000,2023-12-08
950,58500000,2024-08-17
951,93000000,2024-02-19
952,360900000,2025-01-20
953,477400000,2024-08-15
954,117800000,2024-11-21
955,433500000,2025-08-25
956,463200000,2024-06-09
957,396500000,2024-03-04
958,63500000,2024-12-18
959,340300000,2025-09-07
960,90200000,2025-06-27
961,474800000,2024-07-25
962,268000000,2024-01-29
963,455600000,2025-02-24
964,300100000,2024-11-08
965,438700000,2024-12-05
966,437100000,2025-10-12
967,126900000,2024-04-02
968,338800000,2025-07-01
969,230400000,2025-04-10
970,219000000,2024-12-15
971,481600000,2024-11-27
972,150700000,2024-11-14
973,478500000,2023-12-05
974,62700000,2023-11-02
975,90800000,2023-09-29
976,796966500,2025-05-31
977,304500000,2025-04-09
978,296600000,2023-12-06
979,306600000,2024-12-31
980,394800000,2025-07-18
981,93800000,2023-12-01
982,119300000,2025-01-19
983,99800000,2024-06-03
984,161700000,2024-01-20
985,175300000,2025-02-02
986,149700000,2025-03-24
987,871831753,2024-04-18
988,287500000,2024-08-06
989,171300000,2024-01-23
990,164100000,2025-03-26
991,470200000,2025-07-24
992,105800000,2024-02-23
993,335100000,2025-08-30
994,459100000,2025-03-08
995,394100000,2025-09-14
996,192500000,2024-06-18
997,408400000,2024-07-23
998,128800000,2025-01-17
999,205700000,2024-09-21
1000,108000000,2024-03-24
1001,68400000,2024-06-25
1002,474100000,2025-04-17
1003,74500000,2024-07-18
1004,243000000,2024-02-23
1005,442200000,2025-07-28
1006,441200000,2024-11-22
1007,487600000,2025-07-28
1008,402000000,2024-01-22
1009,58200000,2025-07-12
1010,96400000,2023-09-28
1011,442100000,2023-12-05
1012,413300000,2024-03-10
1013,333900000,2025-05-10
1014,150500000,2024-06-08
1015,67400000,2025-04-17
1016,365100000,2025-02-23
1017,75600000,2024-01-12
1018,96700000,2024-07-10
1019,183100000,2024-08-08
1020,494600000,2024-04-06
1021,312900000,2024-04-10
1022,443300000,2024-08-07
1023,102400000,2024-02-27
1024,170300000,2023-09-27
1025,309900000,2024-04-29
1026,139400000,2024-03-16
1027,390700000,2024-03-07
1028,356900000,2023-12-22
1029,137000000,2024-06-08
1030,113300000,2024-10-30
1031,309600000,2025-02-08
1032,144500000,2024-02-27
1033,417700000,2024-07-01
1034,116700000,2023-10-24
1035,265700000,2024-10-06
1036,109800000,2025-07-16
1037,147500000,2024-01-27
1038,417700000,2025-03-29
1039,174700000,2025-05-13
1040,240200000,2024-12-19
1041,402600000,2025-07-16
1042,274300000,2024-11-09
1043,72400000,2024-10-18
1044,216400000,2024-08-09
1045,414000000,2024-12-02
1046,110900000,2023-12-30
1047,205900000,2024-02-27
1048,230300000,2023-12-27
1049,472900000,2023-11-10
1050,361500000,2025-07-02
1051,342500000,2024-05-30
1052,144800000,2024-08-19
1053,450700000,2024-11-13
1054,264300000,2024-11-15
1055,302700000,2025-05-23
1056,67200000,2025-05-31
1057,178600000,2024-09-11
1058,61100000,2024-11-30
1059,77600000,2025-10-18
1060,66500000,2025-06-20
1061,315100000,2025-08-13
1062,358400000,2024-05-08
1063,372400000,2025-01-12
1064,375500000,2023-11-09
1065,188600000,2024-08-25
1066,98200000,2023-10-30
1067,269600000,2025-04-19
1068,205852934,2025-05-30
1069,81900000,2025-09-16
1070,406700000,2024-07-12
1071,354100000,2024-05-14
1072,58000000,2025-08-15
1073,490500000,2024-05-30
1074,61500000,2024-05-04
1075,174800000,2024-02-14
1076,320400000,2025-09-27
1077,227300000,2025-05-01
1078,162200000,2025-07-21
1079,359000000,2025-06-08
1080,186000000,2024-06-23
1081,406600000,2024-01-17
1082,58700000,2024-02-04
1083,273600000,2025-07-22
1084,422300000,2023-11-16
1085,194900000,2025-09-19
1086,495700000,2024-05-21
1087,350000000,2024-11-01
1088,118700000,2025-03-05
1089,431900000,2024-08-01
1090,188700000,2024-02-18
1091,285100000,2024-06-24
1092,262400000,2025-05-15
1093,80000000,2023-10-11
1094,330300000,2024-03-02
1095,263600000,2025-08-18
1096,77700000,2025-03-12
1097,203200000,2025-02-27
1098,377100000,2023-11-11
1099,394800000,2025-09-23
1100,164300000,2024-12-23
1101,891939959,2024-04-06
1102,407600000,2025-04-29
1103,224000000,2025-09-04
1104,377500000,2024-10-14
1105,242600000,2024-09-07
1106,297300000,2025-07-23
1107,443700000,2025-01-02
1108,333600000,2024-11-06
1109,59400000,2024-05-24
1110,461200000,2023-11-20
1111,173100000,2025-03-06
1112,451000000,2024-05-13
1113,494600000,2024-01-31
1114,342600000,2025-09-03
1115,403100000,2025-03-06
1116,355300000,2025-05-09
1117,396100000,2024-06-13
1118,471100000,2024-09-03
1119,275100000,2024-12-23
1120,383500000,2024-07-15
1121,234100000,2025-01-22
1122,330900000,2024-11-06
1123,369500000,2025-06-29
1124,299000000,2024-06-08
1125,282500000,2024-01-03
1126,223100000,2025-03-02
1127,311600000,2024-04-12
1128,284500000,2025-04-22
1129,364000000,2025-06-10
1130,68700000,2024-05-06
1131,425000000,2024-09-16
1132,219500000,2023-12-04
1133,250500000,2024-09-11
1134,391600000,2024-01-16
1135,289900000,2024-06-14
1136,401000000,2025-08-03
1137,445300000,2024-03-28
1138,262900000,2024-12-17
1139,231000000,2024-06-27
1140,176500000,2024-10-02
1141,298100000,2024-06-26
1142,359600000,2024-09-06
1143,219100000,2025-06-12
1144,479300000,2024-10-18
1145,488000000,2025-01-05
1146,250700000,2024-07-31
1147,330579866,2024-07-19
1148,145300000,2024-11-04
1149,412600000,2023-10-31
1150,471200000,2024-02-22
1151,141300000,2025-02-09
1152,196400000,2025-03-21
1153,208500000,2024-01-02
1154,222200000,2024-10-15
1155,473000000,2024-03-08
1156,323300000,2024-05-19
1157,95300000,2025-04-06
1158,69300000,2024-06-19
1159,181400000,2024-07-19
1160,98500000,2025-05-02
1161,174300000,2025-09-20
1162,485000000,2024-03-14
1163,225900000,2024-03-22
1164,164900000,2024-02-14
1165,463000000,2025-04-19
1166,470600000,2025-08-30
1167,320600000,2025-01-28
1168,65400000,2025-02-15
1169,175000000,2023-11-06
1170,106700000,2024-09-04
1171,240800000,2024-12-01
1172,70800000,2025-04-25
1173,152100000,2025-04-09
1174,309500000,2024-08-07
1175,63200000,2024-05-02
1176,296300000,2024-09-11
1177,195200000,2025-03-31
1178,290000000,2024-04-27
1179,183000000,2024-10-26
1180,78000000,2025-06-02
1181,179500000,2024-02-28
1182,390000000,2024-05-05
1183,128900000,2024-12-15
1184,127600000,2025-04-06
1185,296600000,2024-04-22
1186,365400000,2025-02-24
1187,59500000,2025-07-12
1188,146500000,2024-02-05
1189,129000000,2023-12-11
1190,424700000,2025-03-09
1191,463400000,2024-05-29
1192,480500000,2023-11-21
1193,356700000,2025-08-29
1194,278000000,2024-07-11
1195,50200000,2025-05-18
1196,248600000,2025-07-29
1197,165000000,2025-08-19
1198,318200000,2024-06-11
1199,294700000,2025-02-13
1200,142400000,2024-07-06
1201,247600000,2024-01-21
1202,393700000,2024-09-21
1203,248800000,2025-03-26
1204,84400000,2025-03-17
1205,345400000,2024-01-29
1206,376600000,2024-01-18
1207,130900000,2025-05-27
1208,315800000,2024-02-14
1209,335500000,2025-06-08
1210,309300000,2025-08-26
1211,215600000,2025-09-16
1212,304300000,2025-09-04
1213,124100000,2023-11-27
1214,290700000,2025-02-20
1215,274200000,2025-04-24
1216,249600000,2025-03-14
1217,474800000,2024-11-14
1218,113100000,2024-09-25
1219,488500000,2024-07-13
1220,427000000,2025-07-20
1221,97100000,2023-11-04
1222,256400000,2025-08-15
1223,320700000,2025-08-18
1224,283229293,2025-05-19
1225,455400000,2024-03-22
1226,199900000,2023-12-04
1227,235600000,2024-11-16
1228,148837722,2025-07-09
1229,191200000,2024-09-12
1230,411000000,2023-11-29
1231,305300000,2024-06-25
1232,326300000,2025-05-16
1233,471887283,2024-08-19
1234,481900000,2024-12-19
1235,289900000,2025-07-10
1236,368500000,2025-09-20
1237,301500000,2025-03-08
1238,204200000,2024-08-01
1239,130800000,2025-07-11
1240,87000000,2025-01-02
1241,320900000,2025-04-03
1242,261500000,2024-01-13
1243,277800000,2023-10-31
1244,107700000,2025-08-05
1245,376200000,2024-08-02
1246,214400000,2025-09-06
1247,248000000,2024-02-14
1248,409331547,2024-04-04
1249,370500000,2024-03-06
1250,325100000,2024-03-24
1251,498200000,2025-03-24
1252,81400000,2025-05-05
1253,367400000,2025-09-13
1254,366200000,2025-05-30
1255,422000000,2025-02-12
1256,295600000,2024-02-07
1257,394900000,2024-11-23
1258,251500000,2025-07-05
1259,435200000,2025-09-16
1260,408723577,2025-03-25
1261,173400000,2025-05-17
1262,237180368,2024-07-10
1263,224400000,2024-10-26
1264,174500000,2025-02-04
1265,142800000,2024-08-13
1266,437300000,2024-08-28
1267,328300000,2024-07-31
1268,312700000,2024-06-19
1269,188400000,2025-04-17
1270,301100000,2024-03-06
1271,322700000,2025-04-05
1272,368100000,2025-04-28
1273,264200000,2024-11-22
1274,750170757,2025-06-10
1275,280298828,2025-01-22
1276,330299096,2025-02-27
1277,53100000,2025-08-05
1278,211600000,2024-12-05
1279,727345407,2024-07-14
1280,236500000,2025-03-21
1281,332400000,2024-05-16
1282,331900000,2025-02-27
1283,264900000,2025-07-15
1284,84900000,2024-03-16
1285,393700000,2024-08-04
1286,173700000,2025-01-07
1287,457400000,2025-05-14
1288,1101865281,2024-03-17
1289,302300000,2025-03-21
1290,352700000,2024-07-09
1291,440000000,2024-12-18
1292,244100000,2025-05-16
1293,483500000,2025-02-20
1294,98300000,2025-08-18
1295,312100000,2025-06-08
1296,209600000,2024-09-08
1297,70700000,2024-02-29
1298,178500000,2023-12-18
1299,314400000,2024-08-28
1300,374000000,2024-02-07
1301,158000000,2023-09-23
1302,125200000,2025-04-05
1303,479800000,2024-02-21
1304,236200000,2025-06-07
1305,84500000,2024-10-05
1306,467900000,2023-12-18
1307,55800000,2024-03-31
1308,280500000,2023-11-26
1309,147600000,2024-08-27
1310,213900000,2024-08-08
1311,227600000,2024-03-13
1312,370100000,2024-06-25
1313,59100000,2024-03-17
1314,206200000,2024-10-06
1315,148300000,2023-12-22
1316,120500000,2024-04-21
1317,375600000,2023-11-07
1318,216000000,2025-09-03
1319,450200000,2024-05-14
1320,496100000,2023-10-23
1321,334600000,2024-11-26
1322,162700000,2024-10-22
1323,492500000,2025-09-13
1324,141600000,2024-11-16
1325,235700000,2024-02-19
1326,478500000,2023-10-22
1327,50400000,2025-02-18
1328,347931393,2025-07-04
1329,395600000,2024-11-01
1330,441900000,2025-05-26
1331,364300000,2024-09-28
1332,121100000,2023-11-22
1333,78100000,2024-03-12
1334,464700000,2024-12-29
1335,473300000,2024-08-10
1336,112900000,2025-01-12
1337,454100000,2024-06-26
1338,69300000,2025-03-30
1339,77400000,2023-10-12
1340,438800000,2025-04-28
1341,210900000,2025-03-31
1342,215800000,2025-10-14
1343,484600000,2024-05-01
1344,441800000,2024-05-21
1345,441300000,2024-08-18
1346,382900000,2024-01-30
1347,442600000,2024-01-20
1348,404500000,2025-02-19
1349,280000000,2025-03-11
1350,162400000,2024-12-04
1351,306400000,2023-12-30
1352,474000000,2025-01-05
1353,217400000,2024-11-12
1354,199900000,2024-05-27
1355,392766846,2024-03-17
1356,468700000,2024-01-02
1357,346000000,2024-03-02
1358,154300000,2024-03-22
1359,277000000,2025-02-27
1360,230100000,2025-07-27
1361,448300000,2025-02-18
1362,137900000,2024-05-20
1363,173100000,2024-01-04
1364,313800000,2024-06-17
1365,380900000,2025-03-10
1366,102900000,2024-05-13
1367,408200000,2025-09-02
1368,79700000,2024-11-09
1369,255100000,2025-01-29
1370,237600000,2024-11-27
1371,396700000,2025-06-11
1372,487400000,2024-03-07
1373,190700000,2024-03-21
1374,434200000,2024-05-20
1375,182700000,2025-02-23
1376,493500000,2024-10-03
1377,153400000,2025-06-11
1378,449100000,2024-12-31
1379,63400000,2025-02-09
1380,251000000,2025-07-01
1381,113900000,2025-09-04
1382,59000000,2024-05-17
1383,69700000,2025-09-11
1384,409100000,2025-02-14
1385,359500000,2025-06-15
1386,275900000,2025-08-14
1387,399700000,2024-11-19
1388,267500000,2025-02-13
1389,434100000,2024-08-15
1390,250900000,2024-01-09
1391,261000000,2024-10-25
1392,388000000,2024-07-10
1393,96600000,2025-02-15
1394,448500000,2025-05-16
1395,325300000,2024-09-15
1396,172900000,2024-11-28
1397,627006559,2025-04-23
1398,189200000,2023-11-12
1399,283000000,2024-03-25
1400,372200000,2024-08-06
1401,392400000,2025-03-02
1402,80100000,2025-08-23
1403,281400000,2024-10-16
1404,221800000,2023-11-03
1405,369100000,2025-04-21
1406,200700000,2025-07-06
1407,246600000,2024-07-16
1408,345500000,2025-01-02
1409,322300000,2024-05-10
1410,406300000,2024-10-18
1411,64600000,2025-07-26
1412,308100000,2025-06-03
1413,231600000,2024-10-29
1414,274100000,2024-02-12
1415,456800000,2024-11-25
1416,61600000,2024-01-20
1417,260600000,2024-07-01
1418,112400000,2025-02-05
1419,149400000,2025-07-06
1420,194500000,2024-10-05
1421,477600000,2024-03-22
1422,223900000,2025-02-24
1423,367200000,2024-03-20
1424,64000000,2025-01-09
1425,476400000,2024-01-01
1426,309700000,2025-08-29
1427,261500000,2023-11-10
1428,383300000,2025-09-16
1429,346900000,2024-09-08
1430,90200000,2025-08-28
1431,132200000,2024-02-28
1432,162100000,2025-08-21
1433,382500000,2024-04-05
1434,63700000,2025-05-28
1435,203600000,2025-02-03
1436,387100000,2024-02-03
1437,51100000,2024-12-29
1438,239100000,2024-04-22
1439,276500000,2024-02-01
1440,170400000,2024-03-09
1441,219300000,2025-04-06
1442,793096909,2025-02-09
1443,399100000,2024-11-01
1444,275700000,2025-08-09
1445,448000000,2025-05-22
1446,272600000,2024-10-08
1447,256500000,2025-07-26
1448,318100000,2024-11-15
1449,398000000,2025-08-27
1450,250600000,2024-08-31
1451,112400000,2025-05-30
1452,161100000,2025-01-03
1453,148500000,2024-09-03
1454,489800000,2024-09-30
1455,451000000,2024-05-14
1456,335800000,2024-05-03
1457,207700000,2025-04-30
1458,211900000,2024-01-22
1459,758183375,2024-07-28
1460,138900000,2024-07-28
1461,476100000,2024-02-11
1462,191000000,2024-04-17
1463,357600000,2024-11-27
1464,442600000,2025-04-06
1465,153500000,2024-08-30
1466,480100000,2024-02-17
1467,123200000,2024-03-30
1468,326600000,2025-06-22
1469,116400000,2025-07-12
1470,462800000,2024-09-07
1471,285200000,2024-02-28
1472,83000000,2025-05-15
1473,122600000,2024-02-15
1474,469100000,2025-07-08
1475,84300000,2024-09-14
1476,480700000,2023-11-21
1477,483500000,2024-04-16
1478,203700000,2025-01-11
1479,477300000,2025-10-18
1480,156900000,2024-05-23
1481,369600000,2025-05-27
1482,352300000,2024-09-03
1483,288000000,2025-08-04
1484,275600000,2024-03-09
1485,288600000,2024-10-28
1486,165800000,2025-03-25
1487,247500000,2024-03-26
1488,112900000,2023-12-26
1489,58700000,2024-06-12
1490,479100000,2025-01-02
1491,52500000,2023-10-17
1492,150900000,2024-12-16
1493,484000000,2024-07-13
1494,226600000,2024-12-28
1495,79800000,2025-09-20
1496,326400000,2024-04-27
1497,84500000,2024-10-11
1498,366400000,2024-10-25
1499,92600000,2023-12-21
1500,479600000,2025-07-24
1501,208900000,2025-04-14
1502,151600000,2024-12-19
1503,287000000,2025-04-22
1504,423700000,2025-03-02
1505,209200000,2024-09-25
1506,384000000,2023-12-02
1507,412000000,2025-03-24
1508,249800000,2024-09-07
1509,166700000,2024-11-27
1510,405600000,2024-04-14
1511,398900000,2024-07-25
1512,268700000,2024-12-21
1513,50800000,2024-06-07
1514,116500000,2025-08-26
1515,115600000,2024-03-17
1516,386800000,2025-04-19
1517,97600000,2025-04-12
1518,453100000,2024-03-13
1519,68600000,2025-07-24
1520,123000000,2024-01-30
1521,430300000,2025-09-04
1522,395600000,2025-02-10
1523,228700000,2025-08-03
1524,89100000,2025-02-06
1525,420000000,2025-08-14
1526,202900000,2024-11-05
1527,133800000,2024-05-11
1528,241500000,2025-04-29
1529,384500000,2023-12-10
1530,379800000,2024-10-11
1531,190000000,2024-10-25
1532,491600000,2025-08-22
1533,318100000,2024-01-30
1534,493800000,2024-05-14
1535,494200000,2025-04-01
1536,867062915,2024-12-23
1537,416600000,2024-08-05
1538,102000000,2024-03-03
1539,464300000,2024-03-21
1540,479500000,2025-02-11
1541,369600000,2024-03-14
1542,330600000,2024-03-03
1543,159000000,2024-07-07
1544,202800000,2024-09-25
1545,380600000,2025-01-14
1546,463200000,2025-04-15
1547,315700000,2024-12-16
1548,985690891,2024-03-11
1549,270400000,2024-09-25
1550,137800000,2024-09-11
1551,416400000,2025-08-21
1552,339800000,2025-04-25
1553,441500000,2024-05-16
1554,390800000,2024-09-03
1555,163200000,2023-11-17
1556,195600000,2024-10-24
1557,267434816,2025-04-13
1558,157400000,2024-06-24
1559,443600000,2024-07-14
1560,366000000,2024-01-14
1561,388500000,2025-01-03
1562,480700000,2024-03-09
1563,153400000,2024-06-30
1564,123600000,2025-06-04
1565,380900000,2024-07-13
1566,267600000,2024-10-11
1567,468500000,2025-03-08
1568,149000000,2025-02-11
1569,73900000,2025-08-06
1570,298300000,2024-01-29
1571,312300000,2024-06-06
1572,229200000,2025-03-30
1573,458000000,2024-04-19
1574,433800000,2025-05-29
1575,157000000,2024-10-12
1576,1128011285,2024-02-16
1577,354900000,2025-04-13
1578,243500000,2025-05-16
1579,68700000,2024-01-28
1580,468900000,2023-12-06
1581,126100000,2024-12-04
1582,427100000,2025-05-09
1583,363400000,2025-05-08
1584,483400000,2024-04-13
1585,489200000,2023-12-26
1586,283000000,2024-04-01
1587,284800000,2024-09-01
1588,225800000,2024-11-15
1589,166200000,2023-10-30
1590,262400000,2025-08-31
1591,182600000,2025-08-04
1592,403200000,2024-12-06
1593,330400000,2025-03-15
1594,152100000,2025-01-06
1595,412700000,2025-02-04
1596,162100000,2024-11-17
1597,147000000,2025-08-18
1598,123700000,2024-11-05
1599,416800000,2024-10-04
1600,384700000,2024-08-25
1601,453000000,2024-05-14
1602,198800000,2024-12-03
1603,54400000,2024-06-08
1604,372400000,2023-10-09
1605,439100000,2024-05-25
1606,91400000,2025-06-20
1607,243200000,2025-05-25
1608,84600000,2024-02-06
1609,212700000,2024-07-20
1610,227100000,2025-04-19
1611,143300000,2024-02-29
1612,164300000,2024-09-04
1613,262500000,2025-05-30
1614,170000000,2024-04-20
1615,181600000,2024-08-18
1616,71000000,2024-02-19
1617,118800000,2024-01-05
1618,817525861,2024-05-16
1619,142100000,2024-03-15
1620,323000000,2024-02-25
1621,358200000,2023-10-14
1622,326900000,2024-05-09
1623,267800000,2025-04-20
1624,373700000,2024-04-26
1625,225600000,2023-11-09
1626,240500000,2024-06-02
1627,378100000,2025-05-14
1628,129700000,2024-09-17
1629,103500000,2023-11-28
1630,169100000,2024-04-30
1631,358400000,2024-12-14
1632,123900000,2024-02-27
1633,197900000,2025-07-15
1634,100600000,2025-06-16
1635,471600000,2025-06-09
1636,161300000,2025-04-21
1637,406200000,2024-09-22
1638,328400000,2025-03-31
1639,248600000,2024-08-03
1640,334200000,2024-02-24
1641,420200000,2024-01-27
1642,194800000,2025-01-23
1643,55000000,2024-06-16
1644,154700000,2024-01-14
1645,265500000,2024-06-16
1646,237400000,2025-06-10
1647,427800000,2024-08-23
1648,240500000,2023-11-05
1649,283600000,2025-03-07
1650,176200000,2024-07-13
1651,450800000,2024-02-15
1652,367000000,2025-03-12
1653,268500000,2025-09-17
1654,471200000,2024-07-05
1655,264300000,2025-05-30
1656,62700000,2024-11-08
1657,491400000,2024-12-23
1658,442600000,2025-05-15
1659,492700000,2025-03-15
1660,183300000,2025-05-15
1661,74600000,2025-09-14
1662,315790414,2025-03-12
1663,427900000,2024-11-06
1664,205100000,2024-12-12
1665,119600000,2024-07-08
1666,384700000,2025-08-27
1667,424400000,2023-11-14
1668,408400000,2024-10-08
1669,125300000,2024-11-29
1670,416100000,2023-10-20
1671,402100000,2025-05-07
1672,368100000,2025-02-06
1673,437000000,2024-06-27
1674,113500000,2025-06-09
1675,422300000,2024-11-27
1676,351900000,2025-02-18
1677,288200000,2024-08-02
1678,279600000,2023-12-19
1679,441100000,2023-11-12
1680,136200000,2025-08-07
1681,153400000,2023-12-03
1682,229800000,2023-12-22
1683,278100000,2025-02-14
1684,447700000,2025-02-09
1685,109300000,2023-12-08
1686,98300000,2024-12-24
1687,400100000,2025-10-19
1688,428700000,2025-09-21
1689,463000000,2025-07-09
1690,387600000,2024-12-04
1691,491000000,2025-07-04
1692,175900000,2024-12-03
1693,408600000,2025-07-05
1694,497000000,2024-03-24
1695,498200000,2023-12-12
1696,93400000,2024-07-23
1697,348300000,2024-11-28
1698,137700000,2024-12-06
1699,429000000,2025-04-18
1700,368700000,2025-02-25
1701,644905094,2025-07-27
1702,58600000,2025-07-01
1703,334200000,2024-11-19
1704,131800000,2024-11-06
1705,89400000,2025-10-18
1706,52400000,2024-11-13
1707,102700000,2024-09-04
1708,496800000,2025-01-10
1709,107800000,2024-07-29
1710,110300000,2024-07-16
1711,208700000,2024-08-21
1712,323700000,2024-05-28
1713,306400000,2024-10-28
1714,203000000,2023-11-04
1715,82600000,2024-04-07
1716,881912613,2025-05-07
1717,323600000,2024-12-21
1718,662817432,2023-12-19
1719,259500000,2024-06-14
1720,182700000,2024-04-03
1721,105300000,2024-04-28
1722,127300000,2023-12-23
1723,429900000,2025-01-10
1724,243600000,2025-05-09
1725,191200000,2024-02-11
1726,183100000,2024-12-29
1727,98400000,2025-05-01
1728,210700000,2023-12-27
1729,91500000,2024-06-16
1730,134500000,2025-09-04
1731,211400000,2025-04-16
1732,490100000,2025-02-27
1733,434700000,2024-05-06
1734,265900000,2024-06-19
1735,216300000,2024-05-21
1736,372100000,2024-01-09
1737,298300000,2024-10-11
1738,204400000,2023-12-11
1739,156000000,2024-05-20
1740,259400000,2023-12-30
1741,487200000,2024-10-22
1742,304800000,2024-12-21
1743,427500000,2023-12-09
1744,78400000,2024-08-18
1745,352900000,2024-10-12
1746,213300000,2024-10-16
1747,153600000,2024-12-12
1748,466100000,2024-05-07
1749,61000000,2024-04-12
1750,150300000,2025-04-06
1751,296500000,2023-12-20
1752,235100000,2024-06-21
1753,186800000,2024-06-09
1754,278800000,2025-06-01
1755,184000000,2024-07-21
1756,232300000,2025-01-15
1757,300870058,2023-12-02
1758,316600000,2025-02-26
1759,154800000,2025-05-20
1760,235700000,2025-04-14
1761,78700000,2025-02-13
1762,202700000,2023-10-22
1763,242200000,2024-06-17
1764,438000000,2023-11-17
1765,399600000,2025-04-09
1766,457800000,2024-03-19
1767,452500000,2025-05-07
1768,406100000,2025-02-09
1769,227500000,2024-07-08
1770,333500000,2023-11-30
1771,199900000,2023-11-17
1772,250400000,2025-06-18
1773,55100000,2023-11-26
1774,230000000,2023-12-13
1775,349300000,2025-02-23
1776,351700000,2023-10-12
1777,272500000,2024-03-13
1778,162300000,2025-03-25
1779,215340887,2024-10-27
1780,226600000,2023-12-18
1781,73100000,2024-11-08
1782,216300000,2023-11-01
1783,378189992,2024-06-10
1784,423600000,2024-07-12
1785,374100000,2024-07-24
1786,393800000,2025-01-30
1787,339100000,2024-10-16
1788,430400000,2025-02-18
1789,56500000,2025-08-12
1790,307200000,2024-04-12
1791,264400000,2025-08-25
1792,250300000,2024-01-02
1793,385800000,2025-04-02
1794,460000000,2024-08-30
1795,134800000,2024-09-24
1796,474800000,2024-10-08
1797,85100000,2024-03-08
1798,165800000,2025-07-17
1799,341800000,2025-03-10
1800,228900000,2024-09-02
1801,1180782910,2024-06-01
1802,209600000,2025-04-07
1803,390500000,2024-06-25
1804,279800000,2025-04-30
1805,204200000,2024-08-15
1806,88400000,2025-05-21
1807,180600000,2025-05-17
1808,378700000,2024-01-04
1809,257700000,2025-06-10
1810,408400000,2025-01-23
1811,222500000,2024-12-28
1812,271800000,2025-03-05
1813,124400000,2023-11-21
1814,262100000,2024-11-20
1815,389000000,2025-04-24
1816,176200000,2025-07-12
1817,331100000,2024-10-01
1818,411463551,2024-02-15
1819,110500000,2024-08-11
1820,340700000,2024-09-13
1821,166400000,2025-06-07
1822,172500000,2024-02-19
1823,215700000,2025-03-26
1824,140666811,2025-07-31
1825,457000000,2024-08-01
1826,438400000,2025-04-14
1827,336100000,2025-02-04
1828,145800000,2024-12-10
1829,240500000,2024-01-19
1830,85000000,2025-06-30
1831,137600000,2024-10-19
1832,251345049,2025-04-10
1833,355100000,2024-11-18
1834,484800000,2024-04-27
1835,195500000,2025-08-28
1836,377100000,2024-09-10
1837,407200000,2024-05-08
1838,485700000,2025-03-17
1839,277400000,2024-10-16
1840,96700000,2025-04-20
1841,182100000,2024-02-22
1842,271300000,2024-07-27
1843,101100000,2024-10-09
1844,460900000,2024-10-17
1845,494200000,2025-09-14
1846,278811967,2024-05-04
1847,336100000,2025-04-28
1848,382600000,2024-01-01
1849,55100000,2023-12-19
1850,154300000,2025-04-23
1851,486800000,2024-07-20
1852,351900000,2023-11-18
1853,331300000,2025-01-04
1854,439200000,2025-08-12
1855,301400000,2025-06-04
1856,462900000,2024-06-05
1857,489400000,2024-05-16
1858,186500000,2025-09-02
1859,184300000,2023-09-15
1860,271600000,2023-10-23
1861,83700000,2025-08-09
1862,243700000,2025-01-23
1863,369700000,2024-04-03
1864,409000000,2024-09-15
1865,182700000,2023-11-13
1866,88900000,2024-04-07
1867,378300000,2025-01-23
1868,145700000,2023-11-25
1869,152300000,2023-11-05
1870,493300000,2024-01-24
1871,871749050,2024-06-02
1872,373000000,2023-12-09
1873,429500000,2024-01-31
1874,190000000,2024-09-08
1875,279379522,2025-10-06
1876,301700000,2025-05-22
1877,141800000,2024-06-30
1878,80000000,2025-05-26
1879,395100000,2024-06-08
1880,470200000,2023-12-25
1881,57800000,2024-11-04
1882,384700000,2024-03-11
1883,341800000,2023-12-22
1884,375600000,2023-12-02
1885,402200000,2024-08-10
1886,978308630,2024-05-12
1887,285500000,2025-09-17
1888,451600000,2024-11-09
1889,411300000,2025-07-03
1890,420100000,2025-04-04
1891,478500000,2023-09-18
1892,405800000,2024-09-11
1893,59300000,2025-07-05
1894,308500000,2024-08-24
1895,463300000,2024-07-07
1896,66300000,2023-10-25
1897,438500000,2024-04-15
1898,485000000,2024-05-07
1899,161100000,2025-05-11
1900,164500000,2025-03-18
1901,55800000,2024-08-31
1902,357600000,2025-06-29
1903,159700000,2024-06-23
1904,385700000,2025-09-09
1905,112700000,2025-03-09
1906,267500000,2024-01-16
1907,225300000,2025-09-01
1908,262300000,2025-06-13
1909,392700000,2025-08-07
1910,467000000,2024-12-12
1911,150900000,2023-09-26
1912,216300000,2025-06-25
1913,469400000,2024-01-29
1914,60200000,2024-06-22
1915,159100000,2025-06-28
1916,418800000,2024-02-07
1917,131600000,2025-08-05
1918,303500000,2025-03-24
1919,173700000,2024-09-02
1920,294500000,2025-07-23
1921,79000000,2024-09-23
1922,59800000,2024-12-05
1923,370200000,2023-12-15
1924,58100000,2025-05-27
1925,161800000,2024-08-20
1926,123200000,2025-07-03
1927,83700000,2024-01-12
1928,309000000,2025-09-14
1929,422500000,2024-05-12
1930,200400000,2025-04-30
1931,117400000,2025-03-31
1932,197600000,2025-04-06
1933,114600000,2024-07-27
1934,344100000,2023-10-08
1935,311800000,2025-03-02
1936,259100000,2024-06-27
1937,305500000,2023-12-14
1938,157000000,2023-10-01
1939,492600000,2025-02-16
1940,482300000,2024-02-24
1941,213200000,2024-05-29
1942,51600000,2025-05-27
1943,53900000,2024-05-28
1944,52100000,2024-04-15
1945,86600000,2025-02-21
1946,368200000,2024-01-05
1947,595833355,2024-12-13
1948,172900000,2024-01-14
1949,388200000,2024-02-15
1950,97900000,2025-02-09
1951,162800000,2024-09-27
1952,460200000,2023-11-16
1953,387100000,2023-12-16
1954,127500000,2023-11-24
1955,333400000,2024-02-22
1956,229400000,2025-01-02
1957,1136913919,2024-07-11
1958,123300000,2023-11-27
1959,305600000,2024-01-02
1960,363600000,2024-09-03
1961,303200000,2024-09-25
1962,310300000,2024-01-08
1963,337600000,2025-08-29
1964,497100000,2024-02-17
1965,346200000,2024-09-03
1966,272700000,2023-11-19
1967,404500000,2024-07-27
1968,276400000,2025-07-03
1969,497800000,2025-05-28
1970,326300000,2024-11-10
1971,381900000,2025-06-08
1972,353900000,2024-12-02
1973,147000000,2024-12-14
1974,93300000,2024-12-15
1975,115600000,2025-01-05
1976,131000000,2024-10-30
1977,465600000,2024-06-19
1978,329100000,2025-06-26
1979,478100000,2024-12-25
1980,435000000,2025-02-18
1981,83000000,2023-12-14
1982,338200000,2024-05-22
1983,160500000,2025-06-21
1984,338600000,2024-06-18
1985,251400000,2025-01-10
1986,383000000,2024-06-15
1987,88000000,2023-12-31
1988,162100000,2025-09-01
1989,137700000,2025-04-25
1990,108300000,2024-10-14
1991,303800000,2024-07-10
1992,451800000,2024-03-30
1993,162000000,2024-05-31
1994,329600000,2025-10-03
1995,65400000,2023-12-16
1996,133300000,2025-01-29
1997,807396080,2025-07-31
1998,297100000,2023-11-27
1999,322200000,2023-10-24
2000,391200000,2024-01-02
2001,220500000,2024-04-05
2002,462800000,2025-02-03
2003,194400000,2024-08-14
2004,438500000,2024-11-12
2005,387000000,2024-10-15
2006,72600000,2024-12-01
2007,156600000,2025-06-27
2008,353900000,2024-05-30
2009,96800000,2023-10-24
2010,76500000,2024-01-27
2011,388500000,2024-02-13
2012,270000000,2025-02-24
2013,377700000,2025-09-23
2014,220900000,2025-01-18
2015,413300000,2024-11-14
2016,375700000,2024-07-08
2017,154200000,2024-03-21
2018,335100000,2025-01-20
2019,421600000,2025-04-05
2020,420800000,2024-08-29
2021,188900000,2023-10-12
2022,354200000,2025-03-26
2023,234400000,2024-12-16
2024,250400000,2024-02-09
2025,319100000,2024-09-08
2026,208600000,2024-10-31
2027,334100000,2024-04-29
2028,182400000,2025-04-12
2029,378800000,2025-01-18
2030,126100000,2024-11-20
2031,112200000,2024-09-11
2032,256300000,2024-12-08
2033,71600000,2024-07-23
2034,136700000,2024-02-09
2035,132200000,2025-04-12
2036,164400000,2023-11-05
2037,313200000,2024-12-05
2038,453600000,2025-06-12
2039,343200000,2024-04-30
2040,462400000,2024-01-20
2041,160500000,2025-08-19
2042,311200000,2024-01-16
2043,57000000,2024-05-03
2044,328514988,2025-05-28
2045,373100000,2025-08-19
2046,93100000,2025-02-15
2047,111300000,2025-07-05
2048,181300000,2025-05-15
2049,427900000,2024-02-15
2050,480600000,2024-06-03
2051,123800000,2024-12-25
2052,60100000,2025-05-03
2053,131200000,2024-03-31
2054,478700000,2024-04-09
2055,197500000,2023-11-19
2056,66100000,2023-11-21
2057,229500000,2024-08-02
2058,332900000,2024-09-26
2059,234600000,2024-07-27
2060,492826150,2024-05-09
2061,278100000,2025-08-24
2062,264500000,2024-06-02
2063,424400000,2025-02-24
2064,241500000,2025-04-13
2065,473900000,2025-08-26
2066,59000000,2025-06-29
2067,77200000,2024-06-12
2068,445700000,2025-05-27
2069,394500000,2025-03-08
2070,228600000,2024-10-11
2071,299500000,2024-11-19
2072,163800000,2024-05-14
2073,74300000,2025-02-17
2074,438700000,2023-10-27
2075,451800000,2024-12-05
2076,487300000,2024-07-19
2077,488700000,2024-03-29
2078,142500000,2023-11-07
2079,491200000,2023-12-02
2080,250900000,2025-02-07
2081,366500000,2023-12-04
2082,134300000,2024-08-17
2083,143700000,2025-08-15
2084,474000000,2024-03-29
2085,192400000,2025-02-24
2086,200600000,2025-09-13
2087,365200000,2025-03-31
2088,63700000,2024-01-17
2089,317100000,2025-06-16
2090,54800000,2024-07-26
2091,384000000,2024-04-07
2092,268100000,2024-10-02
2093,158000000,2025-09-25
2094,259500000,2024-02-24
2095,467800000,2024-02-14
2096,386700000,2024-03-06
2097,282400000,2025-09-25
2098,260100000,2023-12-11
2099,109500000,2023-12-10
2100,499000000,2025-06-10
2101,405300000,2025-08-23
2102,128300000,2025-03-18
2103,104400000,2025-03-24
2104,77600000,2024-02-11
2105,313200000,2025-01-03
2106,160900000,2025-04-27
2107,240100000,2024-09-10
2108,353100000,2024-11-03
2109,417400000,2024-08-07
2110,452000000,2024-12-14
2111,129400000,2024-06-26
2112,120500000,2023-11-03
2113,212400000,2024-11-28
2114,290700000,2025-07-23
2115,155400000,2025-01-30
2116,436000000,2024-12-28
2117,114200000,2025-02-21
2118,333700000,2025-03-10
2119,349600000,2025-02-06
2120,251300000,2023-12-30
2121,497200000,2023-12-29
2122,245400000,2023-11-03
2123,326800000,2024-10-12
2124,433700000,2025-06-19
2125,84800000,2024-11-17
2126,232100000,2023-10-02
2127,330900000,2023-11-04
2128,180100000,2024-08-28
2129,485600000,2025-06-06
2130,327600000,2025-03-16
2131,357900000,2025-04-08
2132,448200000,2025-08-29
2133,372200000,2025-04-19
2134,267800000,2025-03-08
2135,185000000,2025-09-24
2136,179400000,2024-04-15
2137,371400000,2024-02-25
2138,261100000,2025-07-16
2139,283700000,2025-01-02
2140,498900000,2025-06-29
2141,187500000,2024-10-10
2142,361200000,2023-11-25
2143,416700000,2024-07-09
2144,339400000,2024-01-05
2145,105500000,2024-06-26
2146,334100000,2025-01-06
2147,301900000,2023-12-14
2148,94500000,2024-02-03
2149,381400000,2025-03-28
2150,455400000,2024-09-14
2151,248900000,2024-01-22
2152,132100000,2025-06-14
2153,442400000,2025-08-07
2154,373400000,2023-10-14
2155,233300000,2025-10-10
2156,67700000,2024-07-30
2157,472900000,2024-03-08
2158,118800000,2024-11-11
2159,215200000,2024-03-15
2160,200900000,2025-01-26
2161,389200000,2024-12-31
2162,92800000,2024-06-28
2163,119400000,2025-01-06
2164,437600000,2023-12-21
2165,180900000,2025-01-28
2166,387200000,2024-11-06
2167,446800000,2025-06-15
2168,306800000,2023-12-05
2169,157900000,2025-06-06
2170,135400000,2024-10-22
2171,199400000,2025-03-28
2172,457700000,2025-03-04
2173,470500000,2024-02-28
2174,497800000,2024-06-20
2175,353100000,2023-11-19
2176,366800000,2025-09-13
2177,147700000,2024-02-16
2178,314300000,2024-11-11
2179,454300000,2025-08-17
2180,366500000,2025-02-02
2181,316300000,2024-08-17
2182,167700000,2024-03-19
2183,102000000,2024-03-31
2184,861225458,2025-05-20
2185,106600000,2024-06-28
2186,325700000,2024-09-17
2187,84600000,2023-12-11
2188,255700000,2024-04-02
2189,271400000,2024-01-29
2190,322000000,2023-12-26
2191,426600000,2025-02-11
2192,268900000,2024-04-01
2193,475900000,2023-10-22
2194,187800000,2024-06-01
2195,443600000,2025-07-09
2196,120800000,2024-09-02
2197,362500000,2024-04-04
2198,168300000,2025-06-13
2199,79400000,2024-12-30
2200,431700000,2024-01-01
2201,496100000,2024-10-22
2202,312400000,2025-07-11
2203,464100000,2023-10-18
2204,114900000,2024-05-03
2205,323300000,2025-01-07
2206,130500000,2025-08-21
2207,229700000,2024-09-04
2208,298800000,2024-09-12
2209,474800000,2024-08-18
2210,189900000,2024-09-30
2211,654019247,2024-11-09
2212,351100000,2024-11-23
2213,92100000,2024-04-15
2214,143200000,2024-06-15
2215,415600000,2023-10-02
2216,437500000,2024-03-02
2217,160300000,2024-10-16
2218,170600000,2025-08-22
2219,299200000,2025-05-30
2220,106500000,2025-03-26
2221,219800000,2024-08-04
2222,117400000,2023-11-22
2223,325800000,2025-04-27
2224,284800000,2025-05-31
2225,418400000,2025-04-12
2226,528782438,2025-09-13
2227,390400000,2024-01-13
2228,372800000,2024-09-08
2229,109200000,2024-07-18
2230,109100000,2025-02-12
2231,101300000,2024-12-12
2232,251700000,2024-06-10
2233,324300000,2024-01-17
2234,86800000,2025-06-07
2235,286300000,2024-07-15
2236,434000000,2025-02-24
2237,289500000,2023-11-14
2238,480800000,2024-06-25
2239,283800000,2024-10-31
2240,131800000,2024-09-25
2241,625720146,2025-09-05
2242,87100000,2025-02-07
2243,498800000,2024-03-12
2244,101101169,2023-11-15
2245,128500000,2024-05-16
2246,166000000,2024-02-10
2247,277600000,2025-03-19
2248,164500000,2024-02-21
2249,259700000,2025-02-15
2250,347800000,2024-08-06
2251,282000000,2024-09-24
2252,401700000,2024-08-23
2253,276600000,2024-03-15
2254,364200000,2025-08-09
2255,251700000,2025-03-03
2256,353800000,2025-01-21
2257,154200000,2024-10-28
2258,454500000,2025-07-01
2259,210900000,2024-09-14
2260,561697577,2025-09-02
2261,390100000,2025-06-28
2262,199609763,2024-10-21
2263,489300000,2025-06-04
2264,146500000,2024-06-29
2265,168000000,2024-02-27
2266,139100000,2025-04-22
2267,139900000,2024-02-23
2268,387200000,2024-01-27
2269,138000000,2023-11-17
2270,137698026,2024-09-01
2271,487000000,2024-03-08
2272,110500000,2025-02-13
2273,118000000,2024-02-13
2274,381100000,2024-12-20
2275,149900000,2024-05-18
2276,111100000,2024-08-26
2277,98100000,2024-09-06
2278,130000000,2023-09-15
2279,287000000,2024-06-28
2280,407200000,2025-09-06
2281,80700000,2025-07-02
2282,188700000,2024-06-22
2283,228400000,2025-09-21
2284,193700000,2025-03-09
2285,281800000,2024-06-21
2286,465000000,2025-01-16
2287,404400000,2024-07-09
2288,794435300,2023-11-16
2289,440200000,2025-01-17
2290,197400000,2025-06-10
2291,132100000,2023-09-28
2292,164600000,2025-07-12
2293,435800000,2024-10-24
2294,269500000,2024-10-09
2295,209100000,2023-11-21
2296,286900000,2024-02-14
2297,370020541,2024-07-07
2298,322700000,2024-06-06
2299,422000000,2024-05-15
2300,68400000,2024-03-27
2301,129700000,2025-07-12
2302,453800000,2024-02-04
2303,393300000,2024-02-06
2304,62100000,2024-01-24
2305,354100000,2024-10-03
2306,392600000,2023-12-06
2307,469400000,2023-12-13
2308,458600000,2025-01-19
2309,76100000,2024-02-01
2310,138400000,2025-04-13
2311,182800000,2024-02-15
2312,343900000,2024-04-27
2313,406400000,2023-11-26
2314,292000000,2024-10-06
2315,493600000,2024-03-10
2316,374500000,2024-01-30
2317,178500000,2025-03-10
2318,89900000,2025-02-14
2319,51600000,2024-03-05
2320,358400000,2023-11-16
2321,166800000,2024-11-15
2322,433900000,2025-01-23
2323,250700000,2025-07-23
2324,400500000,2025-03-24
2325,392400000,2024-10-23
2326,110700000,2025-07-07
2327,69600000,2025-01-14
2328,150800000,2024-05-20
2329,230700000,2024-06-23
2330,421500000,2024-04-24
2331,408200000,2025-02-18
2332,452100000,2024-06-05
2333,130500000,2025-01-20
2334,414600000,2024-03-02
2335,230700000,2025-01-19
2336,468800000,2025-07-29
2337,163100000,2024-05-15
2338,167100000,2024-12-18
2339,311700000,2025-07-18
2340,296700000,2024-01-18
2341,289700000,2024-08-09
2342,162100000,2024-06-19
2343,483900000,2024-04-02
2344,309400000,2024-03-31
2345,498109530,2025-08-18
2346,153600000,2024-09-03
2347,68700000,2024-01-23
2348,257400000,2024-10-14
2349,143100000,2025-04-08
2350,113400000,2025-07-01
2351,493000000,2025-05-29
2352,100100000,2025-03-19
2353,206400000,2025-04-28
2354,84400000,2024-01-21
2355,499600000,2024-05-08
2356,446200000,2023-12-27
2357,119700000,2025-03-24
2358,440300000,2023-09-26
2359,491600000,2023-11-03
2360,281200000,2023-10-15
2361,104500000,2024-09-26
2362,55200000,2023-10-27
2363,258900000,2025-03-29
2364,399300000,2025-06-13
2365,424100000,2025-01-24
2366,164800000,2025-03-14
2367,165900000,2023-12-02
2368,416200000,2025-01-23
2369,336600000,2024-02-11
2370,63100000,2024-10-16
2371,210700000,2024-01-09
2372,425700000,2024-11-24
2373,117600000,2024-06-02
2374,393200000,2023-09-22
2375,230700000,2025-10-09
2376,380000000,2024-07-15
2377,68700000,2024-09-30
2378,491300000,2025-07-27
2379,78100000,2024-09-16
2380,64300000,2024-04-09
2381,96700000,2025-05-06
2382,60500000,2024-09-08
2383,104000000,2024-02-09
2384,481400000,2025-04-01
2385,238500000,2023-11-27
2386,1002044396,2024-01-21
2387,260000000,2024-09-21
2388,499300000,2025-04-13
2389,164200000,2024-11-21
2390,73500000,2025-08-06
2391,385100000,2025-08-09
2392,190800000,2025-10-06
2393,120100000,2023-10-10
2394,429900000,2024-08-03
2395,174700000,2025-03-06
2396,309700000,2024-01-18
2397,320000000,2025-04-08
2398,126000000,2025-05-19
2399,85700000,2024-07-05
2400,90700000,2024-04-02
2401,328400000,2024-01-09
2402,378900000,2025-04-05
2403,62800000,2025-04-27
2404,163700000,2025-05-18
2405,125300000,2024-10-03
2406,494600000,2024-10-14
2407,279900000,2024-02-07
2408,339300000,2024-01-23
2409,295500000,2024-10-02
2410,249600000,2023-10-30
2411,725488281,2025-08-03
2412,378400000,2025-02-18
2413,210600000,2024-08-01
2414,53900000,2024-01-11
2415,158600000,2025-05-12
2416,331300000,2025-06-06
2417,141400000,2024-03-21
2418,427400000,2024-10-22
2419,336700000,2024-11-10
2420,299300000,2024-12-26
2421,495400000,2024-08-22
2422,439600000,2024-10-10
2423,470800000,2024-10-08
2424,247000000,2023-11-14
2425,492200000,2025-09-10
2426,485000000,2024-08-12
2427,352500000,2025-04-07
2428,137700000,2025-05-19
2429,140200000,2025-02-05
2430,253700000,2024-12-12
2431,446200000,2024-12-10
2432,433100000,2023-12-13
2433,331966649,2024-11-14
2434,375200000,2025-01-30
2435,162100000,2024-06-16
2436,355600000,2025-01-01
2437,476500000,2025-07-31
2438,189300000,2025-06-28
2439,273700000,2025-06-09
2440,1068875698,2023-12-30
2441,280000000,2024-07-03
2442,346200000,2023-12-12
2443,57400000,2024-04-22
2444,468000000,2025-09-18
2445,116100000,2024-01-26
2446,270300000,2023-09-27
2447,115900000,2023-10-29
2448,327200000,2024-12-06
2449,165800000,2024-04-27
2450,354900000,2024-12-16
2451,185800000,2024-08-10
2452,362300000,2024-07-03
2453,390800000,2025-06-10
2454,142300000,2025-04-16
2455,368000000,2024-11-05
2456,52400000,2024-02-18
2457,168700000,2024-07-27
2458,279500000,2024-10-03
2459,443000000,2024-02-29
2460,324100000,2023-12-02
2461,137200000,2025-06-30
2462,57700000,2025-04-30
2463,427600000,2025-01-04
2464,465400000,2023-11-15
2465,547296461,2024-10-11
2466,248300000,2024-07-09
2467,440100000,2024-11-22
2468,499000000,2025-03-09
2469,107100000,2024-02-24
2470,199200000,2024-03-26
2471,261500000,2024-10-16
2472,57100000,2025-09-02
2473,161000000,2025-07-14
2474,967462904,2024-03-07
2475,290600000,2025-09-18
2476,100200000,2025-09-16
2477,303900000,2024-12-07
2478,55900000,2024-09-30
2479,274400000,2024-01-23
2480,207700000,2024-09-03
2481,466600000,2025-01-19
2482,198400000,2024-04-16
2483,362600000,2024-04-24
2484,293591825,2024-08-31
2485,290800000,2024-01-16
2486,473800000,2024-04-03
2487,407300000,2024-09-24
2488,364300000,2024-09-07
2489,67700000,2024-02-29
2490,395600000,2023-11-10
2491,478400000,2025-03-12
2492,275000000,2025-03-03
2493,424300000,2025-06-08
2494,117200000,2025-07-22
2495,50000000,2025-01-22
2496,217400000,2025-09-02
2497,384600000,2025-02-27
2498,109000000,2025-07-31
2499,156500000,2024-01-18
2500,358300000,2025-10-24
